0,0,0,591,95,2,1,0,0,0,396,0
4,0,0,591,95,2,1,0,0,0,396,0
8,0,0,591,96,2,1,0,0,0,396,0
12,0,0,591,96,2,1,0,0,0,396,0
16,0,0,593,96,2,1,0,0,0,397,0
20,0,0,592,97,2,1,0,0,0,397,0
24,0,0,592,97,2,1,0,0,0,398,0
28,0,0,592,97,2,1,0,0,0,398,0
32,0,0,592,98,2,1,0,0,0,399,0
36,0,0,592,99,2,1,0,0,0,399,0
40,0,0,593,99,2,1,0,0,0,400,0
44,0,0,593,100,2,1,0,0,0,401,0
48,0,0,593,100,2,1,0,0,0,401,0
52,0,0,593,101,2,1,0,0,0,402,0
56,0,0,593,101,2,1,0,0,0,403,0
60,0,0,593,102,2,1,0,0,0,403,0
64,0,0,593,103,2,1,0,0,0,404,0
68,0,0,594,103,2,1,0,0,0,405,0
72,0,0,593,104,2,1,0,0,0,405,0
76,0,0,593,104,2,1,0,0,0,405,0
80,0,0,593,105,2,1,0,0,0,406,0
84,0,0,592,105,2,1,0,0,0,405,0
88,0,0,591,105,2,1,0,0,0,404,0
92,0,0,589,106,2,1,0,0,0,402,0
96,0,0,590,106,2,1,0,0,0,401,0
100,0,0,589,107,2,1,0,0,0,399,0
104,0,0,588,107,2,1,0,0,0,397,0
108,0,0,590,107,2,1,0,0,0,396,0
112,0,0,588,107,2,1,0,0,0,394,0
116,0,0,588,107,2,1,0,0,0,393,0
120,0,0,586,107,2,1,0,0,0,390,0
124,0,0,588,107,2,1,0,0,0,389,0
128,0,0,587,107,2,1,0,0,0,387,0
132,0,0,587,108,2,1,0,0,0,385,0
136,0,0,587,108,2,1,0,0,0,384,0
140,0,0,587,108,2,1,0,0,0,383,0
144,0,0,586,108,2,1,0,0,0,381,0
148,0,0,585,109,2,1,0,0,0,379,0
152,0,0,585,109,2,1,0,0,0,377,0
156,0,0,584,109,2,1,0,0,0,375,0
160,0,0,583,109,2,1,0,0,0,372,0
164,0,0,583,110,2,1,0,0,0,369,0
168,0,0,583,110,2,1,0,0,0,367,0
172,0,0,583,110,2,1,0,0,0,365,0
176,0,0,583,111,2,1,0,0,0,363,0
180,0,0,582,111,2,1,0,0,0,361,0
184,0,0,581,112,2,2,0,0,0,358,0
188,0,0,581,112,2,2,0,0,0,356,0
192,0,0,581,113,2,2,0,0,0,354,0
196,0,0,581,113,2,2,0,0,0,352,0
200,0,0,580,114,2,2,0,0,0,350,0
204,0,0,580,114,2,2,0,0,0,348,0
208,0,0,580,115,2,3,0,0,0,346,0
212,0,0,579,115,3,3,1,0,0,343,0
216,0,0,579,116,3,3,1,0,0,341,0
220,0,0,579,117,3,3,1,0,0,339,0
224,0,0,578,117,3,3,1,0,0,337,0
228,0,0,578,118,3,3,1,0,0,335,0
232,0,0,578,119,4,4,1,0,0,333,0
236,0,0,578,119,4,4,1,0,0,332,0
240,0,0,577,120,4,4,1,0,0,329,0
244,0,0,577,120,4,5,2,0,0,328,0
248,0,0,576,121,4,5,2,0,0,325,0
252,0,0,576,121,4,5,0,0,0,323,0
256,0,0,575,122,1,0,-2,0,0,321,0
260,0,0,575,122,1,1,-2,0,0,318,0
264,0,0,574,122,1,1,-2,0,0,316,0
268,0,0,575,122,2,2,-1,0,0,314,0
272,0,0,574,122,2,2,-1,0,0,312,0
276,0,0,575,122,3,3,-1,0,0,311,0
280,0,0,573,121,4,4,0,0,0,308,0
284,0,0,573,120,5,5,0,0,0,306,0
288,0,0,572,119,6,6,1,0,0,303,0
292,0,0,571,118,7,7,1,0,0,300,0
296,0,0,571,117,8,9,2,0,0,298,0
300,0,0,571,115,10,10,3,0,0,295,0
304,0,0,570,114,11,12,5,0,0,293,0
308,0,0,570,112,13,13,5,0,0,290,0
312,0,0,570,110,14,15,7,0,0,288,0
316,0,0,570,108,16,17,8,0,0,286,0
320,0,0,570,106,18,19,10,0,0,284,0
324,0,0,570,104,20,21,11,0,0,282,0
328,0,0,570,102,22,23,12,0,0,281,0
332,0,0,570,100,24,25,14,0,0,280,0
336,0,0,570,97,26,28,15,0,0,278,0
340,0,0,570,95,28,30,17,0,0,277,0
344,0,0,571,92,31,32,18,0,0,277,0
348,0,0,571,90,33,35,20,0,0,277,0
352,0,0,571,87,36,37,22,0,0,276,0
356,0,0,572,85,38,40,24,0,0,277,0
360,0,0,572,82,41,42,26,0,0,277,0
364,0,0,572,79,43,45,28,0,0,277,0
368,0,0,572,76,46,48,30,0,0,278,0
372,0,0,572,73,49,51,31,0,0,278,0
376,0,0,573,70,51,54,34,0,0,279,0
380,0,0,573,67,54,56,36,0,0,279,0
384,0,0,574,65,57,59,38,0,0,281,0
388,0,0,574,61,60,62,40,0,0,282,0
392,0,0,575,59,63,65,42,0,0,284,0
396,0,0,575,55,66,68,44,0,0,285,0
400,0,0,574,52,68,71,46,0,0,286,0
404,0,0,575,49,72,74,48,0,0,287,0
408,0,0,575,46,74,77,50,0,0,288,0
412,0,0,575,43,78,80,53,0,0,289,0
416,0,0,577,39,81,83,55,0,0,291,0
420,0,0,577,36,84,86,57,0,0,293,0
424,0,0,577,33,87,90,59,0,0,295,0
428,0,0,579,30,90,93,61,0,0,298,0
432,0,0,579,27,93,96,64,0,0,300,0
436,0,0,579,23,96,99,66,0,0,302,0
440,0,0,578,20,99,102,68,0,0,304,0
444,0,0,579,17,102,106,70,0,0,306,0
448,0,0,578,14,106,109,73,0,0,307,0
452,0,0,578,11,109,112,1,0,13,308,0
456,0,0,577,8,112,115,3,0,13,308,0
460,0,0,577,6,115,118,5,-1,13,308,0
464,0,0,577,3,118,121,7,-1,13,309,0
468,0,0,577,1,120,124,10,-1,13,309,0
472,0,0,578,-2,123,127,12,0,12,309,0
476,0,0,579,-4,126,130,14,-1,10,311,0
480,0,0,579,-6,129,133,16,0,11,312,0
484,0,0,580,-8,132,135,17,-1,10,314,0
488,0,0,580,-10,134,138,20,-1,10,315,0
492,0,0,580,-12,137,141,1,0,10,317,0
496,0,0,581,-13,140,143,3,-1,9,318,0
500,0,0,581,-14,142,146,5,0,9,320,0
504,0,0,581,-15,144,148,6,-1,9,322,0
508,0,0,582,-15,146,150,8,-1,8,323,0
512,0,0,584,-15,148,152,9,-1,6,326,0
516,0,0,584,-15,150,155,11,-1,7,329,0
520,0,0,585,-15,152,156,12,-1,6,332,0
524,0,0,586,-14,154,158,13,-1,5,335,0
528,0,0,587,-13,156,160,15,-1,4,339,0
532,0,0,587,-13,158,162,16,0,4,342,0
536,0,0,588,-12,159,163,17,-1,4,346,0
540,0,0,589,-11,161,164,18,-1,3,350,0
544,0,0,589,-10,162,166,19,-1,3,353,0
548,0,0,590,-9,163,167,20,-1,3,357,0
552,0,0,591,-8,164,168,21,-1,2,361,0
556,0,0,591,-7,166,169,22,0,2,364,0
560,0,0,592,-6,167,170,22,-1,2,368,0
564,0,0,592,-5,168,171,23,0,2,371,0
568,0,0,592,-4,168,172,24,-1,3,374,0
572,0,0,592,-3,169,173,24,-1,3,377,0
576,0,0,592,-2,170,174,25,-1,3,380,0
580,0,0,591,-1,171,175,26,-1,5,381,0
584,0,0,591,-1,172,176,26,0,5,383,0
588,0,0,590,0,172,176,26,-1,7,383,0
592,0,0,590,1,173,177,27,-1,7,384,0
596,0,0,590,1,174,178,28,-1,7,385,0
600,0,0,589,2,174,178,28,-1,8,385,0
604,0,0,589,3,175,179,29,-1,8,384,0
608,0,0,589,3,175,180,29,-1,8,384,0
612,0,0,590,3,176,180,29,-1,7,385,0
616,0,0,588,4,176,180,29,-1,10,384,0
620,0,0,588,4,177,181,30,-1,9,383,0
624,0,0,588,4,177,181,30,-1,9,383,0
628,0,0,589,4,178,182,30,-1,8,383,0
632,0,0,588,5,178,182,31,-1,9,382,0
636,0,0,587,5,178,182,31,-1,10,381,0
640,0,0,587,5,178,182,31,-1,10,380,0
644,0,0,587,5,178,182,31,-1,10,379,0
648,0,0,587,5,178,183,31,-1,10,379,0
652,0,0,586,5,178,183,31,-1,11,377,0
656,0,0,586,5,178,182,31,-1,11,376,0
660,0,0,586,5,178,182,31,-1,11,375,0
664,0,0,586,5,178,182,31,-1,11,374,0
668,0,0,586,5,177,182,30,-1,11,373,0
672,0,0,586,5,177,182,30,-1,10,372,0
676,0,0,586,4,177,182,30,-1,10,372,0
680,0,0,586,4,177,181,30,-1,10,371,0
684,0,0,587,4,176,181,30,-1,9,371,0
688,0,0,587,4,176,181,30,-1,9,371,0
692,0,0,586,4,176,180,29,-1,10,371,0
696,0,0,585,3,176,180,29,-1,11,369,0
700,0,0,586,3,176,180,29,-1,10,369,0
704,0,0,585,3,175,179,29,-1,11,368,0
708,0,0,585,3,175,179,29,-1,11,367,0
712,0,0,584,3,174,178,28,-1,12,366,0
716,0,0,584,3,174,178,28,-1,12,365,0
720,0,0,582,2,174,178,28,-1,14,362,0
724,0,0,583,2,173,177,27,-1,13,361,0
728,0,0,583,2,173,177,27,-1,13,359,0
732,0,0,582,2,172,176,26,-1,14,357,0
736,0,0,582,2,172,176,26,-1,13,356,0
740,0,0,581,2,171,176,26,-1,14,354,0
744,0,0,581,1,171,175,26,-1,14,352,0
748,0,0,581,1,170,175,25,-1,14,350,0
752,0,0,580,1,170,175,25,-1,15,348,0
756,0,0,580,1,170,174,25,-1,15,346,0
760,0,0,579,1,169,174,25,-1,16,344,0
764,0,0,579,1,169,174,25,-1,15,342,0
768,0,0,580,1,169,174,25,-1,14,340,0
772,0,0,580,1,169,174,25,-1,13,339,0
776,0,0,581,1,168,174,24,-1,12,339,0
780,0,0,581,1,168,174,24,-1,12,338,0
784,0,0,581,1,168,173,24,-1,12,338,0
788,0,0,581,1,168,173,24,-1,12,338,0
792,0,0,582,1,168,173,24,-1,11,338,0
796,0,0,582,1,167,173,24,-1,11,338,0
800,0,0,582,1,167,173,24,-1,11,339,0
804,0,0,582,1,167,173,24,-1,11,339,0
808,0,0,580,1,166,173,23,-1,13,338,0
812,0,0,580,1,166,172,23,-1,13,337,0
816,0,0,580,1,166,172,23,-1,13,336,0
820,0,0,579,1,166,172,23,-1,14,335,0
824,0,0,578,1,166,172,23,-1,15,333,0
828,0,0,579,1,166,172,23,-1,14,332,0
832,0,0,579,1,166,172,23,-1,14,331,0
836,0,0,580,1,166,172,23,-1,12,331,0
840,0,0,578,1,165,173,23,-2,15,329,0
844,0,0,578,1,165,173,23,-2,14,328,0
848,0,0,578,1,165,173,23,-2,14,327,0
852,0,0,579,1,165,173,23,-2,13,326,0
856,0,0,579,1,165,173,23,-2,13,326,0
860,0,0,579,1,165,173,23,-2,13,326,0
864,0,0,579,1,165,173,23,-2,13,325,0
868,0,0,579,1,165,173,23,-2,13,325,0
872,0,0,579,1,165,173,23,-2,13,325,0
876,0,0,579,1,166,174,24,-2,13,325,0
880,0,0,578,1,166,174,24,-2,14,324,0
884,0,0,578,1,166,174,24,-2,14,323,0
888,0,0,578,1,166,174,24,-2,14,322,0
892,0,0,577,1,166,174,24,-2,15,321,0
896,0,0,578,1,166,174,24,-2,13,321,0
900,0,0,578,1,166,175,24,-2,13,320,0
904,0,0,578,1,166,175,24,-2,13,320,0
908,0,0,579,1,166,175,24,-2,12,320,0
912,0,0,578,1,167,176,25,-2,13,320,0
916,0,0,578,1,167,176,25,-2,13,320,0
920,0,0,578,1,167,176,25,-2,13,319,0
924,0,0,578,1,167,177,25,-2,13,319,0
928,0,0,578,1,168,177,25,-2,13,319,0
932,0,0,578,1,168,178,26,-2,13,319,0
936,0,0,577,1,168,178,26,-2,14,318,0
940,0,0,577,1,169,179,26,-2,14,317,0
944,0,0,577,1,170,180,27,-2,14,316,0
948,0,0,579,1,170,180,27,-2,11,317,0
952,0,0,577,1,171,181,28,-2,14,316,0
956,0,0,577,1,171,182,28,-2,14,316,0
960,0,0,578,1,172,182,29,-2,13,316,0
964,0,0,578,1,173,183,29,-2,13,316,0
968,0,0,578,1,174,184,30,-2,13,316,0
972,0,0,579,1,174,184,30,-2,11,317,0
976,0,0,580,1,175,185,31,-2,10,318,0
980,0,0,582,1,176,186,31,-2,8,320,0
984,0,0,582,1,177,187,32,-2,8,322,0
988,0,0,584,1,178,188,32,-2,6,325,0
992,0,0,585,1,178,188,33,-2,5,329,0
996,0,0,585,1,179,189,33,-2,6,332,0
1000,0,0,585,1,179,190,34,-2,6,335,0
1004,0,0,586,1,180,190,34,-2,5,338,0
1008,0,0,586,1,180,190,34,-2,6,340,0
1012,0,0,585,1,180,191,35,-2,7,342,0
1016,0,0,586,1,180,191,35,-2,6,345,0
1020,0,0,586,1,180,191,35,-2,7,347,0
1024,0,0,587,1,180,191,35,-2,6,349,0
1028,0,0,587,1,180,192,35,-3,6,351,0
1032,0,0,586,1,180,192,35,-3,7,353,0
1036,0,0,586,1,180,192,35,-3,8,354,0
1040,0,0,586,1,180,192,35,-3,8,355,0
1044,0,0,586,1,180,192,35,-3,8,356,0
1048,0,0,585,1,180,192,35,-3,9,356,0
1052,0,0,585,1,180,192,35,-3,9,357,0
1056,0,0,584,1,181,192,35,-2,11,356,0
1060,0,0,585,1,181,192,35,-2,9,357,0
1064,0,0,585,1,181,192,35,-2,9,357,0
1068,0,0,585,1,181,192,35,-2,9,357,0
1072,0,0,585,1,181,193,36,-3,10,357,0
1076,0,0,585,1,181,193,36,-3,10,358,0
1080,0,0,586,1,181,193,36,-3,8,358,0
1084,0,0,586,1,181,193,36,-3,8,359,0
1088,0,0,586,1,181,193,36,-3,9,360,0
1092,0,0,587,1,181,193,36,-3,7,361,0
1096,0,0,586,1,181,193,36,-3,9,361,0
1100,0,0,587,1,181,193,36,-3,8,362,0
1104,0,0,587,1,181,193,36,-3,8,363,0
1108,0,0,587,1,181,193,36,-3,8,364,0
1112,0,0,587,1,181,193,36,-3,8,365,0
1116,0,0,587,1,182,193,36,-2,8,365,0
1120,0,0,587,1,182,193,36,-2,8,366,0
1124,0,0,586,1,182,193,36,-2,9,366,0
1128,0,0,586,1,181,193,36,-3,9,366,0
1132,0,0,586,1,181,193,36,-3,9,366,0
1136,0,0,586,1,181,193,36,-3,9,366,0
1140,0,0,587,1,181,193,36,-3,8,366,0
1144,0,0,586,1,181,193,36,-3,10,366,0
1148,0,0,586,1,181,193,36,-3,10,366,0
1152,0,0,587,1,181,193,36,-3,8,367,0
1156,0,0,586,1,181,193,36,-3,10,367,0
1160,0,0,588,1,181,193,36,-3,7,368,0
1164,0,0,586,1,181,193,36,-3,10,367,0
1168,0,0,586,1,181,193,36,-3,10,367,0
1172,0,0,586,1,181,193,36,-3,10,367,0
1176,0,0,586,1,181,193,36,-3,10,367,0
1180,0,0,586,1,181,193,36,-3,10,367,0
1184,0,0,586,1,181,193,36,-3,10,367,0
1188,0,0,586,1,181,193,36,-3,10,366,0
1192,0,0,586,1,181,193,36,-3,10,366,0
1196,0,0,586,1,181,193,36,-3,10,366,0
1200,0,0,586,1,181,193,36,-3,10,366,0
1204,0,0,586,1,181,193,36,-3,10,366,0
1208,0,0,586,1,181,193,36,-3,10,366,0
1212,0,0,586,1,180,193,36,-3,9,366,0
1216,0,0,586,1,180,193,35,-3,9,366,0
1220,0,0,586,1,180,193,35,-3,9,366,0
1224,0,0,585,1,180,193,35,-3,11,365,0
1228,0,0,585,1,180,193,35,-3,11,365,0
1232,0,0,585,1,180,193,35,-3,11,364,0
1236,0,0,585,1,180,193,35,-3,10,364,0
1240,0,0,586,1,180,193,35,-3,9,364,0
1244,0,0,585,1,180,193,35,-3,10,363,0
1248,0,0,585,1,180,192,35,-3,10,363,0
1252,0,0,585,1,180,192,35,-3,10,363,0
1256,0,0,585,1,180,192,35,-3,10,362,0
1260,0,0,585,1,179,192,35,-3,10,362,0
1264,0,0,585,1,179,192,35,-3,10,362,0
1268,0,0,585,1,179,192,35,-3,10,361,0
1272,0,0,585,1,179,192,35,-3,10,361,0
1276,0,0,585,1,179,192,35,-3,10,361,0
1280,0,0,585,1,178,192,34,-3,10,361,0
1284,0,0,585,1,178,192,34,-3,10,361,0
1288,0,0,585,1,178,192,34,-3,10,361,0
1292,0,0,584,1,178,192,34,-3,11,360,0
1296,0,0,585,1,178,192,34,-3,10,360,0
1300,0,0,585,1,178,191,34,-3,10,360,0
1304,0,0,586,1,177,191,34,-3,9,360,0
1308,0,0,586,1,177,191,34,-3,9,361,0
1312,0,0,586,1,177,191,34,-3,9,361,0
1316,0,0,586,1,177,191,34,-3,9,362,0
1320,0,0,585,1,176,191,33,-3,10,361,0
1324,0,0,585,1,176,190,33,-3,10,361,0
1328,0,0,584,1,176,190,33,-3,11,360,0
1332,0,0,584,1,176,190,33,-3,11,360,0
1336,0,0,584,1,176,190,33,-3,11,359,0
1340,0,0,585,1,175,190,32,-3,10,359,0
1344,0,0,585,1,175,190,32,-3,10,359,0
1348,0,0,587,1,175,189,32,-3,7,360,0
1352,0,0,586,1,175,189,32,-3,9,361,0
1356,0,0,585,1,175,189,32,-3,10,361,0
1360,0,0,586,1,174,189,32,-3,9,361,0
1364,0,0,585,1,174,189,32,-3,10,361,0
1368,0,0,585,1,174,189,32,-3,10,361,0
1372,0,0,586,1,174,188,31,-3,9,361,0
1376,0,0,584,1,174,188,31,-3,11,360,0
1380,0,0,584,1,174,188,31,-3,11,360,0
1384,0,0,583,1,174,188,31,-3,12,358,0
1388,0,0,584,1,174,188,31,-3,11,358,0
1392,0,0,584,1,174,188,31,-3,11,357,0
1396,0,0,584,1,174,188,31,-3,11,357,0
1400,0,0,585,1,174,188,31,-3,10,357,0
1404,0,0,586,1,174,189,32,-3,8,358,0
1408,0,0,585,1,174,189,32,-3,10,358,0
1412,0,0,585,1,174,189,32,-3,10,358,0
1416,0,0,584,1,174,189,32,-3,11,358,0
1420,0,0,586,1,174,190,32,-4,8,359,0
1424,0,0,585,1,175,190,32,-3,10,359,0
1428,0,0,585,1,175,190,32,-3,10,359,0
1432,0,0,585,1,175,190,32,-3,10,359,0
1436,0,0,585,1,175,191,33,-4,10,359,0
1440,0,0,586,1,176,192,34,-4,8,359,0
1444,0,0,585,1,176,192,34,-4,10,359,0
1448,0,0,584,1,177,192,34,-4,11,359,0
1452,0,0,582,1,177,193,34,-4,14,357,0
1456,0,0,585,1,178,194,35,-4,10,357,0
1460,0,0,584,1,178,195,35,-4,11,357,0
1464,0,0,584,1,179,196,36,-4,11,356,0
1468,0,0,585,1,180,196,36,-4,9,357,0
1472,0,0,585,1,180,197,37,-4,9,357,0
1476,0,0,585,1,181,198,37,-4,10,357,0
1480,0,0,587,1,182,199,38,-4,7,359,0
1484,0,0,587,1,183,200,39,-4,7,360,0
1488,0,0,589,1,184,201,40,-4,5,362,0
1492,0,0,590,1,185,202,40,-4,4,365,0
1496,0,0,592,1,186,203,41,-4,2,369,0
1500,0,0,593,1,187,204,42,-4,1,373,0
1504,0,0,593,1,188,204,42,-4,2,376,0
1508,0,0,594,1,188,205,43,-4,1,380,0
1512,0,0,595,1,189,206,43,-4,0,384,0
1516,0,0,595,1,189,206,43,-4,1,388,0
1520,0,0,596,1,190,207,44,-4,0,392,0
1524,0,0,597,1,190,207,44,-4,0,396,0
1528,0,0,596,1,191,208,44,-4,1,399,0
1532,0,0,598,1,191,208,45,-4,0,403,0
1536,0,0,598,1,191,208,45,-4,0,406,0
1540,0,0,598,1,192,209,45,-4,0,409,0
1544,0,0,598,1,192,209,45,-4,0,412,0
1548,0,0,598,1,193,210,46,-4,1,415,0
1552,0,0,598,1,193,210,46,-4,1,417,0
1556,0,0,598,1,194,211,47,-4,1,419,0
1560,0,0,598,1,194,212,47,-4,2,421,0
1564,0,0,598,1,195,212,48,-4,2,423,0
1568,0,0,600,1,196,213,48,-4,0,426,0
1572,0,0,601,1,196,214,49,-4,0,429,0
1576,0,0,602,1,197,214,49,-4,-1,432,0
1580,0,0,602,1,198,215,50,-4,0,435,0
1584,0,0,602,1,198,216,50,-4,0,438,0
1588,0,0,601,1,199,216,50,-4,1,440,0
1592,0,0,600,1,200,217,51,-4,2,441,0
1596,0,0,598,1,200,218,51,-4,5,441,0
1600,0,0,598,1,201,218,52,-4,5,441,0
1604,0,0,596,1,201,218,52,-4,7,439,0
1608,0,0,595,1,201,218,52,-4,8,437,0
1612,0,0,595,1,202,219,53,-4,8,436,0
1616,0,0,594,1,202,219,53,-4,9,433,0
1620,0,0,594,1,202,219,53,-4,9,432,0
1624,0,0,594,1,202,219,53,-4,9,430,0
1628,0,0,594,1,202,220,53,-4,8,428,0
1632,0,0,594,1,203,220,53,-4,8,427,0
1636,0,0,595,1,203,220,53,-4,7,426,0
1640,0,0,595,1,203,220,53,-4,6,426,0
1644,0,0,595,1,204,221,54,-4,6,425,0
1648,0,0,595,1,204,221,54,-4,6,425,0
1652,0,0,595,1,204,222,54,-4,6,424,0
1656,0,0,594,1,205,222,55,-4,7,423,0
1660,0,0,593,1,206,223,55,-4,9,422,0
1664,0,0,593,1,206,224,56,-4,8,420,0
1668,0,0,592,1,207,224,56,-4,9,418,0
1672,0,0,591,1,208,225,56,-4,10,416,0
1676,0,0,592,1,208,226,57,-4,9,415,0
1680,0,0,592,1,209,226,57,-4,9,413,0
1684,0,0,591,1,209,227,58,-4,10,412,0
1688,0,0,592,1,210,227,58,-4,8,411,0
1692,0,0,593,1,210,228,59,-4,7,410,0
1696,0,0,592,1,210,228,59,-4,8,410,0
1700,0,0,592,1,211,228,59,-4,8,409,0
1704,0,0,592,1,211,229,59,-4,8,408,0
1708,0,0,592,1,211,229,59,-4,8,408,0
1712,0,0,592,1,212,230,60,-4,8,407,0
1716,0,0,592,1,212,230,60,-4,8,406,0
1720,0,0,592,1,212,230,60,-4,8,406,0
1724,0,0,592,1,212,231,60,-4,7,406,0
1728,0,0,593,1,213,231,61,-4,6,406,0
1732,0,0,594,1,213,232,61,-4,5,407,0
1736,0,0,594,1,214,232,61,-4,5,407,0
1740,0,0,594,1,214,233,62,-4,5,408,0
1744,0,0,594,1,215,234,63,-4,5,409,0
1748,0,0,597,1,216,234,63,-4,2,411,0
1752,0,0,597,1,216,235,63,-4,2,413,0
1756,0,0,599,1,217,236,64,-4,0,416,0
1760,0,0,601,1,218,237,65,-4,-1,420,0
1764,0,0,602,1,218,237,65,-4,-2,425,0
1768,0,0,604,1,219,238,65,-4,-4,430,0
1772,0,0,606,1,219,238,65,-4,-6,435,0
1776,0,0,607,1,220,239,66,-4,-6,441,0
1780,0,0,608,1,220,240,67,-5,-7,447,0
1784,0,0,609,1,221,240,67,-4,-7,453,0
1788,0,0,609,1,222,241,68,-4,-6,458,0
1792,0,0,610,1,222,242,68,-4,-7,464,0
1796,0,0,610,1,223,242,68,-5,-6,468,0
1800,0,0,610,1,223,243,69,-5,-6,473,0
1804,0,0,612,1,224,243,69,-4,-7,478,0
1808,0,0,612,1,224,244,69,-5,-7,482,0
1812,0,0,612,1,225,245,70,-5,-6,487,0
1816,0,0,614,1,226,246,71,-5,-8,492,0
1820,0,0,615,1,227,246,71,-5,-9,497,0
1824,0,0,614,1,227,247,72,-5,-7,501,0
1828,0,0,615,1,228,248,72,-5,-7,505,0
1832,0,0,614,1,229,249,73,-5,-6,508,0
1836,0,0,615,1,230,250,74,-5,-6,511,0
1840,0,0,614,1,231,251,74,-4,-5,514,0
1844,0,0,615,1,232,252,75,-4,-6,517,0
1848,0,0,616,1,233,252,75,-4,-6,520,0
1852,0,0,616,1,234,253,76,-4,-6,523,0
1856,0,0,617,1,235,254,77,-5,-7,526,0
1860,0,0,618,1,236,255,77,-5,-8,529,0
1864,0,0,619,1,236,256,78,-5,-8,533,0
1868,0,0,619,1,237,256,78,-4,-8,536,0
1872,0,0,620,1,238,257,79,-4,-9,540,0
1876,0,0,620,1,239,258,80,-4,-8,543,0
1880,0,0,620,1,240,259,80,-4,-8,546,0
1884,0,0,621,1,241,260,81,-4,-9,549,0
1888,0,0,622,1,242,261,82,-4,-9,553,0
1892,0,0,623,1,242,262,82,-5,-10,557,0
1896,0,0,623,1,244,263,83,-5,-10,560,0
1900,0,0,623,1,244,264,84,-5,-9,563,0
1904,0,0,623,1,246,265,84,-5,-9,566,0
1908,0,0,624,1,247,266,85,-5,-10,569,0
1912,0,0,624,1,248,267,86,-4,-9,572,0
1916,0,0,625,1,249,268,87,-4,-10,575,0
1920,0,0,624,1,250,269,88,-4,-8,577,0
1924,0,0,625,1,251,270,88,-4,-9,580,0
1928,0,0,625,1,252,272,89,-4,-9,582,0
1932,0,0,626,1,254,273,90,-4,-10,585,0
1936,0,0,627,1,255,274,91,-5,-11,588,0
1940,0,0,628,1,256,275,92,-4,-12,591,0
1944,0,0,630,1,257,276,93,-4,-14,596,0
1948,0,0,632,1,258,277,93,-4,-16,601,0
1952,0,0,633,1,259,278,94,-4,-16,606,0
1956,0,0,633,1,260,279,95,-4,-15,610,0
1960,0,0,634,1,262,280,96,-4,-16,615,0
1964,0,0,635,1,263,281,96,-4,-17,620,0
1968,0,0,635,1,264,282,97,-4,-16,624,0
1972,0,0,636,1,265,284,98,-4,-17,629,0
1976,0,0,638,1,266,284,99,-4,-19,634,0
1980,0,0,638,1,267,286,100,-4,-18,639,0
1984,0,0,640,1,268,287,101,-4,-20,645,0
1988,0,0,641,1,270,288,101,-4,-20,650,0
1992,0,0,643,1,271,289,102,-4,-22,657,0
1996,0,0,643,1,272,291,103,-4,-21,662,0
2000,0,0,644,1,273,292,104,-4,-22,668,0
2004,0,0,645,1,275,293,105,-4,-22,674,0
2008,0,0,646,1,276,294,106,-4,-22,679,0
2012,0,0,647,1,278,296,107,-4,-23,685,0
2016,0,0,647,1,279,297,108,-4,-22,690,0
2020,0,0,648,1,280,298,109,-4,-23,696,0
2024,0,0,649,1,282,300,110,-4,-23,701,0
2028,0,0,651,1,283,301,111,-4,-25,707,0
2032,0,0,653,1,284,302,112,-4,-27,714,0
2036,0,0,654,1,286,303,113,-4,-27,720,0
2040,0,0,656,1,287,304,113,-4,-29,728,0
2044,0,0,657,1,288,306,114,-4,-29,735,0
2048,0,0,659,1,290,307,115,-4,-30,742,0
2052,0,0,659,1,291,308,116,-4,-29,749,0
2056,0,0,659,1,292,309,117,-4,-28,755,0
2060,0,0,660,1,293,310,118,-4,-29,761,0
2064,0,0,660,1,295,311,119,-4,-28,767,0
2068,0,0,660,1,296,313,120,-4,-27,772,0
2072,0,0,662,1,298,314,121,-4,-29,778,0
2076,0,0,663,1,299,315,122,-4,-29,783,0
2080,0,0,664,1,300,317,122,-4,-30,789,0
2084,0,0,666,1,302,318,124,-4,-32,795,0
2088,0,0,667,1,304,319,125,-4,-32,802,0
2092,0,0,669,1,305,321,126,-3,-34,809,0
2096,0,0,671,1,307,322,127,-4,-35,816,0
2100,0,0,671,1,308,323,128,-3,-34,823,0
2104,0,0,671,1,310,325,129,-3,-33,829,0
2108,0,0,671,1,311,326,130,-3,-32,835,0
2112,0,0,670,1,312,327,131,-3,-30,839,0
2116,0,0,670,1,314,328,132,-3,-30,843,0
2120,0,0,669,1,315,330,133,-3,-28,846,0
2124,0,0,670,1,317,331,134,-3,-29,849,0
2128,0,0,671,1,318,332,135,-3,-30,852,0
2132,0,0,671,1,319,333,135,-3,-29,855,0
2136,0,0,672,1,321,334,136,-3,-30,859,0
2140,0,0,672,1,322,336,137,-3,-30,862,0
2144,0,0,673,1,324,337,139,-3,-30,865,0
2148,0,0,672,1,325,338,139,-3,-29,868,0
2152,0,0,672,1,326,340,140,-3,-28,870,0
2156,0,0,672,1,328,341,141,-3,-28,872,0
2160,0,0,672,1,330,342,142,-3,-28,874,0
2164,0,0,672,1,331,344,144,-3,-27,875,0
2168,0,0,672,1,332,345,144,-3,-27,877,0
2172,0,0,673,1,334,346,145,-3,-28,879,0
2176,0,0,673,1,336,348,146,-3,-28,880,0
2180,0,0,674,1,337,349,147,-3,-29,883,0
2184,0,0,675,1,338,350,148,-3,-30,885,0
2188,0,0,674,1,340,352,150,-3,-28,887,0
2192,0,0,677,1,342,353,150,-3,-32,890,0
2196,0,0,677,1,343,354,151,-2,-32,893,0
2200,0,0,677,1,344,356,153,-3,-31,896,0
2204,0,0,677,1,346,357,154,-2,-31,898,0
2208,0,0,677,1,347,358,154,-2,-30,900,0
2212,0,0,676,1,349,360,155,-2,-29,902,0
2216,0,0,678,1,350,361,156,-2,-31,904,0
2220,0,0,681,1,352,362,157,-2,-35,908,0
2224,0,0,682,1,353,363,158,-2,-35,913,0
2228,0,0,682,1,354,365,159,-2,-35,916,0
2232,0,0,683,1,356,366,160,-2,-35,920,0
2236,0,0,684,1,358,367,161,-2,-36,925,0
2240,0,0,684,1,359,369,162,-2,-36,928,0
2244,0,0,685,1,361,370,163,-2,-36,933,0
2248,0,0,685,1,362,371,164,-2,-36,936,0
2252,0,0,686,1,364,373,165,-2,-36,940,0
2256,0,0,686,1,365,374,166,-2,-36,944,0
2260,0,0,686,1,367,376,168,-2,-35,947,0
2264,0,0,686,1,368,377,169,-2,-35,950,0
2268,0,0,686,1,370,378,170,-2,-35,952,0
2272,0,0,685,1,372,380,171,-2,-33,954,0
2276,0,0,684,1,374,381,172,-2,-32,955,0
2280,0,0,686,1,375,383,173,-1,-34,957,0
2284,0,0,684,1,377,384,174,-2,-31,957,0
2288,0,0,683,1,378,385,175,-1,-30,957,0
2292,0,0,683,1,380,387,176,-1,-30,957,0
2296,0,0,683,1,381,388,177,-1,-30,957,0
2300,0,0,682,1,383,389,178,-1,-29,957,0
2304,0,0,682,1,384,390,179,-1,-29,956,0
2308,0,0,681,1,386,392,180,-1,-27,955,0
2312,0,0,681,1,387,393,181,-1,-28,954,0
2316,0,0,680,1,389,394,182,-1,-26,952,0
2320,0,0,679,1,390,396,183,-1,-25,950,0
2324,0,0,679,1,392,397,184,-1,-26,949,0
2328,0,0,678,1,394,398,185,-1,-25,946,0
2332,0,0,678,1,395,400,186,-1,-25,944,0
2336,0,0,677,1,397,401,188,-1,-24,942,0
2340,0,0,677,1,398,402,188,-1,-24,940,0
2344,0,0,677,1,400,404,190,-1,-25,938,0
2348,0,0,677,1,402,405,191,0,-25,936,0
2352,0,0,675,1,404,407,192,0,-23,933,0
2356,0,0,675,1,405,408,193,0,-23,931,0
2360,0,0,675,1,407,409,194,0,-23,928,0
2364,0,0,675,1,408,411,195,0,-24,926,0
2368,0,0,675,1,410,412,196,0,-24,925,0
2372,0,0,675,1,412,414,197,0,-24,923,0
2376,0,0,676,1,413,415,198,0,-26,922,0
2380,0,0,677,1,415,416,199,0,-27,922,0
2384,0,0,677,1,416,418,200,0,-27,922,0
2388,0,0,678,1,418,419,202,0,-28,922,0
2392,0,0,678,1,420,420,203,0,-28,923,0
2396,0,0,679,1,421,422,204,0,-30,924,0
2400,0,0,679,1,423,423,205,0,-29,924,0
2404,0,0,681,1,425,424,206,0,-32,926,0
2408,0,0,680,1,426,426,207,0,-30,928,0
2412,0,0,680,1,428,427,208,0,-30,929,0
2416,0,0,681,1,430,429,209,0,-31,930,0
2420,0,0,681,1,431,430,210,0,-31,932,0
2424,0,0,681,1,433,432,212,0,-31,933,0
2428,0,0,682,1,435,433,212,0,-32,935,0
2432,0,0,682,1,436,434,213,0,-32,936,0
2436,0,0,681,1,438,436,215,0,-30,937,0
2440,0,0,682,1,440,437,216,0,-31,939,0
2444,0,0,682,1,441,438,217,0,-31,940,0
2448,0,0,682,1,443,440,218,0,-31,941,0
2452,0,0,682,1,444,441,219,0,-31,942,0
2456,0,0,682,1,446,442,220,1,-31,943,0
2460,0,0,682,1,448,444,221,1,-31,944,0
2464,0,0,683,1,449,445,222,1,-32,945,0
2468,0,0,684,1,451,446,223,1,-33,947,0
2472,0,0,684,1,452,448,224,1,-33,948,0
2476,0,0,685,1,454,449,225,1,-34,950,0
2480,0,0,686,1,456,450,226,1,-35,953,0
2484,0,0,687,1,457,452,227,1,-35,956,0
2488,0,0,688,1,459,453,228,1,-36,959,0
2492,0,0,689,1,460,455,230,1,-37,962,0
2496,0,0,691,1,462,456,230,1,-39,967,0
2500,0,0,693,1,463,458,232,1,-41,972,0
2504,0,0,694,1,464,460,232,1,-42,977,0
2508,0,0,698,1,466,461,234,1,-46,984,0
2512,0,0,700,1,467,463,235,1,-47,992,0
2516,0,0,701,1,468,464,236,1,-48,999,0
2520,0,0,705,1,470,466,237,1,-52,1008,0
2524,0,0,707,1,471,467,238,1,-53,1018,0
2528,0,0,708,1,473,469,239,1,-53,1027,0
2532,0,0,710,1,474,470,240,1,-54,1036,0
2536,0,0,710,1,476,471,241,1,-53,1045,0
2540,0,0,710,1,477,473,242,1,-52,1053,0
2544,0,0,711,1,478,474,243,1,-52,1060,0
2548,0,0,712,1,480,475,244,1,-52,1067,0
2552,0,0,693,1,481,476,245,1,-27,1062,0
2556,0,0,659,1,482,476,245,1,14,1037,0
2560,0,0,628,1,483,477,246,1,50,996,0
2564,0,0,587,1,484,477,246,1,96,933,0
2568,0,0,575,1,484,478,246,1,100,870,0
2572,0,0,565,1,485,478,247,1,100,807,0
2576,0,0,551,1,485,478,247,1,100,741,0
2580,0,0,546,1,485,478,247,1,100,679,0
2584,0,0,540,1,485,478,247,1,100,620,0
2588,0,0,538,1,485,477,246,2,100,565,0
2592,0,0,538,1,484,477,246,1,98,516,0
2596,0,0,540,1,484,476,246,2,88,473,0
2600,0,0,546,1,483,476,245,1,75,438,0
2604,0,0,551,1,482,475,245,2,64,409,0
2608,0,0,572,1,482,474,244,2,33,396,0
2612,0,0,589,1,481,474,244,1,10,395,0
2616,0,0,608,1,481,473,244,2,-13,405,0
2620,0,0,663,1,480,473,243,1,-81,448,0
2624,0,0,694,1,480,472,243,2,-100,506,0
2628,0,0,716,1,480,472,243,2,-100,571,0
2632,0,0,717,1,480,472,243,2,-100,630,0
2636,0,0,716,1,480,472,243,2,-100,683,0
2640,0,0,714,1,480,472,243,2,-100,729,0
2644,0,0,714,1,480,471,242,2,-100,771,0
2648,0,0,713,1,480,471,242,2,-93,808,0
2652,0,0,713,1,480,471,242,2,-88,841,0
2656,0,0,714,1,480,471,242,2,-85,872,0
2660,0,0,713,1,480,471,242,2,-80,898,0
2664,0,0,712,1,480,471,242,2,-75,922,0
2668,0,0,713,1,480,470,242,2,-73,944,0
2672,0,0,714,1,480,470,242,2,-71,964,0
2676,0,0,715,1,480,470,242,2,-69,983,0
2680,0,0,715,1,480,469,242,2,-67,1000,0
2684,0,0,717,1,480,469,242,2,-67,1016,0
2688,0,0,717,1,479,468,241,2,-64,1031,0
2692,0,0,717,1,479,467,241,3,-62,1044,0
2696,0,0,717,1,478,466,240,3,-61,1056,0
2700,0,0,717,1,478,465,240,3,-59,1067,0
2704,0,0,717,1,477,464,239,3,-57,1077,0
2708,0,0,718,1,476,463,239,3,-57,1086,0
2712,0,0,718,1,476,462,238,3,-56,1094,0
2716,0,0,719,1,475,461,237,3,-56,1103,0
2720,0,0,721,1,474,460,237,3,-58,1111,0
2724,0,0,721,1,474,459,236,3,-56,1119,0
2728,0,0,721,1,473,457,235,3,-55,1126,0
2732,0,0,721,1,472,456,234,4,-54,1132,0
2736,0,0,721,1,472,455,234,4,-53,1138,0
2740,0,0,721,1,471,454,233,4,-53,1143,0
2744,0,0,721,1,470,452,232,4,-52,1147,0
2748,0,0,720,1,470,451,232,4,-50,1151,0
2752,0,0,719,1,469,450,231,4,-48,1153,0
2756,0,0,718,1,469,449,231,5,-47,1155,0
2760,0,0,717,1,468,448,230,5,-45,1156,0
2764,0,0,716,1,468,447,230,5,-44,1156,0
2768,0,0,716,1,468,446,229,5,-44,1156,0
2772,0,0,715,1,467,446,229,5,-42,1156,0
2776,0,0,715,1,467,445,228,5,-43,1156,0
2780,0,0,715,1,467,444,228,5,-43,1155,0
2784,0,0,715,1,467,444,228,5,-43,1155,0
2788,0,0,716,1,467,444,228,5,-44,1155,0
2792,0,0,717,1,467,443,228,6,-45,1156,0
2796,0,0,720,1,466,443,227,5,-49,1159,0
2800,0,0,720,1,466,442,227,6,-48,1161,0
2804,0,0,721,1,466,442,227,6,-49,1164,0
2808,0,0,723,1,466,441,227,6,-52,1168,0
2812,0,0,723,1,465,440,226,6,-51,1171,0
2816,0,0,723,1,465,440,226,6,-51,1174,0
2820,0,0,723,1,465,439,226,6,-50,1177,0
2824,0,0,723,1,464,438,225,6,-50,1179,0
2828,0,0,722,1,464,437,225,6,-48,1181,0
2832,0,0,722,1,464,437,225,6,-48,1182,0
2836,0,0,722,1,464,436,224,7,-48,1183,0
2840,0,0,722,1,463,435,224,6,-48,1184,0
2844,0,0,722,1,463,435,223,7,-47,1185,0
2848,0,0,723,1,463,434,223,7,-49,1187,0
2852,0,0,723,1,463,434,223,7,-48,1188,0
2856,0,0,723,1,463,434,223,7,-48,1190,0
2860,0,0,725,1,463,434,223,7,-51,1192,0
2864,0,0,726,1,464,434,223,7,-51,1195,0
2868,0,0,725,1,464,434,223,7,-50,1196,0
2872,0,0,728,1,465,435,224,7,-53,1200,0
2876,0,0,729,1,465,436,225,7,-54,1204,0
2880,0,0,729,1,466,437,225,7,-54,1207,0
2884,0,0,730,1,467,438,226,7,-54,1211,0
2888,0,0,731,1,468,439,227,7,-55,1215,0
2892,0,0,731,1,468,440,227,7,-55,1218,0
2896,0,0,731,1,470,442,228,6,-54,1221,0
2900,0,0,731,1,471,443,229,6,-54,1224,0
2904,0,0,731,1,472,445,230,7,-53,1227,0
2908,0,0,732,1,473,446,231,6,-54,1229,0
2912,0,0,732,1,474,448,232,6,-54,1232,0
2916,0,0,735,1,476,450,233,6,-57,1236,0
2920,0,0,737,1,477,451,234,6,-59,1241,0
2924,0,0,738,1,479,453,235,6,-60,1246,0
2928,0,0,737,1,480,454,236,6,-58,1250,0
2932,0,0,737,1,482,456,238,6,-57,1254,0
2936,0,0,735,1,483,457,239,6,-54,1256,0
2940,0,0,734,1,485,459,240,6,-53,1257,0
2944,0,0,731,1,487,460,241,6,-49,1256,0
2948,0,0,729,1,488,462,242,6,-46,1254,0
2952,0,0,726,1,490,463,243,6,-43,1251,0
2956,0,0,725,1,492,465,245,6,-42,1247,0
2960,0,0,722,1,495,467,246,7,-39,1242,0
2964,0,0,720,1,497,468,247,7,-37,1236,0
2968,0,0,698,1,499,470,249,7,-10,1217,0
2972,0,0,657,1,502,472,250,7,38,1175,0
2976,0,0,589,1,504,473,252,7,100,1096,0
2980,0,0,567,1,506,475,253,7,100,1011,0
2984,0,0,553,1,509,476,254,8,100,927,0
2988,0,0,538,1,511,478,256,8,100,841,0
2992,0,0,536,1,513,480,258,8,100,763,0
2996,0,0,535,1,516,482,259,8,100,692,0
3000,0,0,536,1,518,483,260,8,100,629,0
3004,0,0,537,1,520,485,262,8,100,573,0
3008,0,0,541,1,522,487,263,8,95,525,0
3012,0,0,542,1,525,489,264,9,87,482,0
3016,0,0,543,1,527,490,266,9,80,444,0
3020,0,0,546,1,529,492,268,9,71,412,0
3024,0,0,547,1,532,495,269,9,65,383,0
3028,0,0,548,1,534,497,271,9,60,358,0
3032,0,0,550,1,536,499,272,9,54,337,0
3036,0,0,551,1,539,501,274,9,50,319,0
3040,0,0,551,1,541,503,276,9,47,302,0
3044,0,0,552,1,544,506,277,9,43,288,0
3048,0,0,552,1,546,508,279,9,41,275,0
3052,0,0,552,1,548,510,281,9,40,263,0
3056,0,0,552,1,551,513,283,9,38,252,0
3060,0,0,551,1,553,516,284,9,38,242,0
3064,0,0,550,1,556,518,287,9,38,233,0
3068,0,0,548,1,558,521,288,9,39,223,0
3072,0,0,549,1,561,524,290,9,36,215,0
3076,0,0,547,1,564,527,292,9,38,206,0
3080,0,0,546,1,566,530,294,9,38,197,0
3084,0,0,546,1,569,533,296,9,36,190,0
3088,0,0,547,1,571,536,298,9,34,184,0
3092,0,0,547,1,574,538,300,8,33,178,0
3096,0,0,547,1,576,541,302,8,33,173,0
3100,0,0,547,1,579,544,304,8,32,168,0
3104,0,0,547,1,581,547,306,8,31,164,0
3108,0,0,547,1,584,550,308,8,31,161,0
3112,0,0,547,1,586,553,310,8,30,157,0
3116,0,0,546,1,589,556,312,8,31,154,0
3120,0,0,546,1,592,559,314,8,30,151,0
3124,0,0,545,1,595,562,316,8,31,147,0
3128,0,0,544,1,597,565,318,8,32,143,0
3132,0,0,543,1,600,568,320,8,33,139,0
3136,0,0,543,1,603,571,322,7,32,136,0
3140,0,0,543,1,606,574,324,7,32,132,0
3144,0,0,542,1,609,577,326,7,32,129,0
3148,0,0,542,1,612,580,328,7,32,126,0
3152,0,0,542,1,614,583,331,7,32,123,0
3156,0,0,543,1,617,586,333,7,30,121,0
3160,0,0,542,1,620,590,335,7,31,118,0
3164,0,0,543,1,623,593,337,7,29,117,0
3168,0,0,543,1,626,596,340,7,29,116,0
3172,0,0,543,1,629,599,342,7,29,114,0
3176,0,0,543,1,632,602,344,7,29,113,0
3180,0,0,542,1,635,606,346,7,30,112,0
3184,0,0,542,1,638,609,348,7,30,110,0
3188,0,0,541,1,641,612,351,7,31,108,0
3192,0,0,541,1,644,615,353,7,30,106,0
3196,0,0,541,1,647,618,355,7,30,105,0
3200,0,0,541,1,650,622,357,7,30,104,0
3204,0,0,542,1,654,625,359,7,28,103,0
3208,0,0,541,1,657,628,362,7,30,102,0
3212,0,0,541,1,660,632,364,7,30,101,0
3216,0,0,540,1,663,635,366,7,31,99,0
3220,0,0,541,1,666,638,369,7,29,98,0
3224,0,0,541,1,669,642,371,7,29,98,0
3228,0,0,542,1,672,645,373,7,28,97,0
3232,0,0,542,1,676,648,376,6,28,97,0
3236,0,0,542,1,679,652,378,6,28,97,0
3240,0,0,542,1,682,655,380,6,28,97,0
3244,0,0,543,1,685,658,383,6,26,98,0
3248,0,0,543,1,688,662,385,6,26,98,0
3252,0,0,544,1,691,665,388,6,25,100,0
3256,0,0,546,1,694,669,390,6,23,102,0
3260,0,0,548,1,698,672,392,6,21,105,0
3264,0,0,550,1,701,676,394,6,19,109,0
3268,0,0,553,1,704,679,397,6,15,115,0
3272,0,0,554,1,707,682,399,6,15,120,0
3276,0,0,556,1,710,686,402,6,13,126,0
3280,0,0,559,1,714,689,404,6,10,134,0
3284,0,0,562,1,717,693,406,6,7,142,0
3288,0,0,564,1,720,696,409,6,6,151,0
3292,0,0,568,1,723,700,411,6,2,162,0
3296,0,0,571,1,727,703,413,6,0,173,0
3300,0,0,572,1,730,706,416,5,0,184,0
3304,0,0,576,1,733,710,418,6,-2,196,0
3308,0,0,578,1,736,713,421,5,-3,208,0
3312,0,0,583,1,740,717,423,5,-8,222,0
3316,0,0,585,1,743,720,426,5,-8,235,0
3320,0,0,588,1,747,724,428,5,-10,250,0
3324,0,0,594,1,750,728,431,5,-16,266,0
3328,0,0,597,1,753,731,433,5,-17,283,0
3332,0,0,599,1,756,734,436,5,-18,299,0
3336,0,0,603,1,760,738,438,5,-20,316,0
3340,0,0,603,1,763,741,440,5,-18,331,0
3344,0,0,605,1,766,745,442,5,-18,346,0
3348,0,0,604,1,768,748,445,5,-15,359,0
3352,0,0,603,1,771,752,447,5,-12,370,0
3356,0,0,603,1,774,755,449,4,-10,380,0
3360,0,0,605,1,776,759,451,4,-12,390,0
3364,0,0,607,1,779,762,454,4,-13,400,0
3368,0,0,611,1,782,766,456,4,-16,412,0
3372,0,0,621,1,784,769,458,4,-27,429,0
3376,0,0,631,1,786,772,460,3,-38,450,0
3380,0,0,651,1,789,776,462,3,-60,481,0
3384,0,0,654,1,792,779,464,3,-59,511,0
3388,0,0,653,1,794,782,466,3,-54,537,0
3392,0,0,675,1,797,785,468,3,-78,574,0
3396,0,0,691,1,799,788,470,3,-93,617,0
3400,0,0,705,1,802,790,472,3,-100,665,0
3404,0,0,722,1,805,793,474,3,-100,718,0
3408,0,0,726,1,808,796,476,3,-100,768,0
3412,0,0,727,1,811,799,478,2,-100,814,0
3416,0,0,716,1,814,802,480,2,-91,848,0
3420,0,0,704,1,817,805,482,3,-71,872,0
3424,0,0,689,1,819,807,484,3,-49,884,0
3428,0,0,662,1,822,810,486,3,-14,878,0
3432,0,0,649,1,824,812,488,3,1,866,0
3436,0,0,637,1,827,814,490,3,14,847,0
3440,0,0,615,1,829,816,491,3,40,816,0
3444,0,0,604,1,832,818,493,3,49,782,0
3448,0,0,582,1,834,820,494,3,72,738,0
3452,0,0,573,1,836,822,495,3,77,693,0
3456,0,0,566,1,837,824,497,3,80,648,0
3460,0,0,556,1,839,825,498,3,86,601,0
3464,0,0,554,1,841,827,499,3,82,558,0
3468,0,0,552,1,842,828,500,3,79,518,0
3472,0,0,555,1,844,830,502,3,70,484,0
3476,0,0,558,1,846,831,502,3,61,455,0
3480,0,0,561,1,847,833,504,3,53,431,0
3484,0,0,567,1,849,835,504,3,42,413,0
3488,0,0,570,1,851,837,506,3,36,398,0
3492,0,0,570,1,852,838,507,3,34,385,0
3496,0,0,568,1,854,840,509,3,35,372,0
3500,0,0,565,1,857,842,510,3,37,359,0
3504,0,0,559,1,859,845,512,3,42,343,0
3508,0,0,556,1,861,847,513,3,44,327,0
3512,0,0,552,1,863,849,515,3,47,310,0
3516,0,0,547,1,866,852,517,3,51,292,0
3520,0,0,544,1,868,854,519,3,52,273,0
3524,0,0,541,1,870,856,520,3,53,255,0
3528,0,0,537,1,873,859,522,3,56,236,0
3532,0,0,536,1,875,861,524,3,55,219,0
3536,0,0,536,1,878,864,525,3,52,203,0
3540,0,0,536,1,880,866,527,3,50,189,0
3544,0,0,539,1,882,869,529,3,44,178,0
3548,0,0,539,1,884,871,531,3,43,168,0
3552,0,0,540,1,886,873,532,3,40,160,0
3556,0,0,540,1,889,876,534,3,39,152,0
3560,0,0,541,1,891,878,535,3,36,146,0
3564,0,0,541,1,893,881,537,3,36,140,0
3568,0,0,541,1,895,883,539,3,35,136,0
3572,0,0,540,1,898,886,540,3,35,130,0
3576,0,0,539,1,900,888,542,3,36,125,0
3580,0,0,538,1,903,891,544,2,37,120,0
3584,0,0,536,1,905,894,546,3,38,114,0
3588,0,0,535,1,908,896,548,3,39,108,0
3592,0,0,534,1,910,899,550,2,39,102,0
3596,0,0,533,1,913,902,552,2,40,96,0
3600,0,0,533,1,916,905,554,3,39,91,0
3604,0,0,534,1,919,908,556,2,37,86,0
3608,0,0,537,1,922,910,558,2,32,84,0
3612,0,0,536,1,924,913,560,2,33,82,0
3616,0,0,537,1,927,916,562,2,32,81,0
3620,0,0,537,1,930,919,564,2,32,79,0
3624,0,0,538,1,933,922,566,2,30,78,0
3628,0,0,539,1,936,925,568,2,29,79,0
3632,0,0,540,1,939,928,570,2,28,79,0
3636,0,0,539,1,942,931,572,2,29,79,0
3640,0,0,539,1,944,934,575,2,29,79,0
3644,0,0,539,1,948,938,577,2,29,79,0
3648,0,0,538,1,951,941,579,2,30,78,0
3652,0,0,537,1,954,944,581,2,31,77,0
3656,0,0,537,1,957,947,584,2,31,76,0
3660,0,0,537,1,960,950,586,2,31,75,0
3664,0,0,536,1,963,954,588,2,32,74,0
3668,0,0,536,1,966,957,590,2,32,72,0
3672,0,0,536,1,969,960,593,2,32,71,0
3676,0,0,536,1,972,963,595,2,32,70,0
3680,0,0,537,1,975,966,597,2,30,70,0
3684,0,0,537,1,978,970,599,2,30,69,0
3688,0,0,536,1,982,973,602,2,31,69,0
3692,0,0,537,1,985,976,604,2,30,68,0
3696,0,0,537,1,988,980,607,2,30,68,0
3700,0,0,537,1,991,983,609,2,30,68,0
3704,0,0,536,1,994,986,611,2,31,67,0
3708,0,0,536,1,998,990,613,2,31,67,0
3712,0,0,536,1,1001,993,615,2,31,66,0
3716,0,0,536,1,1004,996,618,2,31,65,0
3720,0,0,536,1,1007,1000,620,2,31,65,0
3724,0,0,536,1,1011,1003,623,2,31,64,0
3728,0,0,536,1,1014,1006,625,1,31,64,0
3732,0,0,535,1,1017,1010,628,2,32,63,0
3736,0,0,535,1,1020,1013,630,1,32,62,0
3740,0,0,535,1,1024,1016,632,1,32,61,0
3744,0,0,535,1,1027,1020,635,1,31,61,0
3748,0,0,535,1,1030,1023,637,1,31,60,0
3752,0,0,535,1,1034,1027,639,1,31,60,0
3756,0,0,535,1,1037,1030,642,1,31,59,0
3760,0,0,536,1,1040,1034,645,1,30,59,0
3764,0,0,536,1,1043,1037,647,1,30,59,0
3768,0,0,536,1,1047,1040,649,1,30,59,0
3772,0,0,536,1,1050,1044,652,1,30,60,0
3776,0,0,535,1,1053,1047,654,1,31,59,0
3780,0,0,535,1,1056,1051,656,1,31,59,0
3784,0,0,535,1,1060,1054,659,1,31,58,0
3788,0,0,535,1,1063,1058,661,1,31,58,0
3792,0,0,536,1,1067,1061,664,1,30,58,0
3796,0,0,535,1,1070,1065,666,1,31,58,0
3800,0,0,536,1,1073,1068,669,1,30,58,0
3804,0,0,536,1,1077,1072,671,1,30,58,0
3808,0,0,536,1,1080,1075,674,1,30,58,0
3812,0,0,535,1,1083,1078,676,1,31,58,0
3816,0,0,535,1,1087,1082,679,1,31,58,0
3820,0,0,536,1,1090,1086,681,1,30,58,0
3824,0,0,537,1,1094,1089,684,1,28,59,0
3828,0,0,538,1,1097,1093,686,1,27,60,0
3832,0,0,539,1,1100,1096,689,1,26,62,0
3836,0,0,539,1,1104,1100,691,1,27,64,0
3840,0,0,539,1,1107,1103,693,0,27,65,0
3844,0,0,538,1,1110,1107,696,1,28,66,0
3848,0,0,538,1,1114,1110,698,0,28,67,0
3852,0,0,538,1,1117,1114,701,1,28,67,0
3856,0,0,538,1,1120,1117,703,0,29,68,0
3860,0,0,538,1,1124,1121,706,1,29,68,0
3864,0,0,538,1,1128,1124,708,0,29,69,0
3868,0,0,538,1,1131,1128,711,0,29,69,0
3872,0,0,538,1,1134,1132,713,0,29,69,0
3876,0,0,538,1,1138,1135,715,0,29,70,0
3880,0,0,537,1,1141,1138,718,0,30,69,0
3884,0,0,538,1,1145,1142,721,0,29,70,0
3888,0,0,537,1,1148,1146,723,0,30,69,0
3892,0,0,538,1,1152,1149,726,0,29,70,0
3896,0,0,538,1,1155,1153,728,0,29,70,0
3900,0,0,538,1,1158,1156,731,0,29,70,0
3904,0,0,537,1,1162,1160,733,0,30,70,0
3908,0,0,537,1,1166,1163,736,0,30,70,0
3912,0,0,537,1,1169,1167,738,0,30,69,0
3916,0,0,538,1,1172,1170,741,0,29,70,0
3920,0,0,538,1,1176,1174,743,0,29,70,0
3924,0,0,538,1,1180,1178,746,0,29,70,0
3928,0,0,539,1,1183,1181,748,0,28,71,0
3932,0,0,540,1,1186,1184,751,0,27,72,0
3936,0,0,540,1,1190,1188,753,0,27,74,0
3940,0,0,541,1,1193,1192,756,0,26,75,0
3944,0,0,542,1,1197,1195,758,0,25,78,0
3948,0,0,561,1,1200,1198,761,0,1,91,0
3952,0,0,581,1,1204,1202,763,0,-21,115,0
3956,0,0,602,1,1207,1206,766,0,-44,150,0
3960,0,0,640,1,1211,1209,768,0,-88,205,0
3964,0,0,654,1,1214,1213,771,0,-98,262,0
3968,0,0,663,1,1218,1216,774,0,-100,319,0
3972,0,0,674,1,1221,1220,776,0,-100,378,0
3976,0,0,678,1,1225,1223,779,0,-100,433,0
3980,0,0,680,1,1228,1227,781,0,-99,483,0
3984,0,0,684,1,1232,1230,784,0,-97,531,0
3988,0,0,685,1,1236,1234,786,0,-91,575,0
3992,0,0,686,1,1239,1237,789,0,-87,615,0
3996,0,0,686,1,1243,1241,791,0,-81,651,0
4000,0,0,685,1,1246,1244,794,0,-75,683,0
4004,0,0,683,1,1250,1248,796,0,-68,710,0
4008,0,0,682,1,1254,1252,799,0,-63,734,0
4012,0,0,679,1,1257,1255,801,0,-56,754,0
4016,0,0,674,1,1261,1259,804,0,-47,769,0
4020,0,0,670,1,1264,1262,807,0,-40,780,0
4024,0,0,667,1,1268,1266,809,0,-34,788,0
4028,0,0,657,1,1272,1270,812,0,-21,789,0
4032,0,0,653,1,1275,1273,814,0,-15,787,0
4036,0,0,644,1,1279,1277,817,0,-4,780,0
4040,0,0,630,1,1282,1280,820,0,12,766,0
4044,0,0,623,1,1286,1284,823,0,18,748,0
4048,0,0,612,1,1289,1288,825,0,30,726,0
4052,0,0,608,1,1293,1291,827,0,32,703,0
4056,0,0,607,1,1296,1295,829,0,30,682,0
4060,0,0,605,1,1299,1299,832,0,29,662,0
4064,0,0,604,1,1302,1302,835,0,28,643,0
4068,0,0,604,1,1305,1306,837,0,25,627,0
4072,0,0,601,1,1308,1310,839,0,27,610,0
4076,0,0,599,1,1311,1313,842,0,27,593,0
4080,0,0,598,1,1314,1317,844,0,26,578,0
4084,0,0,597,1,1317,1321,847,0,25,563,0
4088,0,0,598,1,1320,1324,849,-1,22,551,0
4092,0,0,601,1,1324,1328,851,-1,16,541,0
4096,0,0,603,1,1327,1331,854,-1,12,534,0
4100,0,0,606,1,1330,1334,856,-1,8,529,0
4104,0,0,608,1,1333,1338,859,-1,4,526,0
4108,0,0,609,1,1336,1341,861,-1,3,524,0
4112,0,0,611,1,1340,1345,863,-1,0,524,0
4116,0,0,613,1,1343,1348,866,-1,-2,524,0
4120,0,0,613,1,1346,1351,868,-1,-2,525,0
4124,0,0,613,1,1350,1355,870,-1,-2,525,0
4128,0,0,612,1,1353,1358,873,-1,0,525,0
4132,0,0,611,1,1356,1362,875,-1,0,524,0
4136,0,0,610,1,1360,1365,878,-1,1,523,0
4140,0,0,609,1,1363,1369,880,-1,2,521,0
4144,0,0,611,1,1366,1372,883,-1,0,521,0
4148,0,0,610,1,1370,1376,885,-1,1,520,0
4152,0,0,613,1,1373,1379,887,-1,-2,521,0
4156,0,0,616,1,1376,1382,890,-1,-6,524,0
4160,0,0,619,1,1379,1385,892,-1,-9,528,0
4164,0,0,624,1,1382,1388,894,-1,-15,535,0
4168,0,0,626,1,1385,1392,896,-1,-17,542,0
4172,0,0,630,1,1388,1395,899,-1,-21,552,0
4176,0,0,631,1,1392,1398,901,-1,-21,560,0
4180,0,0,634,1,1395,1401,903,-1,-23,570,0
4184,0,0,639,1,1398,1404,905,-1,-28,582,0
4188,0,0,642,1,1401,1407,908,-1,-30,594,0
4192,0,0,645,1,1404,1410,910,-1,-32,608,0
4196,0,0,649,1,1408,1413,912,-1,-35,622,0
4200,0,0,652,1,1411,1416,915,-1,-37,636,0
4204,0,0,654,1,1414,1420,917,-1,-38,651,0
4208,0,0,659,1,1418,1423,919,-1,-42,667,0
4212,0,0,661,1,1421,1426,921,-1,-42,682,0
4216,0,0,665,1,1424,1430,924,-1,-45,699,0
4220,0,0,666,1,1428,1433,926,-1,-44,714,0
4224,0,0,668,1,1431,1436,929,-1,-45,729,0
4228,0,0,672,1,1434,1439,931,-1,-48,745,0
4232,0,0,673,1,1438,1443,933,-1,-47,760,0
4236,0,0,676,1,1441,1446,936,-1,-48,776,0
4240,0,0,686,1,1444,1449,938,-1,-59,796,0
4244,0,0,693,1,1447,1453,940,-1,-65,818,0
4248,0,0,697,1,1450,1456,943,-1,-67,840,0
4252,0,0,704,1,1454,1459,946,-1,-72,865,0
4256,0,0,706,1,1457,1463,948,-1,-72,888,0
4260,0,0,708,1,1461,1466,950,-1,-71,910,0
4264,0,0,710,1,1464,1470,953,-1,-70,931,0
4268,0,0,710,1,1467,1473,955,-1,-67,950,0
4272,0,0,711,1,1471,1477,957,-1,-66,968,0
4276,0,0,711,1,1474,1480,960,-1,-64,984,0
4280,0,0,711,1,1478,1484,962,-1,-61,998,0
4284,0,0,711,1,1482,1487,965,-1,-59,1011,0
4288,0,0,711,1,1485,1491,967,-1,-58,1023,0
4292,0,0,711,1,1488,1494,970,-1,-56,1033,0
4296,0,0,710,1,1492,1498,973,-1,-53,1042,0
4300,0,0,712,1,1496,1502,975,-1,-55,1051,0
4304,0,0,710,1,1499,1505,978,-1,-51,1058,0
4308,0,0,710,1,1503,1509,980,-1,-50,1065,0
4312,0,0,710,1,1506,1512,1,-1,-49,1070,0
4316,0,0,708,1,1510,1516,3,-1,-46,1074,0
4320,0,0,708,1,1513,1520,6,-1,-45,1078,0
4324,0,0,706,1,1517,1523,8,-1,-42,1080,0
4328,0,0,707,1,1520,1527,11,-1,-43,1082,0
4332,0,0,706,1,1524,1530,13,-1,-41,1084,0
4336,0,0,706,1,1527,1534,16,-1,-41,1085,0
4340,0,0,706,1,1531,1538,18,-1,-41,1086,0
4344,0,0,706,1,1534,1541,21,-1,-41,1087,0
4348,0,0,706,1,1538,1545,24,-1,-41,1088,0
4352,0,0,707,1,1541,1548,26,-1,-42,1090,0
4356,0,0,707,1,1545,1552,29,-1,-42,1091,0
4360,0,0,707,1,1548,1555,31,-1,-41,1092,0
4364,0,0,708,1,1552,1559,34,-1,-43,1094,0
4368,0,0,709,1,1555,1562,36,-1,-44,1096,0
4372,0,0,708,1,1559,1566,39,-2,-42,1097,0
4376,0,0,708,1,1562,1570,41,-1,-42,1099,0
4380,0,0,708,1,1566,1574,44,-1,-42,1100,0
4384,0,0,708,1,1570,1577,47,-2,-42,1101,0
4388,0,0,709,1,1573,1581,49,-1,-43,1102,0
4392,0,0,708,1,1577,1584,52,-2,-41,1103,0
4396,0,0,708,1,1580,1588,55,-2,-41,1103,0
4400,0,0,706,1,1584,1592,57,-1,-39,1103,0
4404,0,0,707,1,1588,1596,60,-2,-40,1103,0
4408,0,0,706,1,1591,1599,63,-2,-39,1102,0
4412,0,0,705,1,1595,1603,65,-2,-37,1101,0
4416,0,0,705,1,1598,1606,68,-2,-38,1100,0
4420,0,0,706,1,1602,1610,70,-2,-39,1100,0
4424,0,0,707,1,1606,1614,73,-2,-40,1100,0
4428,0,0,708,1,1610,1618,75,-2,-41,1101,0
4432,0,0,708,1,1613,1622,78,-2,-41,1102,0
4436,0,0,708,1,1617,1625,81,-2,-41,1103,0
4440,0,0,708,1,1620,1629,83,-2,-41,1103,0
4444,0,0,707,1,1624,1633,86,-2,-40,1103,0
4448,0,0,708,1,1628,1636,89,-2,-41,1104,0
4452,0,0,707,1,1631,1640,92,-2,-40,1104,0
4456,0,0,708,1,1635,1644,94,-2,-41,1104,0
4460,0,0,707,1,1638,1648,97,-2,-40,1104,0
4464,0,0,707,1,1642,1651,99,-2,-40,1104,0
4468,0,0,707,1,1646,1655,102,-2,-40,1104,0
4472,0,0,706,1,1650,1659,104,-2,-38,1103,0
4476,0,0,706,1,1653,1662,107,-2,-39,1103,0
4480,0,0,707,1,1657,1666,110,-2,-40,1103,0
4484,0,0,706,1,1661,1670,112,-2,-39,1102,0
4488,0,0,707,1,1664,1674,115,-2,-40,1102,0
4492,0,0,707,1,1668,1677,117,-2,-40,1102,0
4496,0,0,707,1,1671,1681,120,-2,-40,1102,0
4500,0,0,707,1,1675,1684,123,-2,-40,1103,0
4504,0,0,707,1,1679,1688,126,-2,-40,1103,0
4508,0,0,708,1,1682,1692,128,-2,-41,1103,0
4512,0,0,707,1,1686,1696,131,-2,-40,1103,0
4516,0,0,708,1,1690,1699,134,-2,-41,1104,0
4520,0,0,708,1,1693,1703,136,-2,-41,1104,0
4524,0,0,707,1,1697,1707,139,-2,-40,1104,0
4528,0,0,708,1,1701,1710,141,-2,-41,1105,0
4532,0,0,707,1,1704,1714,144,-2,-40,1105,0
4536,0,0,708,1,1708,1718,147,-2,-41,1105,0
4540,0,0,708,1,1712,1722,149,-2,-41,1105,0
4544,0,0,708,1,1715,1726,152,-2,-41,1106,0
4548,0,0,708,1,1719,1729,155,-2,-41,1106,0
4552,0,0,709,1,1723,1733,157,-2,-42,1107,0
4556,0,0,709,1,1726,1736,160,-2,-42,1108,0
4560,0,0,708,1,1730,1740,163,-2,-40,1108,0
4564,0,0,708,1,1734,1744,165,-2,-40,1108,0
4568,0,0,709,1,1737,1748,168,-2,-42,1109,0
4572,0,0,709,1,1741,1751,170,-2,-42,1110,0
4576,0,0,709,1,1744,1755,173,-2,-41,1110,0
4580,0,0,710,1,1748,1759,176,-2,-43,1111,0
4584,0,0,710,1,1752,1762,178,-2,-42,1112,0
4588,0,0,711,1,1756,1766,181,-2,-44,1114,0
4592,0,0,711,1,1759,1770,184,-2,-43,1115,0
4596,0,0,712,1,1763,1774,186,-2,-44,1117,0
4600,0,0,712,1,1766,1778,189,-2,-44,1119,0
4604,0,0,712,1,1770,1781,192,-2,-44,1120,0
4608,0,0,713,1,1774,1785,194,-2,-45,1122,0
4612,0,0,713,1,1778,1789,197,-2,-45,1124,0
4616,0,0,714,1,1781,1792,200,-2,-46,1126,0
4620,0,0,715,1,1785,1796,202,-3,-47,1129,0
4624,0,0,715,1,1789,1800,205,-3,-46,1131,0
4628,0,0,716,1,1792,1804,208,-2,-47,1134,0
4632,0,0,717,1,1796,1808,211,-2,-48,1137,0
4636,0,0,719,1,1800,1811,213,-3,-50,1141,0
4640,0,0,718,1,1803,1815,216,-2,-48,1144,0
4644,0,0,717,1,1807,1819,218,-3,-47,1146,0
4648,0,0,717,1,1811,1822,221,-3,-47,1148,0
4652,0,0,717,1,1814,1826,224,-3,-46,1149,0
4656,0,0,717,1,1818,1830,226,-2,-46,1151,0
4660,0,0,717,1,1822,1834,229,-3,-46,1152,0
4664,0,0,717,1,1825,1837,232,-3,-46,1153,0
4668,0,0,718,1,1829,1841,234,-3,-47,1155,0
4672,0,0,717,1,1832,1844,237,-3,-45,1156,0
4676,0,0,717,1,1836,1848,240,-3,-45,1157,0
4680,0,0,717,1,1840,1852,242,-3,-45,1157,0
4684,0,0,716,1,1844,1856,245,-3,-44,1157,0
4688,0,0,716,1,1847,1860,247,-3,-44,1158,0
4692,0,0,717,1,1851,1863,250,-3,-45,1158,0
4696,0,0,716,1,1854,1867,252,-3,-44,1158,0
4700,0,0,716,1,1858,1871,255,-3,-44,1158,0
4704,0,0,718,1,1862,1874,258,-3,-46,1159,0
4708,0,0,717,1,1866,1878,261,-3,-45,1160,0
4712,0,0,716,1,1869,1882,264,-3,-43,1160,0
4716,0,0,716,1,1873,1886,266,-3,-43,1160,0
4720,0,0,716,1,1876,1889,269,-3,-43,1159,0
4724,0,0,715,1,1880,1893,271,-3,-42,1159,0
4728,0,0,717,1,1884,1897,274,-3,-45,1159,0
4732,0,0,716,1,1888,1901,276,-3,-43,1159,0
4736,0,0,717,1,1891,1904,279,-3,-45,1160,0
4740,0,0,717,1,1895,1908,282,-3,-45,1160,0
4744,0,0,716,1,1899,1912,284,-3,-43,1160,0
4748,0,0,716,1,1902,1916,287,-3,-43,1160,0
4752,0,0,717,1,1906,1919,290,-3,-45,1160,0
4756,0,0,717,1,1910,1923,293,-3,-45,1160,0
4760,0,0,716,1,1914,1927,295,-3,-43,1160,0
4764,0,0,717,1,1917,1931,298,-3,-45,1161,0
4768,0,0,717,1,1921,1934,301,-3,-44,1161,0
4772,0,0,717,1,1924,1938,303,-3,-44,1161,0
4776,0,0,717,1,1928,1942,306,-3,-44,1162,0
4780,0,0,717,1,1932,1946,309,-3,-44,1162,0
4784,0,0,717,1,1936,1950,311,-3,-44,1162,0
4788,0,0,717,1,1939,1953,314,-3,-44,1162,0
4792,0,0,717,1,1943,1957,317,-3,-44,1162,0
4796,0,0,717,1,1947,1961,319,-3,-44,1163,0
4800,0,0,717,1,1950,1965,322,-3,-44,1163,0
4804,0,0,716,1,1954,1968,325,-3,-43,1162,0
4808,0,0,717,1,1958,1972,327,-3,-44,1162,0
4812,0,0,717,1,1962,1976,330,-3,-44,1163,0
4816,0,0,717,1,1965,1980,333,-3,-44,1163,0
4820,0,0,717,1,1969,1984,335,-3,-44,1163,0
4824,0,0,717,1,1972,1988,338,-3,-44,1163,0
4828,0,0,717,1,1976,1991,341,-3,-44,1163,0
4832,0,0,716,1,1980,1995,343,-3,-43,1163,0
4836,0,0,717,1,1984,1999,346,-3,-44,1163,0
4840,0,0,716,1,1987,2003,349,-3,-43,1162,0
4844,0,0,716,1,1991,2006,351,-4,-43,1162,0
4848,0,0,717,1,1995,2010,354,-4,-44,1162,0
4852,0,0,716,1,1998,2014,357,-3,-43,1162,0
4856,0,0,716,1,2002,2018,360,-4,-43,1161,0
4860,0,0,716,1,2006,2022,362,-4,-43,1161,0
4864,0,0,716,1,2009,2025,365,-4,-43,1161,0
4868,0,0,716,1,2013,2029,367,-4,-43,1160,0
4872,0,0,717,1,2017,2033,370,-4,-45,1161,0
4876,0,0,716,1,2020,2036,373,-4,-43,1161,0
4880,0,0,716,1,2024,2040,376,-4,-43,1160,0
4884,0,0,716,1,2028,2044,378,-4,-43,1160,0
4888,0,0,716,1,2032,2048,381,-4,-43,1160,0
4892,0,0,716,1,2035,2052,384,-4,-43,1160,0
4896,0,0,716,1,2039,2056,386,-4,-43,1160,0
4900,0,0,716,1,2042,2059,389,-4,-43,1159,0
4904,0,0,715,1,2046,2063,392,-4,-42,1159,0
4908,0,0,717,1,2050,2067,394,-4,-45,1159,0
4912,0,0,715,1,2054,2071,397,-4,-42,1158,0
4916,0,0,715,1,2057,2074,400,-4,-42,1158,0
4920,0,0,716,1,2061,2078,402,-4,-44,1158,0
4924,0,0,715,1,2065,2082,405,-4,-42,1157,0
4928,0,0,715,1,2068,2086,408,-4,-42,1157,0
4932,0,0,715,1,2072,2089,411,-4,-43,1156,0
4936,0,0,715,1,2076,2093,413,-4,-43,1156,0
4940,0,0,715,1,2080,2097,416,-4,-43,1155,0
4944,0,0,714,1,2083,2101,418,-4,-41,1154,0
4948,0,0,715,1,2087,2104,421,-4,-43,1154,0
4952,0,0,714,1,2090,2108,424,-4,-42,1153,0
4956,0,0,715,1,2094,2112,427,-4,-43,1153,0
4960,0,0,715,1,2098,2116,429,-4,-43,1153,0
4964,0,0,713,1,2102,2120,432,-4,-40,1152,0
4968,0,0,715,1,2105,2123,435,-4,-43,1152,0
4972,0,0,715,1,2109,2127,437,-4,-43,1152,0
4976,0,0,715,1,2112,2131,440,-4,-43,1152,0
4980,0,0,715,1,2116,2135,442,-4,-43,1152,0
4984,0,0,715,1,2120,2138,445,-4,-43,1152,0
4988,0,0,716,1,2124,2142,448,-4,-44,1152,0
4992,0,0,715,1,2127,2146,451,-4,-43,1152,0
4996,0,0,715,1,2131,2150,453,-4,-43,1152,0
5000,0,0,715,1,2134,2154,456,-4,-43,1152,0
5004,0,0,715,1,2138,2157,459,-4,-43,1152,0
5008,0,0,716,1,2142,2161,461,-4,-44,1153,0
5012,0,0,715,1,2146,2165,464,-4,-43,1153,0
5016,0,0,716,1,2149,2169,466,-4,-44,1153,0
5020,0,0,716,1,2153,2172,469,-5,-44,1154,0
5024,0,0,716,1,2156,2176,472,-5,-44,1154,0
5028,0,0,716,1,2160,2180,474,-4,-44,1155,0
5032,0,0,717,1,2164,2184,477,-5,-45,1156,0
5036,0,0,715,1,2167,2187,480,-5,-43,1155,0
5040,0,0,716,1,2171,2191,482,-5,-44,1155,0
5044,0,0,715,1,2175,2195,485,-5,-43,1155,0
5048,0,0,716,1,2178,2199,488,-5,-44,1155,0
5052,0,0,715,1,2182,2202,490,-5,-43,1155,0
5056,0,0,716,1,2186,2206,493,-5,-44,1155,0
5060,0,0,715,1,2189,2210,496,-5,-43,1155,0
5064,0,0,714,1,2193,2214,498,-5,-41,1154,0
5068,0,0,714,1,2196,2218,501,-5,-42,1153,0
5072,0,0,714,1,2200,2221,504,-5,-42,1153,0
5076,0,0,714,1,2204,2225,506,-5,-42,1152,0
5080,0,0,714,1,2208,2229,509,-5,-42,1151,0
5084,0,0,713,1,2211,2233,512,-5,-41,1150,0
5088,0,0,714,1,2215,2236,514,-5,-42,1150,0
5092,0,0,713,1,2218,2240,517,-5,-41,1149,0
5096,0,0,713,1,2222,2244,520,-5,-41,1148,0
5100,0,0,713,1,2226,2248,522,-5,-41,1147,0
5104,0,0,712,1,2230,2252,525,-5,-40,1146,0
5108,0,0,712,1,2233,2255,528,-5,-40,1144,0
5112,0,0,711,1,2237,2259,530,-5,-39,1143,0
5116,0,0,712,1,2241,2263,533,-5,-41,1142,0
5120,0,0,711,1,2244,2267,536,-5,-40,1140,0
5124,0,0,710,1,2248,2270,538,-5,-38,1139,0
5128,0,0,711,1,2252,2274,541,-5,-40,1137,0
5132,0,0,710,1,2255,2278,544,-5,-39,1136,0
5136,0,0,710,1,2259,2282,546,-5,-39,1134,0
5140,0,0,710,1,2262,2286,549,-5,-39,1133,0
5144,0,0,710,1,2266,2289,552,-5,-40,1132,0
5148,0,0,710,1,2270,2293,555,-5,-40,1131,0
5152,0,0,709,1,2274,2297,557,-5,-39,1129,0
5156,0,0,709,1,2277,2301,560,-5,-39,1128,0
5160,0,0,709,1,2281,2304,562,-6,-39,1127,0
5164,0,0,708,1,2285,2308,565,-6,-38,1125,0
5168,0,0,708,1,2288,2312,568,-6,-38,1123,0
5172,0,0,707,1,2292,2316,570,-5,-37,1121,0
5176,0,0,706,1,2296,2320,573,-6,-36,1119,0
5180,0,0,706,1,2299,2323,2,-6,-36,1117,0
5184,0,0,705,1,2303,2327,4,-6,-35,1114,0
5188,0,0,705,1,2307,2331,7,-6,-36,1112,0
5192,0,0,704,1,2310,2335,10,-6,-35,1109,0
5196,0,0,704,1,2314,2338,12,-6,-35,1107,0
5200,0,0,703,1,2318,2342,15,-6,-34,1104,0
5204,0,0,703,1,2321,2346,18,-6,-35,1101,0
5208,0,0,703,1,2325,2350,20,-6,-35,1099,0
5212,0,0,700,1,2329,2354,23,-6,-32,1095,0
5216,0,0,701,1,2332,2357,26,-6,-33,1092,0
5220,0,0,700,1,2336,2361,28,-6,-33,1089,0
5224,0,0,699,1,2340,2365,31,-6,-32,1086,0
5228,0,0,699,1,2343,2368,34,-6,-32,1083,0
5232,0,0,698,1,2347,2372,36,-6,-31,1079,0
5236,0,0,698,1,2351,2376,39,-6,-32,1076,0
5240,0,0,697,1,2354,2380,41,-6,-31,1073,0
5244,0,0,697,1,2358,2384,44,-6,-32,1070,0
5248,0,0,697,1,2362,2387,47,-6,-32,1067,0
5252,0,0,695,1,2365,2391,49,-6,-30,1063,0
5256,0,0,695,1,2369,2395,52,-6,-30,1060,0
5260,0,0,695,1,2373,2399,55,-6,-31,1057,0
5264,0,0,694,1,2376,2402,58,-6,-30,1054,0
5268,0,0,694,1,2380,2406,60,-6,-30,1051,0
5272,0,0,693,1,2384,2410,63,-6,-30,1047,0
5276,0,0,693,1,2388,2414,65,-6,-30,1044,0
5280,0,0,693,1,2391,2417,68,-6,-30,1042,0
5284,0,0,692,1,2395,2421,71,-6,-30,1039,0
5288,0,0,692,1,2398,2425,73,-6,-30,1036,0
5292,0,0,691,1,2402,2429,76,-6,-29,1033,0
5296,0,0,691,1,2406,2432,79,-6,-29,1030,0
5300,0,0,691,1,2410,2436,82,-6,-30,1028,0
5304,0,0,690,1,2413,2440,84,-6,-29,1025,0
5308,0,0,690,1,2417,2444,87,-6,-29,1022,0
5312,0,0,690,1,2421,2448,89,-6,-30,1020,0
5316,0,0,690,1,2424,2451,92,-6,-30,1018,0
5320,0,0,690,1,2428,2455,94,-6,-30,1016,0
5324,0,0,689,1,2432,2459,97,-6,-29,1014,0
5328,0,0,689,1,2435,2462,100,-6,-30,1012,0
5332,0,0,688,1,2439,2466,103,-7,-29,1009,0
5336,0,0,688,1,2443,2470,106,-7,-29,1007,0
5340,0,0,688,1,2446,2474,108,-6,-29,1005,0
5344,0,0,688,1,2450,2478,111,-6,-30,1003,0
5348,0,0,689,1,2454,2481,113,-7,-31,1002,0
5352,0,0,688,1,2458,2485,116,-6,-30,1001,0
5356,0,0,689,1,2461,2489,119,-6,-31,1000,0
5360,0,0,688,1,2465,2492,121,-7,-30,999,0
5364,0,0,688,1,2469,2496,124,-7,-30,998,0
5368,0,0,689,1,2472,2500,127,-7,-32,997,0
5372,0,0,688,1,2476,2504,130,-7,-31,996,0
5376,0,0,689,1,2480,2508,132,-7,-32,996,0
5380,0,0,688,1,2483,2511,135,-7,-31,995,0
5384,0,0,688,1,2487,2515,137,-7,-31,994,0
5388,0,0,689,1,2491,2519,140,-7,-32,994,0
5392,0,0,689,1,2494,2523,143,-7,-32,994,0
5396,0,0,688,1,2498,2526,146,-7,-31,993,0
5400,0,0,688,1,2502,2530,148,-7,-31,993,0
5404,0,0,688,1,2506,2534,151,-7,-31,992,0
5408,0,0,689,1,2509,2538,154,-7,-33,992,0
5412,0,0,689,1,2513,2542,156,-7,-33,993,0
5416,0,0,689,1,2516,2545,159,-7,-33,993,0
5420,0,0,689,1,2520,2549,162,-7,-33,993,0
5424,0,0,689,1,2524,2553,164,-7,-33,993,0
5428,0,0,690,1,2528,2557,167,-7,-34,993,0
5432,0,0,689,1,2531,2560,170,-7,-32,993,0
5436,0,0,691,1,2535,2564,173,-7,-35,995,0
5440,0,0,690,1,2539,2568,175,-7,-34,995,0
5444,0,0,690,1,2542,2572,178,-7,-33,996,0
5448,0,0,691,1,2546,2576,180,-7,-35,997,0
5452,0,0,690,1,2550,2579,183,-7,-33,997,0
5456,0,0,691,1,2554,2583,185,-7,-34,998,0
5460,0,0,690,1,2557,2587,188,-7,-33,998,0
5464,0,0,691,1,2561,2591,191,-7,-34,999,0
5468,0,0,691,1,2565,2594,194,-7,-34,999,0
5472,0,0,691,1,2568,2598,197,-7,-34,1000,0
5476,0,0,691,1,2572,2602,199,-7,-34,1001,0
5480,0,0,691,1,2576,2606,202,-7,-34,1001,0
5484,0,0,691,1,2580,2610,204,-7,-34,1002,0
5488,0,0,692,1,2583,2613,207,-7,-35,1003,0
5492,0,0,692,1,2587,2617,210,-7,-35,1003,0
5496,0,0,692,1,2591,2621,212,-7,-35,1004,0
5500,0,0,692,1,2594,2625,215,-7,-35,1005,0
5504,0,0,692,1,2598,2628,218,-7,-35,1006,0
5508,0,0,693,1,2602,2632,221,-7,-36,1007,0
5512,0,0,693,1,2606,2636,223,-7,-36,1008,0
5516,0,0,693,1,2609,2640,226,-7,-35,1009,0
5520,0,0,693,1,2613,2644,228,-7,-35,1010,0
5524,0,0,693,1,2617,2648,231,-7,-35,1011,0
5528,0,0,693,1,2620,2651,234,-7,-35,1011,0
5532,0,0,693,1,2624,2655,237,-7,-35,1012,0
5536,0,0,693,1,2628,2659,239,-7,-35,1013,0
5540,0,0,693,1,2632,2663,242,-7,-35,1013,0
5544,0,0,693,1,2635,2666,245,-7,-35,1014,0
5548,0,0,693,1,2639,2670,247,-8,-35,1014,0
5552,0,0,693,1,2643,2674,250,-8,-35,1014,0
5556,0,0,693,1,2646,2678,253,-7,-35,1015,0
5560,0,0,693,1,2650,2682,256,-7,-35,1015,0
5564,0,0,693,1,2654,2685,258,-8,-34,1015,0
5568,0,0,694,1,2658,2689,261,-8,-36,1016,0
5572,0,0,693,1,2661,2693,264,-7,-34,1016,0
5576,0,0,693,1,2665,2697,266,-8,-34,1016,0
5580,0,0,693,1,2668,2700,269,-8,-34,1017,0
5584,0,0,692,1,2672,2704,272,-8,-33,1016,0
5588,0,0,694,1,2676,2708,275,-8,-36,1017,0
5592,0,0,693,1,2680,2712,277,-8,-34,1017,0
5596,0,0,694,1,2683,2716,280,-8,-35,1018,0
5600,0,0,694,1,2687,2719,282,-8,-35,1018,0
5604,0,0,693,1,2691,2723,285,-8,-34,1018,0
5608,0,0,694,1,2694,2727,288,-8,-35,1019,0
5612,0,0,694,1,2698,2730,290,-8,-35,1019,0
5616,0,0,694,1,2702,2734,293,-8,-35,1020,0
5620,0,0,695,1,2706,2738,296,-8,-36,1021,0
5624,0,0,695,1,2709,2742,298,-8,-36,1022,0
5628,0,0,696,1,2713,2746,301,-8,-37,1023,0
5632,0,0,695,1,2716,2749,304,-8,-36,1024,0
5636,0,0,696,1,2720,2753,306,-8,-37,1025,0
5640,0,0,696,1,2724,2757,309,-8,-37,1026,0
5644,0,0,696,1,2728,2761,312,-8,-37,1027,0
5648,0,0,697,1,2731,2764,314,-8,-38,1029,0
5652,0,0,696,1,2735,2768,317,-8,-36,1029,0
5656,0,0,697,1,2739,2772,319,-8,-38,1031,0
5660,0,0,697,1,2742,2776,322,-8,-37,1032,0
5664,0,0,696,1,2746,2779,325,-8,-36,1032,0
5668,0,0,697,1,2750,2783,327,-8,-37,1033,0
5672,0,0,698,1,2754,2787,330,-8,-38,1035,0
5676,0,0,697,1,2757,2790,333,-8,-37,1035,0
5680,0,0,697,1,2761,2794,336,-8,-37,1036,0
5684,0,0,697,1,2765,2798,338,-8,-37,1037,0
5688,0,0,697,1,2768,2802,341,-8,-37,1037,0
5692,0,0,697,1,2772,2805,344,-8,-36,1038,0
5696,0,0,697,1,2776,2809,346,-8,-36,1038,0
5700,0,0,697,1,2780,2813,349,-8,-36,1039,0
5704,0,0,697,1,2783,2817,352,-8,-36,1039,0
5708,0,0,698,1,2787,2820,354,-8,-37,1040,0
5712,0,0,697,1,2790,2824,357,-8,-36,1040,0
5716,0,0,698,1,2794,2828,360,-8,-37,1041,0
5720,0,0,698,1,2798,2832,362,-8,-37,1042,0
5724,0,0,698,1,2802,2836,365,-8,-37,1042,0
5728,0,0,699,1,2805,2839,368,-8,-38,1044,0
5732,0,0,698,1,2809,2843,370,-8,-37,1044,0
5736,0,0,698,1,2813,2847,373,-8,-37,1044,0
5740,0,0,698,1,2816,2850,376,-8,-37,1045,0
5744,0,0,698,1,2820,2854,378,-8,-37,1045,0
5748,0,0,699,1,2824,2858,381,-8,-38,1046,0
5752,0,0,698,1,2827,2862,384,-8,-36,1046,0
5756,0,0,698,1,2831,2866,386,-8,-36,1047,0
5760,0,0,699,1,2835,2869,389,-8,-38,1047,0
5764,0,0,698,1,2838,2873,392,-8,-36,1047,0
5768,0,0,699,1,2842,2876,394,-8,-38,1048,0
5772,0,0,699,1,2846,2880,397,-8,-37,1049,0
5776,0,0,699,1,2849,2884,400,-8,-37,1049,0
5780,0,0,699,1,2853,2888,402,-8,-37,1050,0
5784,0,0,698,1,2857,2892,405,-8,-36,1050,0
5788,0,0,699,1,2860,2895,408,-8,-37,1050,0
5792,0,0,699,1,2864,2899,410,-8,-37,1051,0
5796,0,0,700,1,2868,2903,413,-8,-38,1052,0
5800,0,0,699,1,2872,2906,416,-8,-37,1052,0
5804,0,0,699,1,2875,2910,418,-9,-37,1052,0
5808,0,0,699,1,2879,2914,421,-9,-37,1052,0
5812,0,0,699,1,2882,2918,423,-8,-37,1053,0
5816,0,0,699,1,2886,2922,426,-8,-37,1053,0
5820,0,0,699,1,2890,2925,429,-9,-37,1053,0
5824,0,0,698,1,2894,2929,431,-8,-36,1052,0
5828,0,0,698,1,2897,2933,434,-9,-36,1052,0
5832,0,0,699,1,2901,2936,437,-9,-37,1052,0
5836,0,0,699,1,2904,2940,440,-9,-37,1052,0
5840,0,0,700,1,2908,2944,442,-9,-38,1053,0
5844,0,0,698,1,2912,2948,445,-9,-36,1053,0
5848,0,0,698,1,2915,2952,447,-9,-36,1052,0
5852,0,0,698,1,2919,2955,450,-9,-36,1052,0
5856,0,0,698,1,2923,2959,452,-9,-36,1052,0
5860,0,0,699,1,2926,2963,455,-9,-37,1052,0
5864,0,0,698,1,2930,2966,458,-9,-36,1051,0
5868,0,0,698,1,2934,2970,461,-9,-36,1051,0
5872,0,0,699,1,2937,2974,464,-9,-37,1051,0
5876,0,0,699,1,2941,2978,466,-9,-37,1052,0
5880,0,0,699,1,2945,2982,469,-9,-37,1052,0
5884,0,0,698,1,2948,2985,471,-9,-36,1052,0
5888,0,0,699,1,2952,2989,474,-9,-37,1052,0
5892,0,0,699,1,2956,2993,476,-9,-37,1052,0
5896,0,0,699,1,2959,2996,479,-9,-37,1052,0
5900,0,0,699,1,2963,3000,482,-9,-37,1053,0
5904,0,0,699,1,2967,3004,485,-9,-37,1053,0
5908,0,0,699,1,2970,3008,487,-9,-37,1053,0
5912,0,0,699,1,2974,3012,490,-9,-37,1053,0
5916,0,0,700,1,2978,3015,493,-9,-38,1054,0
5920,0,0,700,1,2981,3019,495,-9,-38,1054,0
5924,0,0,700,1,2985,3023,498,-9,-38,1055,0
5928,0,0,700,1,2989,3027,500,-9,-38,1056,0
5932,0,0,700,1,2992,3030,503,-9,-38,1056,0
5936,0,0,700,1,2996,3034,506,-9,-38,1057,0
5940,0,0,702,1,3000,3038,508,-9,-40,1058,0
5944,0,0,701,1,3004,3042,511,-9,-39,1059,0
5948,0,0,702,1,3007,3045,514,-9,-40,1060,0
5952,0,0,702,1,3011,3049,516,-9,-40,1062,0
5956,0,0,702,1,3014,3053,519,-9,-39,1063,0
5960,0,0,703,1,3018,3057,522,-9,-41,1064,0
5964,0,0,703,1,3022,3060,524,-9,-40,1066,0
5968,0,0,703,1,3026,3064,527,-9,-40,1067,0
5972,0,0,704,1,3029,3068,530,-9,-41,1069,0
5976,0,0,704,1,3033,3072,532,-9,-41,1070,0
5980,0,0,705,1,3036,3076,535,-9,-42,1072,0
5984,0,0,706,1,3040,3079,538,-9,-43,1075,0
5988,0,0,706,1,3044,3083,540,-9,-43,1077,0
5992,0,0,706,1,3048,3087,543,-9,-42,1079,0
5996,0,0,707,1,3051,3090,546,-9,-43,1082,0
6000,0,0,708,1,3055,3094,548,-10,-44,1084,0
6004,0,0,708,1,3059,3098,551,-10,-44,1087,0
6008,0,0,710,1,3062,3102,554,-9,-46,1090,0
6012,0,0,709,1,3066,3106,557,-9,-44,1093,0
6016,0,0,710,1,3070,3109,559,-10,-45,1096,0
6020,0,0,710,1,3073,3113,562,-9,-45,1098,0
6024,0,0,710,1,3077,3117,564,-10,-44,1101,0
6028,0,0,712,1,3081,3120,567,-10,-47,1104,0
6032,0,0,711,1,3084,3124,570,-10,-45,1106,0
6036,0,0,712,1,3088,3128,573,-10,-46,1109,0
6040,0,0,713,1,3092,3132,575,-10,-47,1112,0
6044,0,0,713,1,3096,3136,578,-10,-46,1115,0
6048,0,0,714,1,3099,3139,581,-10,-47,1118,0
6052,0,0,712,1,3103,3143,583,-10,-44,1119,0
6056,0,0,714,1,3106,3147,586,-10,-47,1122,0
6060,0,0,715,1,3110,3151,589,-10,-47,1125,0
,,,,,,,,,,,
