0,0,0,593,99,1,4,0,0,599,8460,0
4,0,0,592,99,1,4,-17,0,600,8460,0
8,0,0,591,99,1,4,-17,0,599,8253,0
12,0,0,592,99,1,4,-17,0,598,8253,0
16,0,0,590,99,1,4,-17,1,599,8253,0
20,0,0,593,100,1,4,-17,1,600,8087,0
24,0,0,591,100,1,4,-17,1,601,8087,0
28,0,0,592,101,1,4,-17,1,602,8128,0
32,0,0,591,101,1,4,-17,2,606,8128,0
36,0,0,591,102,1,4,-17,2,609,8128,0
40,0,0,592,103,1,4,-17,2,613,8197,0
44,0,0,593,103,1,4,-17,2,616,8197,0
48,0,0,593,104,1,4,-17,3,622,8253,0
52,0,0,594,105,1,4,-17,3,623,8253,0
56,0,0,593,105,1,4,-17,3,624,8253,0
60,0,0,595,106,1,4,-17,3,632,8308,0
64,0,0,594,106,1,4,-17,4,637,8308,0
68,0,0,595,107,1,4,-17,4,645,8336,0
72,0,0,596,107,1,4,-17,4,654,8336,0
76,0,0,596,108,1,4,-17,4,654,8336,0
80,0,0,598,108,1,4,-17,5,655,8322,0
84,0,0,596,108,1,4,-17,5,660,8322,0
88,0,0,598,109,1,4,-17,5,656,8336,0
92,0,0,598,109,1,4,-17,5,653,8336,0
96,0,0,597,109,1,4,-17,6,654,8336,0
100,0,0,598,110,1,4,-17,6,655,8322,0
104,0,0,597,110,1,4,0,6,648,8322,0
108,0,0,597,110,1,4,0,6,642,8350,0
112,0,0,596,110,1,4,0,7,638,8350,0
116,0,0,594,110,1,4,0,7,641,8350,0
120,0,0,594,110,1,4,0,7,645,8322,0
124,0,0,593,110,1,4,0,7,647,8322,0
128,0,0,592,110,1,4,0,8,646,8322,0
132,0,0,591,111,1,4,0,8,650,8322,0
136,0,0,590,111,1,4,0,8,655,8322,0
140,0,0,591,111,1,4,0,8,658,8322,0
144,0,0,589,111,1,4,0,8,661,8322,0
148,0,0,589,111,1,4,0,9,664,8308,0
152,0,0,589,111,1,4,0,9,664,8308,0
156,0,0,588,112,1,4,0,9,663,8308,0
160,0,0,588,112,1,4,0,9,662,8336,0
164,0,0,587,112,1,4,0,10,664,8336,0
168,0,0,587,112,1,4,0,10,665,8363,0
172,0,0,586,113,1,4,0,10,663,8363,0
176,0,0,586,113,1,4,0,10,662,8363,0
180,0,0,587,113,1,4,0,11,661,8350,0
184,0,0,585,114,1,4,0,11,662,8350,0
188,0,0,586,114,1,4,0,11,661,8391,0
192,0,0,586,115,1,4,0,11,664,8391,0
196,0,0,584,115,1,4,0,12,666,8391,0
200,0,0,585,116,1,5,0,12,668,8405,0
204,0,0,584,116,1,5,3,12,671,8405,0
208,0,0,584,117,1,5,3,12,673,8391,0
212,0,0,584,117,1,5,3,13,675,8391,0
216,0,0,584,118,1,5,3,13,676,8391,0
220,0,0,585,118,2,5,3,13,675,8391,0
224,0,0,584,119,2,5,7,13,675,8391,0
228,0,0,583,119,2,5,7,14,673,8405,0
232,0,0,583,120,2,5,7,14,673,8405,0
236,0,0,582,120,2,6,7,14,673,8405,0
240,0,0,581,121,2,6,10,14,671,8377,0
244,0,0,581,121,2,6,10,14,670,8377,0
248,0,0,581,122,2,6,10,15,670,8433,0
252,0,0,582,122,3,6,10,15,670,8433,0
256,0,0,579,122,0,0,3,15,669,8433,0
260,0,0,580,123,0,0,4,15,669,8363,0
264,0,0,579,123,0,1,4,16,671,8363,0
268,0,0,580,122,1,1,7,16,672,7353,0
272,0,0,579,122,1,1,7,16,676,7353,0
276,0,0,578,122,1,2,11,16,675,7353,0
280,0,0,578,121,2,2,14,17,673,6979,0
284,0,0,577,120,3,3,18,17,672,6979,0
288,0,0,578,119,3,4,21,17,671,6702,0
292,0,0,578,117,4,5,29,17,665,6702,0
296,0,0,577,116,5,6,36,17,659,6702,0
300,0,0,577,114,7,7,43,18,650,6729,0
304,0,0,577,113,8,8,47,18,631,6729,0
308,0,0,578,111,9,10,54,18,620,6868,0
312,0,0,578,109,11,11,68,18,611,6868,0
316,0,0,579,108,12,13,75,18,596,6868,0
320,0,0,579,106,14,15,82,19,590,6951,0
324,0,0,579,104,15,16,93,19,585,6951,0
328,0,0,580,101,17,18,107,19,578,7159,0
332,0,0,580,99,19,20,118,19,578,7159,0
336,0,0,581,97,21,22,133,19,585,7159,0
340,0,0,582,94,23,24,143,19,585,7256,0
344,0,0,582,92,25,26,158,20,582,7256,0
348,0,0,582,90,27,28,172,20,583,7422,0
352,0,0,583,87,29,31,186,20,584,7422,0
356,0,0,583,84,31,33,208,20,579,7422,0
360,0,0,584,82,33,36,225,20,565,7463,0
364,0,0,584,79,36,38,243,20,564,7463,0
368,0,0,584,76,38,40,254,20,568,7560,0
372,0,0,584,74,41,43,272,20,562,7560,0
376,0,0,585,71,43,45,286,20,554,7560,0
380,0,0,586,68,45,48,297,20,553,7657,0
384,0,0,588,65,48,50,315,20,551,7657,0
388,0,0,588,62,51,53,329,20,548,7699,0
392,0,0,589,60,53,56,340,20,547,7699,0
396,0,0,589,56,56,59,351,20,545,7699,0
400,0,0,591,54,59,61,365,20,549,7782,0
404,0,0,591,50,61,64,376,20,554,7782,0
408,0,0,592,47,64,67,386,20,553,7837,0
412,0,0,592,44,67,70,394,20,551,7837,0
416,0,0,596,41,70,73,408,20,560,7837,0
420,0,0,595,38,73,76,422,20,559,7851,0
424,0,0,595,35,75,78,422,20,554,7851,0
428,0,0,597,32,78,82,429,19,555,7962,0
432,0,0,598,29,81,84,440,19,554,7962,0
436,0,0,598,26,84,87,447,19,545,7962,0
440,0,0,599,23,87,90,455,19,544,8045,0
444,0,0,600,20,90,93,462,19,542,8045,0
448,0,0,601,17,93,96,469,19,542,8142,0
452,0,0,602,14,96,100,476,19,543,8142,0
457,0,0,604,11,99,103,481,19,538,8156,0
460,0,0,606,9,103,106,484,19,541,8156,0
464,0,0,605,6,106,109,488,19,544,8156,0
468,0,0,606,4,109,112,502,18,545,8031,0
472,0,0,606,1,112,115,506,18,544,8031,0
476,0,0,607,-1,115,118,509,18,543,8031,0
480,0,0,608,-3,118,121,516,18,539,8087,0
484,0,0,610,-5,121,124,516,18,535,8087,0
488,0,0,611,-7,125,128,520,18,536,8128,0
492,0,0,612,-8,128,131,524,18,536,8128,0
496,0,0,613,-10,131,134,534,18,538,8128,0
500,0,0,615,-12,134,137,534,18,536,8114,0
504,0,0,615,-13,137,140,538,18,531,8114,0
509,0,0,616,-14,141,144,541,17,537,8059,0
512,0,0,616,-14,144,147,541,17,537,8059,0
516,0,0,618,-14,147,150,549,17,529,8059,0
520,0,0,620,-15,151,153,549,17,526,8100,0
524,0,0,620,-14,154,156,556,17,537,8100,0
528,0,0,622,-14,157,160,559,17,537,8128,0
532,0,0,624,-14,160,163,563,17,536,8128,0
536,0,0,623,-13,164,166,563,17,539,8128,0
540,0,0,624,-12,167,170,563,16,534,8156,0
544,0,0,626,-12,170,173,567,16,532,8156,0
548,0,0,626,-11,174,176,570,16,527,8197,0
552,0,0,628,-10,177,180,574,16,527,8197,0
556,0,0,628,-9,180,183,576,16,526,8197,0
560,0,0,631,-8,184,187,580,16,524,8211,0
564,0,0,630,-8,187,190,580,16,517,8211,0
568,0,0,631,-7,190,193,580,16,513,8239,0
572,0,0,633,-6,194,197,580,15,519,8239,0
576,0,0,633,-5,197,200,584,15,515,8239,0
580,0,0,635,-4,201,204,587,15,516,8239,0
584,0,0,635,-4,204,207,587,15,513,8239,0
588,0,0,637,-3,207,210,594,15,517,8267,0
592,0,0,639,-2,211,214,594,15,518,8267,0
596,0,0,640,-2,214,217,587,14,519,8267,0
600,0,0,642,-1,218,220,594,14,515,8363,0
604,0,0,642,-1,221,224,594,14,512,8363,0
608,0,0,645,0,224,227,601,14,519,8336,0
612,0,0,646,0,228,231,601,14,518,8336,0
616,0,0,646,1,231,234,601,14,512,8336,0
620,0,0,649,1,234,237,601,14,505,8419,0
624,0,0,649,1,238,241,601,13,503,8419,0
628,0,0,650,2,241,244,605,13,508,8516,0
632,0,0,652,2,244,247,601,13,513,8516,0
636,0,0,651,2,247,250,601,13,509,8516,0
640,0,0,655,2,250,253,601,13,504,8627,0
644,0,0,653,2,253,256,598,13,505,8627,0
648,0,0,657,3,257,259,594,12,505,8599,0
652,0,0,657,3,259,262,591,12,507,8599,0
656,0,0,655,3,262,265,591,12,505,8599,0
660,0,0,660,3,265,268,587,12,501,8613,0
665,0,0,660,3,268,270,584,12,495,8613,0
668,0,0,660,3,271,273,578,12,495,8544,0
672,0,0,663,3,273,275,575,11,494,8544,0
676,0,0,660,3,275,277,568,11,488,8544,0
680,0,0,664,3,277,280,564,11,481,8267,0
684,0,0,660,3,280,282,557,11,486,8267,0
688,0,0,664,3,282,284,543,11,497,8100,0
692,0,0,663,2,283,285,535,11,516,8100,0
696,0,0,662,2,285,287,525,11,529,8100,0
700,0,0,665,2,287,288,510,11,545,7851,0
704,0,0,661,2,288,289,500,11,576,7851,0
708,0,0,664,2,290,290,482,10,594,7837,0
712,0,0,665,2,291,291,467,10,620,7837,0
716,0,0,660,2,292,292,449,10,631,7837,0
720,0,0,663,2,293,292,435,10,641,8197,0
724,0,0,661,2,294,293,417,10,656,8197,0
728,0,0,661,2,295,294,396,10,662,8363,0
732,0,0,662,2,296,294,381,10,666,8363,0
736,0,0,659,2,297,295,363,10,667,8363,0
740,0,0,661,2,298,295,346,10,665,8419,0
744,0,0,658,2,299,296,328,10,661,8419,0
748,0,0,660,2,299,296,313,10,652,8433,0
752,0,0,660,2,300,296,295,10,649,8433,0
756,0,0,656,2,301,297,277,11,649,8433,0
760,0,0,661,2,301,297,263,11,647,8419,0
764,0,0,656,2,302,298,245,11,643,8419,0
768,0,0,657,2,303,298,229,11,640,8433,0
772,0,0,658,2,303,298,215,11,637,8433,0
776,0,0,654,2,304,298,197,11,636,8433,0
780,0,0,657,2,304,298,179,11,633,8419,0
784,0,0,654,2,305,298,164,12,631,8419,0
788,0,0,656,2,305,298,150,12,628,8363,0
792,0,0,654,2,305,298,139,12,625,8363,0
796,0,0,652,2,305,298,129,12,626,8363,0
800,0,0,654,2,305,298,114,12,629,8280,0
804,0,0,651,2,305,298,103,13,632,8280,0
808,0,0,653,2,305,298,93,13,637,8183,0
812,0,0,654,2,305,297,86,13,646,8183,0
816,0,0,652,1,305,297,71,13,651,8183,0
820,0,0,654,1,304,296,64,14,654,8211,0
824,0,0,653,1,304,296,53,14,655,8211,0
828,0,0,653,1,304,295,46,14,653,8267,0
832,0,0,655,1,303,294,35,14,652,8267,0
836,0,0,652,1,303,294,25,15,644,8267,0
840,0,0,655,1,302,293,21,15,650,8267,0
844,0,0,653,1,302,292,14,15,662,8267,0
848,0,0,654,1,301,292,0,16,672,8197,0
852,0,0,653,1,301,291,-7,16,675,8197,0
856,0,0,651,1,300,290,-14,16,680,8197,0
860,0,0,654,1,299,289,-28,17,689,8308,0
864,0,0,651,1,299,288,-28,17,691,8308,0
868,0,0,652,1,298,288,-42,17,691,8391,0
872,0,0,654,1,297,287,-53,18,691,8391,0
876,0,0,651,1,297,286,-57,18,688,8391,0
880,0,0,654,1,296,286,-68,18,674,8405,0
884,0,0,650,1,296,285,-68,19,667,8405,0
888,0,0,652,1,295,284,-75,19,662,8460,0
892,0,0,651,1,295,284,-82,19,658,8460,0
896,0,0,650,1,294,283,-86,20,654,8460,0
900,0,0,653,1,294,282,-89,20,650,8405,0
904,0,0,652,1,293,282,-93,21,647,8405,0
908,0,0,653,1,293,281,-96,21,647,8405,0
912,0,0,655,1,293,280,-103,21,642,8405,0
916,0,0,655,1,292,280,-100,22,638,8405,0
920,0,0,655,1,292,279,-107,22,638,8363,0
924,0,0,655,1,291,278,-103,23,640,8363,0
928,0,0,655,1,291,278,-111,23,639,8363,0
932,0,0,656,1,290,277,-107,23,640,8363,0
936,0,0,656,1,290,276,-103,24,649,8363,0
940,0,0,657,1,289,275,-111,24,654,8363,0
944,0,0,655,1,289,274,-111,25,657,8363,0
948,0,0,656,1,288,274,-107,25,662,8391,0
952,0,0,655,1,288,273,-107,25,664,8391,0
956,0,0,654,1,288,272,-111,26,663,8391,0
960,0,0,655,1,287,272,-103,26,661,8447,0
964,0,0,653,1,287,271,-111,27,659,8447,0
968,0,0,653,1,287,271,-107,27,650,8447,0
972,0,0,655,1,287,270,-100,28,645,8447,0
976,0,0,652,1,286,270,-100,28,640,8447,0
980,0,0,653,1,286,269,-96,28,630,8447,0
984,0,0,651,1,286,269,-96,29,626,8447,0
988,0,0,652,1,286,269,-93,29,626,8433,0
992,0,0,653,1,286,268,-89,30,624,8433,0
996,0,0,650,1,286,268,-89,30,622,8433,0
1000,0,0,652,1,286,268,-86,30,618,8447,0
1004,0,0,650,1,286,268,-82,31,617,8447,0
1008,0,0,652,1,286,267,-78,31,617,8447,0
1012,0,0,653,1,286,267,-75,31,614,8447,0
1016,0,0,653,1,286,267,-75,32,613,8447,0
1020,0,0,652,1,286,266,-68,32,613,8433,0
1024,0,0,652,1,286,266,-64,33,609,8433,0
1028,0,0,652,1,287,266,-60,33,607,8433,0
1032,0,0,652,1,287,266,-60,33,606,8433,0
1036,0,0,651,1,287,266,-53,34,604,8433,0
1040,0,0,652,1,287,266,-46,34,603,8433,0
1044,0,0,651,1,287,266,-42,34,602,8433,0
1048,0,0,652,1,287,266,-39,35,602,8433,0
1052,0,0,652,1,287,265,-35,35,604,8433,0
1056,0,0,650,1,287,265,-32,35,605,8433,0
1060,0,0,652,1,287,265,-32,36,605,8447,0
1064,0,0,651,1,287,265,-25,36,606,8447,0
1068,0,0,651,1,287,265,-21,36,607,8433,0
1072,0,0,651,1,287,265,-21,37,607,8433,0
1076,0,0,650,1,287,265,-17,37,606,8433,0
1080,0,0,650,1,287,265,-14,38,605,8447,0
1084,0,0,650,1,287,265,-14,38,606,8447,0
1088,0,0,651,1,287,265,-10,38,606,8447,0
1092,0,0,650,1,287,265,-10,38,606,8447,0
1096,0,0,650,1,287,265,-7,39,606,8447,0
1100,0,0,651,1,287,265,-7,39,606,8447,0
1104,0,0,649,1,287,265,-7,39,607,8447,0
1108,0,0,651,1,287,265,-7,40,606,8447,0
1112,0,0,652,1,287,265,-3,40,603,8447,0
1116,0,0,650,1,287,265,-3,40,604,8447,0
1120,0,0,652,1,287,265,-3,41,604,8460,0
1124,0,0,651,1,287,265,-3,41,604,8460,0
1128,0,0,651,1,287,265,0,41,603,8447,0
1132,0,0,651,1,287,265,0,42,604,8447,0
1136,0,0,651,1,287,265,-3,42,606,8447,0
1140,0,0,652,1,288,265,-3,42,605,8460,0
1144,0,0,650,1,288,265,-3,43,605,8460,0
1148,0,0,651,1,288,265,0,43,605,8460,0
1152,0,0,651,1,288,265,0,43,605,8460,0
1156,0,0,650,1,288,265,3,44,604,8460,0
1160,0,0,652,1,288,265,3,44,603,8447,0
1164,0,0,651,1,289,265,3,44,604,8447,0
1168,0,0,651,1,289,265,3,45,604,8433,0
1172,0,0,652,1,289,265,7,45,604,8433,0
1176,0,0,650,1,289,265,7,45,605,8433,0
1180,0,0,651,1,289,265,7,46,604,8447,0
1184,0,0,649,1,290,265,7,46,605,8447,0
1188,0,0,650,1,290,265,7,46,604,8447,0
1192,0,0,650,1,290,265,10,47,604,8447,0
1196,0,0,650,1,290,265,10,47,604,8447,0
1200,0,0,652,1,291,266,10,47,604,8460,0
1204,0,0,649,1,291,266,17,47,604,8460,0
1208,0,0,651,1,291,266,17,48,604,8405,0
1212,0,0,652,1,292,266,17,48,605,8405,0
1216,0,0,650,1,292,266,17,48,604,8405,0
1220,0,0,651,1,292,266,21,49,604,8419,0
1224,0,0,650,1,293,266,21,49,606,8419,0
1228,0,0,651,1,293,267,25,49,605,8391,0
1232,0,0,651,1,293,267,28,50,603,8391,0
1236,0,0,650,1,294,267,28,50,595,8391,0
1240,0,0,650,1,294,268,32,50,594,8405,0
1244,0,0,649,1,295,268,35,50,591,8405,0
1248,0,0,649,1,295,268,32,51,584,8433,0
1252,0,0,649,1,295,269,35,51,586,8433,0
1256,0,0,646,1,295,269,35,51,588,8433,0
1260,0,0,647,1,296,269,39,52,589,8405,0
1264,0,0,646,1,296,270,42,52,587,8405,0
1268,0,0,646,1,296,270,42,52,589,8419,0
1272,0,0,645,1,297,270,42,52,591,8419,0
1276,0,0,643,1,297,270,46,53,591,8419,0
1280,0,0,645,1,297,271,46,53,590,8433,0
1284,0,0,642,1,297,271,46,53,593,8433,0
1288,0,0,643,1,298,271,50,54,595,8433,0
1292,0,0,642,1,298,272,46,54,598,8433,0
1296,0,0,642,1,298,272,50,54,598,8433,0
1300,0,0,643,1,298,272,53,54,597,8433,0
1304,0,0,640,1,298,272,46,55,596,8433,0
1308,0,0,642,1,299,272,46,55,596,8433,0
1312,0,0,643,1,299,272,50,55,592,8433,0
1316,0,0,641,1,299,273,50,56,589,8433,0
1320,0,0,643,1,299,273,50,56,587,8433,0
1324,0,0,642,1,299,273,50,56,584,8433,0
1328,0,0,643,1,299,273,46,56,582,8447,0
1332,0,0,642,1,299,274,42,57,582,8447,0
1336,0,0,643,1,299,274,46,57,581,8447,0
1340,0,0,642,1,299,274,42,57,584,8419,0
1344,0,0,642,1,299,274,39,58,587,8419,0
1348,0,0,642,1,299,274,39,58,592,8391,0
1352,0,0,643,1,299,274,35,58,593,8391,0
1356,0,0,641,1,299,273,35,58,594,8391,0
1360,0,0,644,1,299,273,28,59,595,8419,0
1364,0,0,643,1,298,273,25,59,597,8419,0
1368,0,0,644,1,298,273,21,59,600,8363,0
1372,0,0,644,1,298,272,17,60,600,8363,0
1376,0,0,643,1,297,272,10,60,600,8363,0
1380,0,0,644,1,297,272,10,60,600,8350,0
1384,0,0,642,1,297,271,7,61,599,8350,0
1388,0,0,643,1,297,271,3,61,597,8377,0
1392,0,0,643,1,296,270,0,61,594,8377,0
1396,0,0,642,1,296,270,-10,61,594,8377,0
1400,0,0,643,1,295,269,-14,62,594,8336,0
1404,0,0,641,1,295,268,-21,62,594,8336,0
1408,0,0,643,1,294,268,-21,62,595,8253,0
1412,0,0,643,1,293,267,-32,63,595,8253,0
1416,0,0,641,1,293,266,-39,63,597,8253,0
1420,0,0,642,1,292,265,-46,64,600,8197,0
1424,0,0,641,1,291,264,-50,64,610,8197,0
1428,0,0,643,1,290,264,-57,64,622,8142,0
1432,0,0,644,1,289,263,-64,65,639,8142,0
1436,0,0,644,1,288,262,-75,65,666,8142,0
1440,0,0,646,1,287,261,-78,65,674,8170,0
1444,0,0,646,1,286,260,-89,66,699,8170,0
1448,0,0,648,1,285,258,-93,66,704,8433,0
1452,0,0,650,1,285,258,-100,67,701,8433,0
1456,0,0,649,1,284,257,-107,67,691,8433,0
1460,0,0,653,1,283,256,-111,67,686,8391,0
1464,0,0,652,1,283,255,-114,68,681,8391,0
1468,0,0,654,1,283,255,-114,68,672,8363,0
1472,0,0,654,1,282,254,-118,69,671,8363,0
1476,0,0,653,1,282,254,-118,69,668,8363,0
1480,0,0,657,1,282,253,-121,69,653,8322,0
1484,0,0,657,1,282,253,-121,70,647,8322,0
1488,0,0,658,1,282,252,-121,70,639,8308,0
1492,0,0,660,1,282,252,-118,71,637,8308,0
1496,0,0,658,1,283,252,-114,71,634,8308,0
1500,0,0,659,1,283,252,-111,71,628,8322,0
1504,0,0,657,1,283,252,-103,72,619,8322,0
1508,0,0,658,1,284,252,-103,72,611,8294,0
1512,0,0,657,1,284,252,-96,73,602,8294,0
1516,0,0,657,1,285,252,-86,73,599,8294,0
1520,0,0,657,1,285,252,-78,73,594,8363,0
1524,0,0,654,1,286,252,-75,74,588,8363,0
1528,0,0,655,1,286,252,-68,74,585,8405,0
1532,0,0,655,1,287,252,-57,75,584,8405,0
1536,0,0,653,1,287,252,-46,75,586,8405,0
1540,0,0,654,1,288,253,-42,75,584,8433,0
1544,0,0,653,1,288,253,-28,76,570,8433,0
1548,0,0,653,1,289,253,-21,76,569,8433,0
1552,0,0,652,1,289,253,-14,76,572,8433,0
1556,0,0,650,1,289,253,-3,77,578,8433,0
1560,0,0,649,1,290,254,3,77,580,8460,0
1564,0,0,647,1,290,254,7,77,581,8460,0
1568,0,0,646,1,290,254,17,78,586,8474,0
1572,0,0,647,1,291,254,21,78,590,8474,0
1576,0,0,645,1,291,254,25,78,594,8474,0
1580,0,0,646,1,291,254,32,79,598,8433,0
1584,0,0,644,1,291,254,35,79,601,8433,0
1588,0,0,644,1,291,254,35,79,605,8433,0
1592,0,0,645,1,291,254,35,79,608,8433,0
1596,0,0,643,1,292,254,39,80,606,8433,0
1600,0,0,645,1,292,255,39,80,605,8447,0
1604,0,0,643,1,292,255,39,80,604,8447,0
1608,0,0,644,1,292,255,43,81,604,8433,0
1612,0,0,645,1,292,255,43,81,600,8433,0
1616,0,0,644,1,293,255,39,81,598,8433,0
1620,0,0,645,1,293,256,39,81,596,8433,0
1624,0,0,643,1,293,256,42,82,592,8433,0
1628,0,0,645,1,293,256,42,82,591,8433,0
1632,0,0,644,1,293,256,39,82,591,8433,0
1636,0,0,643,1,293,256,35,83,592,8433,0
1640,0,0,643,1,293,256,35,83,593,8447,0
1644,0,0,642,1,293,257,32,83,595,8447,0
1648,0,0,643,1,293,257,32,83,598,8433,0
1652,0,0,642,1,293,257,32,84,601,8433,0
1656,0,0,641,1,293,257,28,84,604,8433,0
1660,0,0,643,1,293,257,28,84,607,8433,0
1664,0,0,642,1,293,257,28,85,611,8433,0
1668,0,0,643,1,293,257,21,85,616,8433,0
1672,0,0,643,1,293,258,21,85,617,8433,0
1676,0,0,641,1,293,258,21,86,617,8433,0
1680,0,0,642,1,293,258,21,86,616,8447,0
1684,0,0,641,1,293,258,21,86,613,8447,0
1688,0,0,641,1,293,258,21,86,610,8419,0
1692,0,0,642,1,294,258,21,87,609,8419,0
1696,0,0,641,1,294,258,25,87,609,8419,0
1700,0,0,642,1,294,258,21,87,610,8433,0
1704,0,0,642,1,294,258,21,88,608,8433,0
1708,0,0,642,1,294,258,17,88,607,8433,0
1712,0,0,641,1,294,258,17,88,607,8433,0
1716,0,0,641,1,294,258,17,89,606,8433,0
1720,0,0,642,1,294,259,14,89,605,8447,0
1724,0,0,642,1,294,259,14,89,605,8447,0
1728,0,0,641,1,295,259,14,90,606,8447,0
1732,0,0,642,1,295,259,17,90,609,8447,0
1736,0,0,640,1,295,259,17,90,609,8447,0
1740,0,0,641,1,295,259,17,90,610,8419,0
1744,0,0,641,1,295,259,17,91,614,8419,0
1748,0,0,641,1,295,259,14,91,616,8405,0
1752,0,0,641,1,295,260,14,91,616,8405,0
1756,0,0,640,1,295,260,17,92,615,8405,0
1760,0,0,640,1,295,260,17,92,615,8433,0
1764,0,0,639,1,295,260,17,92,614,8433,0
1768,0,0,639,1,295,260,17,93,612,8419,0
1772,0,0,639,1,296,260,17,93,611,8419,0
1776,0,0,638,1,296,260,21,93,608,8419,0
1780,0,0,639,1,296,261,17,94,606,8419,0
1784,0,0,638,1,296,261,17,94,605,8419,0
1788,0,0,639,1,296,261,21,94,605,8419,0
1792,0,0,639,1,296,261,21,94,606,8419,0
1796,0,0,638,1,297,261,17,95,607,8419,0
1800,0,0,639,1,297,262,21,95,610,8419,0
1804,0,0,637,1,297,262,25,95,611,8419,0
1808,0,0,637,1,297,262,25,96,612,8433,0
1812,0,0,636,1,297,262,25,96,614,8433,0
1816,0,0,635,1,297,262,25,96,615,8433,0
1820,0,0,636,1,297,262,25,97,616,8377,0
1824,0,0,635,1,298,263,21,97,616,8377,0
1828,0,0,636,1,298,263,28,97,614,8433,0
1832,0,0,637,1,298,263,25,97,610,8433,0
1836,0,0,636,1,298,264,25,98,608,8433,0
1840,0,0,637,1,299,264,28,98,606,8363,0
1844,0,0,634,1,299,264,32,98,604,8363,0
1848,0,0,635,1,299,265,32,99,603,8377,0
1852,0,0,635,1,299,265,32,99,604,8377,0
1856,0,0,632,1,300,265,32,99,605,8377,0
1860,0,0,634,1,300,266,32,100,605,8447,0
1864,0,0,633,1,300,266,39,100,608,8447,0
1868,0,0,633,1,301,266,39,100,609,8405,0
1872,0,0,632,1,301,267,39,100,609,8405,0
1876,0,0,631,1,301,267,39,101,612,8405,0
1880,0,0,633,1,301,268,43,101,612,8405,0
1884,0,0,631,1,301,268,43,101,612,8405,0
1888,0,0,631,1,302,268,42,102,611,8391,0
1892,0,0,630,1,302,269,46,102,609,8391,0
1896,0,0,629,1,303,269,50,102,609,8391,0
1900,0,0,632,1,303,270,46,102,607,8391,0
1904,0,0,629,1,303,270,50,103,605,8391,0
1908,0,0,628,1,304,271,50,103,602,8350,0
1912,0,0,627,1,304,271,50,103,600,8350,0
1916,0,0,627,1,305,272,57,103,598,8350,0
1920,0,0,628,1,305,272,60,104,596,8405,0
1924,0,0,625,1,305,273,64,104,596,8405,0
1928,0,0,626,1,306,274,60,104,597,8419,0
1932,0,0,626,1,306,274,64,105,598,8419,0
1936,0,0,624,1,307,275,68,105,598,8419,0
1940,0,0,625,1,307,275,64,105,599,8447,0
1944,0,0,623,1,307,276,68,105,602,8447,0
1948,0,0,623,1,308,277,71,106,603,8433,0
1952,0,0,622,1,308,277,75,106,605,8433,0
1956,0,0,622,1,309,278,75,106,607,8433,0
1960,0,0,622,1,309,278,78,106,607,8377,0
1964,0,0,620,1,309,279,75,107,606,8377,0
1968,0,0,620,1,310,280,78,107,606,8377,0
1972,0,0,619,1,310,281,85,107,605,8377,0
1976,0,0,618,1,311,282,82,107,604,8377,0
1980,0,0,619,1,311,282,85,108,601,8336,0
1984,0,0,617,1,312,283,89,108,600,8336,0
1988,0,0,617,1,312,284,93,108,597,8391,0
1992,0,0,617,1,313,285,93,108,596,8391,0
1996,0,0,615,1,313,286,93,109,596,8391,0
2000,0,0,616,1,314,286,96,109,595,8336,0
2004,0,0,615,1,315,287,96,109,594,8336,0
2008,0,0,614,1,315,288,100,109,594,8391,0
2012,0,0,613,1,315,289,107,110,593,8391,0
2016,0,0,612,1,316,290,103,110,593,8391,0
2020,0,0,614,1,317,291,107,110,594,8405,0
2024,0,0,612,1,317,292,103,110,595,8405,0
2028,0,0,612,1,317,292,107,111,597,8363,0
2032,0,0,611,1,318,293,107,111,599,8363,0
2036,0,0,610,1,319,294,111,111,601,8363,0
2040,0,0,611,1,319,295,114,111,603,8419,0
2044,0,0,608,1,319,296,114,112,603,8419,0
2048,0,0,609,1,320,297,114,112,604,8391,0
2052,0,0,609,1,321,298,118,112,605,8391,0
2056,0,0,608,1,321,299,118,112,606,8391,0
2060,0,0,609,1,321,300,118,112,607,8391,0
2064,0,0,608,1,322,301,121,113,605,8391,0
2068,0,0,607,1,323,302,121,113,604,8336,0
2072,0,0,608,1,323,303,121,113,603,8336,0
2076,0,0,606,1,324,304,125,113,598,8336,0
2080,0,0,607,1,325,305,125,114,595,8350,0
2084,0,0,606,1,325,306,125,114,594,8350,0
2088,0,0,606,1,326,307,128,114,595,8405,0
2092,0,0,606,1,326,308,125,114,594,8405,0
2096,0,0,605,1,327,309,132,114,594,8405,0
2100,0,0,606,1,327,310,132,115,594,8391,0
2104,0,0,604,1,328,311,132,115,594,8391,0
2108,0,0,604,1,329,312,132,115,595,8405,0
2112,0,0,605,1,329,313,132,115,596,8405,0
2116,0,0,603,1,330,314,132,116,598,8405,0
2120,0,0,604,1,330,315,136,116,603,8363,0
2124,0,0,603,1,331,316,136,116,605,8363,0
2128,0,0,603,1,332,317,136,116,606,8391,0
2132,0,0,602,1,332,318,136,116,608,8391,0
2136,0,0,602,1,333,319,136,117,608,8391,0
2140,0,0,603,1,333,320,139,117,608,8391,0
2144,0,0,601,1,334,321,136,117,606,8391,0
2148,0,0,601,1,335,322,139,117,605,8336,0
2152,0,0,603,1,335,323,143,117,607,8336,0
2156,0,0,601,1,336,324,139,118,607,8336,0
2160,0,0,602,1,337,325,146,118,604,8363,0
2164,0,0,600,1,337,326,146,118,602,8363,0
2168,0,0,600,1,338,327,146,118,601,8294,0
2172,0,0,600,1,339,328,146,118,598,8294,0
2176,0,0,599,1,340,330,150,119,598,8294,0
2180,0,0,600,1,341,331,146,119,599,8322,0
2184,0,0,599,1,341,332,150,119,597,8322,0
2188,0,0,600,1,342,333,150,119,597,8391,0
2192,0,0,599,1,343,334,157,119,596,8391,0
2196,0,0,599,1,343,335,154,120,594,8391,0
2200,0,0,600,1,344,336,154,120,595,8391,0
2204,0,0,599,1,345,338,154,120,596,8391,0
2208,0,0,600,1,346,339,157,120,599,8405,0
2212,0,0,599,1,347,340,154,120,601,8405,0
2216,0,0,599,1,347,341,157,121,602,8405,0
2220,0,0,600,1,348,342,154,121,601,8433,0
2224,0,0,600,1,349,343,164,121,604,8433,0
2228,0,0,600,1,350,344,164,121,604,8391,0
2232,0,0,599,1,350,345,164,121,603,8391,0
2236,0,0,600,1,351,346,164,122,608,8391,0
2240,0,0,600,1,352,348,164,122,607,8363,0
2244,0,0,600,1,353,349,168,122,605,8363,0
2248,0,0,600,1,354,350,168,122,604,8363,0
2252,0,0,601,1,355,351,164,122,602,8363,0
2256,0,0,601,1,355,352,172,122,602,8363,0
2260,0,0,601,1,356,354,168,123,603,8391,0
2264,0,0,601,1,357,355,168,123,598,8391,0
2268,0,0,601,1,358,356,172,123,598,8377,0
2272,0,0,602,1,359,357,175,123,601,8377,0
2276,0,0,601,1,360,358,175,123,598,8377,0
2280,0,0,602,1,361,360,179,124,599,8377,0
2284,0,0,602,1,362,361,179,124,603,8377,0
2288,0,0,602,1,363,362,175,124,605,8363,0
2292,0,0,602,1,364,363,179,124,603,8363,0
2296,0,0,601,1,365,364,179,124,600,8363,0
2300,0,0,602,1,366,366,182,124,601,8322,0
2304,0,0,602,1,367,367,182,125,603,8322,0
2308,0,0,602,1,368,368,182,125,600,8405,0
2312,0,0,602,1,369,369,189,125,600,8405,0
2316,0,0,602,1,370,370,189,125,602,8405,0
2320,0,0,603,1,371,372,189,125,601,8391,0
2324,0,0,602,1,372,373,189,125,597,8391,0
2328,0,0,602,1,373,374,189,126,597,8391,0
2332,0,0,602,1,374,376,193,126,601,8391,0
2336,0,0,602,1,375,377,193,126,602,8391,0
2340,0,0,604,1,376,378,193,126,603,8350,0
2344,0,0,603,1,377,379,197,126,604,8350,0
2348,0,0,604,1,378,381,197,126,603,8350,0
2352,0,0,605,1,379,382,197,127,602,8350,0
2356,0,0,605,1,381,383,197,127,602,8350,0
2360,0,0,606,1,382,384,200,127,603,8363,0
2364,0,0,605,1,383,386,200,127,601,8363,0
2368,0,0,606,1,384,387,204,127,600,8405,0
2372,0,0,606,1,385,388,200,127,600,8405,0
2376,0,0,606,1,386,389,204,128,601,8405,0
2380,0,0,607,1,387,391,204,128,601,8391,0
2384,0,0,606,1,389,392,204,128,601,8391,0
2388,0,0,607,1,390,393,207,128,601,8350,0
2392,0,0,607,1,391,394,204,128,602,8350,0
2396,0,0,607,1,392,396,207,128,602,8350,0
2400,0,0,609,1,393,397,207,129,603,8391,0
2404,0,0,608,1,395,398,211,129,603,8391,0
2408,0,0,609,1,396,400,211,129,602,8350,0
2412,0,0,609,1,397,401,207,129,603,8350,0
2416,0,0,608,1,399,402,211,129,601,8350,0
2420,0,0,609,1,400,404,214,129,597,8363,0
2424,0,0,608,1,401,405,211,129,598,8363,0
2428,0,0,608,1,403,406,214,130,600,8350,0
2432,0,0,609,1,404,408,218,130,601,8350,0
2436,0,0,608,1,405,409,218,130,600,8350,0
2440,0,0,610,1,407,410,222,130,599,8336,0
2444,0,0,609,1,408,412,222,130,599,8336,0
2448,0,0,610,1,409,413,222,130,600,8350,0
2452,0,0,611,1,411,414,225,130,600,8350,0
2456,0,0,610,1,412,416,229,131,600,8350,0
2460,0,0,611,1,413,417,225,131,599,8350,0
2464,0,0,610,1,415,418,229,131,601,8350,0
2468,0,0,611,1,416,420,229,131,599,8363,0
2472,0,0,612,1,417,421,232,131,603,8363,0
2476,0,0,609,1,419,423,232,131,604,8363,0
2480,0,0,612,1,421,424,236,131,603,8391,0
2484,0,0,612,1,422,426,240,132,599,8391,0
2488,0,0,611,1,423,427,236,132,599,8350,0
2492,0,0,613,1,425,428,240,132,600,8350,0
2496,0,0,613,1,426,430,240,132,599,8350,0
2500,0,0,614,1,428,431,243,132,599,8322,0
2504,0,0,613,1,429,433,243,132,597,8322,0
2508,0,0,614,1,431,434,247,132,596,8350,0
2512,0,0,615,1,432,436,250,132,595,8350,0
2516,0,0,614,1,434,437,250,133,596,8350,0
2520,0,0,615,1,435,438,247,133,598,8308,0
2524,0,0,615,1,437,440,254,133,598,8308,0
2528,0,0,615,1,439,441,254,133,595,8350,0
2532,0,0,617,1,440,443,254,133,594,8350,0
2536,0,0,616,1,442,444,257,133,595,8350,0
2540,0,0,617,1,443,446,257,133,597,8336,0
2544,0,0,616,1,445,447,257,133,597,8336,0
2548,0,0,616,1,447,449,257,133,597,8363,0
2552,0,0,617,1,448,450,261,134,600,8363,0
2556,0,0,616,1,450,452,261,134,601,8363,0
2560,0,0,618,1,451,453,265,134,601,8350,0
2564,0,0,618,1,453,454,265,134,601,8350,0
2568,0,0,618,1,455,456,265,134,599,8308,0
2572,0,0,619,1,456,458,265,134,598,8308,0
2576,0,0,618,1,458,459,268,134,597,8308,0
2580,0,0,619,1,460,460,265,134,596,8336,0
2584,0,0,619,1,461,462,268,134,595,8336,0
2588,0,0,618,1,463,463,272,135,595,8322,0
2592,0,0,620,1,465,465,272,135,593,8322,0
2596,0,0,618,1,466,466,272,135,591,8322,0
2600,0,0,619,1,468,468,275,135,592,8377,0
2604,0,0,619,1,469,469,272,135,596,8377,0
2608,0,0,620,1,471,471,275,135,597,8405,0
2612,0,0,620,1,473,472,275,135,595,8405,0
2616,0,0,619,1,475,474,275,135,597,8405,0
2620,0,0,620,1,476,475,279,135,599,8350,0
2624,0,0,620,1,478,477,279,135,599,8350,0
2628,0,0,620,1,480,478,275,136,599,8377,0
2632,0,0,620,1,481,480,279,136,599,8377,0
2636,0,0,620,1,483,481,279,136,600,8377,0
2640,0,0,621,1,485,483,279,136,602,8336,0
2644,0,0,620,1,486,484,279,136,601,8336,0
2648,0,0,620,1,488,486,286,136,600,8350,0
2652,0,0,620,1,490,487,279,136,604,8350,0
2656,0,0,620,1,491,489,283,136,603,8350,0
2660,0,0,621,1,493,490,283,136,602,8363,0
2664,0,0,619,1,495,492,283,136,600,8363,0
2668,0,0,620,1,497,494,286,137,598,8308,0
2672,0,0,620,1,498,495,286,137,594,8308,0
2676,0,0,619,1,500,497,279,137,594,8308,0
2680,0,0,620,1,501,498,286,137,596,8322,0
2684,0,0,620,1,503,500,286,137,596,8322,0
2688,0,0,621,1,505,501,286,137,595,8405,0
2692,0,0,621,1,507,503,286,137,595,8405,0
2696,0,0,620,1,508,504,286,137,600,8405,0
2700,0,0,620,1,510,506,286,137,606,8391,0
2704,0,0,620,1,512,508,290,137,608,8391,0
2708,0,0,620,1,513,509,286,137,605,8377,0
2712,0,0,620,1,515,511,290,138,605,8377,0
2716,0,0,619,1,517,512,286,138,607,8377,0
2720,0,0,620,1,518,514,290,138,607,8308,0
2724,0,0,619,1,520,516,290,138,607,8308,0
2728,0,0,619,1,522,517,290,138,604,8294,0
2732,0,0,619,1,523,519,290,138,604,8294,0
2736,0,0,617,1,525,521,290,138,604,8294,0
2740,0,0,618,1,527,522,293,138,601,8308,0
2744,0,0,617,1,529,524,293,138,600,8308,0
2749,0,0,618,1,530,526,293,138,598,8308,0
2752,0,0,617,1,532,528,297,138,596,8308,0
2756,0,0,617,1,534,529,293,138,594,8308,0
2760,0,0,618,1,535,531,297,139,593,8336,0
2764,0,0,616,1,537,533,297,139,590,8336,0
2768,0,0,617,1,539,534,297,139,590,8405,0
2772,0,0,618,1,541,536,297,139,592,8405,0
2776,0,0,616,1,542,538,304,139,594,8405,0
2780,0,0,617,1,544,540,300,139,596,8391,0
2784,0,0,617,1,545,542,297,139,603,8391,0
2788,0,0,616,1,547,543,301,139,605,8419,0
2792,0,0,616,1,549,545,301,139,606,8419,0
2796,0,0,615,1,551,547,301,139,606,8419,0
2800,0,0,615,1,552,548,301,139,606,8336,0
2804,0,0,615,1,554,550,304,139,606,8336,0
2808,0,0,615,1,556,552,304,140,609,8308,0
2812,0,0,615,1,557,554,300,140,608,8308,0
2816,0,0,614,1,559,556,308,140,601,8308,0
2820,0,0,616,1,561,557,304,140,596,8294,0
2824,0,0,615,1,562,559,304,140,596,8294,0
2828,0,0,615,1,564,561,308,140,603,8363,0
2832,0,0,616,1,566,563,304,140,601,8363,0
2836,0,0,615,1,567,564,308,140,595,8363,0
2840,0,0,616,1,569,566,308,140,593,8350,0
2844,0,0,614,1,571,568,311,140,598,8350,0
2848,0,0,615,1,573,570,308,140,601,8363,0
2852,0,0,616,1,574,572,311,140,597,8363,0
2856,0,0,615,1,576,574,308,140,596,8363,0
2860,0,0,617,1,577,576,308,140,601,8377,0
2864,0,0,617,1,579,577,311,141,603,8377,0
2868,0,0,618,1,581,579,311,141,605,8377,0
2872,0,0,619,1,583,581,308,141,603,8377,0
2876,0,0,618,1,584,583,308,141,604,8377,0
2880,0,0,619,1,586,584,311,141,605,8350,0
2884,0,0,618,1,588,586,311,141,606,8350,0
2888,0,0,618,1,589,588,311,141,603,8363,0
2892,0,0,620,1,591,590,315,141,602,8363,0
2896,0,0,620,1,593,592,315,141,603,8363,0
2900,0,0,620,1,595,594,311,141,598,8350,0
2904,0,0,620,1,596,596,311,141,596,8350,0
2908,0,0,620,1,598,597,315,141,601,8350,0
2912,0,0,620,1,600,599,311,141,604,8350,0
2916,0,0,619,1,602,601,311,141,601,8350,0
2920,0,0,619,1,603,602,315,142,600,8405,0
2924,0,0,618,1,605,604,315,142,603,8405,0
2928,0,0,619,1,607,606,318,142,607,8308,0
2932,0,0,621,1,609,608,318,142,608,8308,0
2936,0,0,619,1,610,610,315,142,608,8308,0
2940,0,0,622,1,612,612,315,142,608,8363,0
2944,0,0,620,1,614,613,311,142,607,8363,0
2948,0,0,620,1,615,615,315,142,609,8322,0
2952,0,0,621,1,617,617,315,142,607,8322,0
2956,0,0,620,1,619,619,318,142,604,8322,0
2960,0,0,621,1,621,621,318,142,604,8308,0
2964,0,0,620,1,623,623,315,142,602,8308,0
2968,0,0,622,1,624,624,315,142,599,8336,0
2972,0,0,623,1,626,626,322,142,595,8336,0
2976,0,0,623,1,628,628,322,142,597,8336,0
2980,0,0,623,1,630,630,318,143,598,8322,0
2984,0,0,624,1,632,632,322,143,600,8322,0
2988,0,0,623,1,633,634,322,143,599,8377,0
2992,0,0,625,1,635,636,318,143,601,8377,0
2996,0,0,624,1,637,638,322,143,606,8377,0
3000,0,0,625,1,639,640,322,143,606,8350,0
3004,0,0,624,1,641,642,322,143,605,8350,0
3008,0,0,625,1,643,644,322,143,607,8322,0
3012,0,0,624,1,644,646,329,143,608,8322,0
3016,0,0,623,1,646,647,329,143,606,8322,0
3020,0,0,624,1,648,649,326,143,603,8267,0
3024,0,0,624,1,650,651,322,143,604,8267,0
3028,0,0,625,1,652,653,322,143,603,8350,0
3032,0,0,626,1,653,655,326,143,600,8350,0
3036,0,0,626,1,655,657,329,143,599,8350,0
3040,0,0,628,1,657,659,329,143,597,8308,0
3044,0,0,627,1,659,661,333,144,598,8308,0
3048,0,0,628,1,661,663,333,144,599,8308,0
3052,0,0,628,1,663,665,329,144,596,8308,0
3056,0,0,629,1,665,667,333,144,599,8308,0
3060,0,0,630,1,667,669,333,144,606,8363,0
3064,0,0,630,1,669,671,336,144,606,8363,0
3068,0,0,631,1,671,673,336,144,604,8336,0
3072,0,0,632,1,673,674,336,144,605,8336,0
3076,0,0,632,1,675,676,336,144,606,8336,0
3080,0,0,633,1,677,678,340,144,604,8253,0
3084,0,0,634,1,679,680,340,144,600,8253,0
3088,0,0,633,1,681,682,340,144,598,8267,0
3092,0,0,635,1,683,684,343,144,596,8267,0
3096,0,0,635,1,685,686,343,144,595,8267,0
3100,0,0,636,1,687,688,347,144,595,8280,0
3104,0,0,636,1,689,690,347,144,594,8280,0
3108,0,0,636,1,691,692,347,144,592,8336,0
3112,0,0,637,1,693,694,351,144,593,8336,0
3116,0,0,636,1,695,696,351,144,594,8336,0
3120,0,0,637,1,697,698,354,144,593,8363,0
3124,0,0,636,1,700,700,358,144,591,8363,0
3128,0,0,636,1,702,702,358,145,590,8308,0
3132,0,0,638,1,704,704,358,145,596,8308,0
3136,0,0,637,1,706,706,358,145,602,8308,0
3140,0,0,639,1,708,708,354,145,593,8433,0
3144,0,0,638,1,710,710,354,145,594,8433,0
3148,0,0,639,1,712,712,354,145,600,8336,0
3152,0,0,640,1,715,714,361,145,602,8336,0
3156,0,0,639,1,717,716,361,145,596,8336,0
3160,0,0,640,1,719,718,361,145,599,8350,0
3164,0,0,638,1,721,720,361,145,606,8350,0
3168,0,0,640,1,723,721,361,145,608,8308,0
3172,0,0,640,1,725,723,361,145,606,8308,0
3176,0,0,639,1,727,725,358,145,609,8308,0
3180,0,0,641,1,729,727,361,145,612,8308,0
3184,0,0,640,1,731,729,361,145,605,8308,0
3188,0,0,640,1,734,731,361,145,602,8267,0
3192,0,0,641,1,736,733,361,145,604,8267,0
3196,0,0,640,1,738,735,361,145,606,8267,0
3200,0,0,641,1,740,737,361,145,601,8267,0
3204,0,0,642,1,743,739,361,145,594,8267,0
3208,0,0,642,1,745,741,365,145,597,8294,0
3212,0,0,643,1,747,743,361,145,596,8294,0
3216,0,0,641,1,749,745,361,145,584,8294,0
3220,0,0,642,1,751,747,365,145,583,8294,0
3224,0,0,641,1,754,749,365,145,589,8294,0
3228,0,0,641,1,756,751,365,145,592,8405,0
3232,0,0,640,1,758,753,365,145,590,8405,0
3236,0,0,639,1,760,755,365,145,591,8405,0
3240,0,0,640,1,763,757,372,145,596,8377,0
3244,0,0,638,1,765,759,372,145,601,8377,0
3248,0,0,637,1,767,761,372,145,605,8363,0
3252,0,0,637,1,769,763,369,145,605,8363,0
3256,0,0,636,1,771,765,372,145,607,8363,0
3260,0,0,636,1,773,767,376,145,611,8322,0
3264,0,0,635,1,776,769,376,145,608,8322,0
3268,0,0,635,1,778,772,376,146,604,8280,0
3272,0,0,634,1,780,774,376,146,602,8280,0
3276,0,0,634,1,782,776,379,146,601,8280,0
3280,0,0,635,1,785,778,376,146,596,8239,0
3284,0,0,635,1,787,780,379,146,596,8239,0
3288,0,0,635,1,789,782,379,146,596,8267,0
3292,0,0,636,1,791,784,379,146,592,8267,0
3296,0,0,635,1,793,787,387,146,593,8267,0
3300,0,0,636,1,796,789,387,146,598,8294,0
3304,0,0,634,1,798,791,387,146,597,8294,0
3308,0,0,634,1,800,793,383,146,594,8267,0
3312,0,0,634,1,803,795,383,146,596,8267,0
3316,0,0,634,1,805,798,390,146,601,8267,0
3320,0,0,634,1,807,800,387,146,595,8350,0
3324,0,0,634,1,809,802,387,146,592,8350,0
3328,0,0,633,1,812,804,390,146,596,8239,0
3332,0,0,634,1,814,806,394,146,596,8239,0
3336,0,0,632,1,816,809,394,146,590,8239,0
3340,0,0,631,1,819,811,390,146,593,8322,0
3344,0,0,630,1,821,813,394,146,596,8322,0
3348,0,0,630,1,823,816,394,146,592,8363,0
3352,0,0,629,1,825,818,397,146,591,8363,0
3356,0,0,627,1,827,820,397,146,592,8363,0
3360,0,0,627,1,830,822,394,146,590,8377,0
3364,0,0,625,1,832,824,394,146,591,8377,0
3368,0,0,624,1,834,826,397,146,595,8363,0
3372,0,0,624,1,837,829,397,146,591,8363,0
3376,0,0,622,1,839,831,401,146,587,8363,0
3380,0,0,623,1,841,833,401,146,595,8363,0
3384,0,0,621,1,843,836,397,146,596,8363,0
3388,0,0,621,1,845,838,401,146,592,8377,0
3392,0,0,621,1,847,840,401,146,592,8377,0
3396,0,0,620,1,849,842,397,146,597,8377,0
3400,0,0,621,1,851,844,397,146,598,8363,0
3404,0,0,619,1,854,846,401,146,595,8363,0
3408,0,0,620,1,856,849,401,146,597,8336,0
3412,0,0,621,1,858,851,401,146,606,8336,0
3416,0,0,619,1,860,853,394,146,606,8336,0
3420,0,0,620,1,862,856,394,146,605,8336,0
3424,0,0,619,1,864,858,397,146,604,8336,0
3428,0,0,618,1,866,860,394,146,602,8350,0
3432,0,0,619,1,868,862,390,146,600,8350,0
3436,0,0,617,1,870,864,394,146,597,8350,0
3440,0,0,617,1,873,867,397,146,596,8336,0
3444,0,0,617,1,875,869,394,146,593,8336,0
3448,0,0,617,1,877,871,394,146,595,8391,0
3452,0,0,616,1,879,873,390,146,596,8391,0
3456,0,0,615,1,881,876,387,146,594,8391,0
3460,0,0,617,1,883,878,390,146,596,8377,0
3464,0,0,614,1,885,880,390,146,598,8377,0
3468,0,0,613,1,887,882,387,146,599,8350,0
3472,0,0,615,1,889,884,390,146,599,8350,0
3476,0,0,613,1,891,887,387,146,601,8350,0
3480,0,0,614,1,893,889,386,146,604,8405,0
3484,0,0,613,1,895,891,387,146,602,8405,0
3488,0,0,613,1,897,893,383,146,601,8350,0
3492,0,0,614,1,898,896,383,146,602,8350,0
3496,0,0,614,1,900,898,383,146,600,8350,0
3500,0,0,614,1,902,900,383,146,600,8391,0
3504,0,0,614,1,904,902,376,146,601,8391,0
3508,0,0,614,1,906,904,376,146,603,8433,0
3512,0,0,615,1,908,906,379,146,605,8433,0
3516,0,0,614,1,910,908,379,146,602,8433,0
3520,0,0,615,1,912,911,379,146,598,8433,0
3524,0,0,615,1,914,913,376,146,598,8433,0
3528,0,0,614,1,916,915,376,146,603,8377,0
3532,0,0,615,1,917,917,376,146,606,8377,0
3536,0,0,615,1,919,919,372,146,601,8377,0
3540,0,0,616,1,921,921,369,146,603,8419,0
3544,0,0,616,1,923,923,369,146,610,8419,0
3548,0,0,617,1,925,925,369,146,614,8447,0
3552,0,0,618,1,927,927,365,146,611,8447,0
3556,0,0,616,1,929,929,369,146,611,8447,0
3560,0,0,618,1,931,931,365,146,619,8377,0
3564,0,0,618,1,933,933,365,146,617,8377,0
3568,0,0,618,1,934,935,365,146,610,8350,0
3572,0,0,619,1,936,937,361,146,614,8350,0
3576,0,0,619,1,938,939,358,146,621,8350,0
3580,0,0,621,1,940,941,358,146,612,8391,0
3584,0,0,621,1,942,943,358,146,608,8391,0
3588,0,0,621,1,944,945,358,146,610,8308,0
3592,0,0,623,1,946,947,358,146,613,8308,0
3596,0,0,621,1,948,949,351,147,610,8308,0
3600,0,0,623,1,949,951,354,147,607,8336,0
3604,0,0,621,1,951,953,358,147,606,8336,0
3608,0,0,622,1,953,955,354,147,608,8322,0
3612,0,0,623,1,955,957,354,147,610,8322,0
3616,0,0,622,1,957,959,351,147,610,8322,0
3620,0,0,623,1,959,961,354,147,611,8350,0
3624,0,0,624,1,961,963,351,147,616,8350,0
3628,0,0,623,1,963,965,354,147,617,8294,0
3632,0,0,624,1,966,968,354,147,616,8294,0
3636,0,0,623,1,968,969,354,147,614,8294,0
3640,0,0,624,1,970,972,354,147,612,8280,0
3644,0,0,624,1,972,974,354,147,611,8280,0
3648,0,0,625,1,974,976,354,147,617,8294,0
3652,0,0,624,1,976,978,358,147,616,8294,0
3656,0,0,624,1,978,980,354,147,610,8294,0
3660,0,0,625,1,980,982,354,147,605,8183,0
3664,0,0,625,1,982,984,354,147,604,8183,0
3668,0,0,625,1,985,986,358,147,599,8267,0
3672,0,0,625,1,987,988,361,147,596,8267,0
3676,0,0,626,1,989,991,365,147,594,8267,0
3680,0,0,627,1,991,993,365,147,597,8294,0
3684,0,0,627,1,993,995,365,147,599,8294,0
3688,0,0,628,1,995,997,365,147,599,8308,0
3692,0,0,629,1,997,1000,369,147,601,8308,0
3696,0,0,628,1,1000,1002,376,147,601,8308,0
3700,0,0,630,1,1002,1004,372,147,600,8363,0
3704,0,0,629,1,1004,1006,372,147,603,8363,0
3708,0,0,631,1,1006,1008,376,147,605,8267,0
3712,0,0,632,1,1009,1011,376,147,601,8267,0
3716,0,0,631,1,1011,1013,383,147,603,8267,0
3720,0,0,633,1,1013,1015,379,147,607,8239,0
3724,0,0,633,1,1015,1017,383,148,601,8239,0
3728,0,0,633,1,1017,1020,379,148,597,8239,0
3732,0,0,635,1,1020,1022,387,148,598,8239,0
3736,0,0,634,1,1022,1024,387,148,599,8239,0
3740,0,0,635,1,1024,1026,390,148,592,8267,0
3744,0,0,636,1,1027,1029,390,148,591,8267,0
3748,0,0,636,1,1029,1031,394,148,598,8322,0
3752,0,0,637,1,1031,1033,394,148,594,8322,0
3756,0,0,636,1,1034,1036,397,148,591,8322,0
3760,0,0,638,1,1036,1038,401,148,595,8294,0
3764,0,0,637,1,1039,1040,401,148,595,8294,0
3768,0,0,637,1,1041,1042,401,148,591,8336,0
3772,0,0,638,1,1043,1044,401,148,591,8336,0
3776,0,0,637,1,1046,1047,404,148,590,8336,0
3780,0,0,639,1,1048,1049,404,148,594,8336,0
3784,0,0,637,1,1050,1051,404,148,598,8336,0
3788,0,0,637,1,1053,1054,408,148,598,8308,0
3792,0,0,638,1,1055,1056,408,148,596,8308,0
3796,0,0,637,1,1057,1058,404,148,596,8308,0
3800,0,0,638,1,1060,1060,408,148,598,8267,0
3804,0,0,637,1,1062,1062,412,148,593,8267,0
3808,0,0,637,1,1065,1065,415,148,588,8253,0
3812,0,0,638,1,1067,1067,412,148,599,8253,0
3816,0,0,636,1,1070,1069,412,148,596,8253,0
3820,0,0,637,1,1072,1072,412,147,589,8350,0
3824,0,0,636,1,1075,1074,415,147,592,8350,0
3828,0,0,637,1,1077,1076,419,147,593,8308,0
3832,0,0,638,1,1079,1078,412,147,583,8308,0
3836,0,0,637,1,1082,1081,419,147,587,8308,0
3840,0,0,638,1,1084,1083,415,147,592,8336,0
3844,0,0,638,1,1087,1085,415,147,595,8336,0
3848,0,0,638,1,1089,1088,415,147,597,8363,0
3852,0,0,637,1,1091,1090,419,147,599,8363,0
3856,0,0,636,1,1094,1092,419,147,595,8363,0
3860,0,0,637,1,1096,1094,415,147,600,8391,0
3864,0,0,636,1,1099,1097,419,147,604,8391,0
3868,0,0,637,1,1101,1099,419,147,595,8350,0
3872,0,0,637,1,1103,1101,415,147,594,8350,0
3876,0,0,635,1,1106,1103,412,147,600,8350,0
3880,0,0,636,1,1108,1106,415,147,595,8308,0
3884,0,0,635,1,1111,1108,419,147,587,8308,0
3888,0,0,634,1,1113,1110,415,147,594,8322,0
3892,0,0,635,1,1115,1112,415,147,596,8322,0
3896,0,0,633,1,1117,1115,419,147,591,8322,0
3900,0,0,635,1,1120,1117,419,147,591,8322,0
3904,0,0,632,1,1122,1119,415,147,593,8322,0
3908,0,0,633,1,1125,1122,412,147,594,8322,0
3912,0,0,633,1,1127,1124,419,147,594,8322,0
3916,0,0,632,1,1129,1126,415,147,596,8322,0
3920,0,0,633,1,1131,1128,415,147,599,8447,0
3924,0,0,631,1,1134,1130,419,147,603,8447,0
3928,0,0,631,1,1136,1133,415,147,604,8377,0
3932,0,0,632,1,1138,1135,415,147,601,8377,0
3936,0,0,630,1,1141,1137,408,147,600,8377,0
3940,0,0,631,1,1143,1140,412,147,604,8267,0
3944,0,0,631,1,1145,1142,415,147,604,8267,0
3948,0,0,630,1,1147,1144,412,147,599,8350,0
3952,0,0,631,1,1149,1146,412,147,601,8350,0
3956,0,0,630,1,1152,1148,408,147,603,8350,0
3960,0,0,630,1,1154,1151,412,147,599,8336,0
3964,0,0,629,1,1156,1153,408,147,598,8336,0
3968,0,0,628,1,1159,1155,404,147,602,8322,0
3972,0,0,627,1,1161,1158,408,147,603,8322,0
3976,0,0,627,1,1163,1160,412,147,601,8322,0
3980,0,0,627,1,1165,1162,408,147,596,8363,0
3984,0,0,626,1,1168,1164,408,147,594,8363,0
3988,0,0,626,1,1170,1166,408,147,594,8350,0
3992,0,0,628,1,1172,1169,408,147,598,8350,0
3996,0,0,624,1,1174,1171,404,147,598,8350,0
4000,0,0,626,1,1177,1173,401,147,600,8350,0
4004,0,0,624,1,1179,1176,404,147,604,8350,0
4008,0,0,624,1,1181,1178,408,147,605,8391,0
4012,0,0,625,1,1183,1180,401,147,599,8391,0
4016,0,0,623,1,1185,1182,401,147,600,8391,0
4020,0,0,624,1,1187,1184,404,147,603,8294,0
4024,0,0,624,1,1190,1186,401,147,604,8294,0
4028,0,0,622,1,1192,1189,401,147,601,8391,0
4032,0,0,623,1,1194,1191,401,147,601,8391,0
4036,0,0,621,1,1196,1193,401,147,601,8391,0
4040,0,0,622,1,1198,1196,397,147,601,8308,0
4044,0,0,622,1,1201,1198,397,147,601,8308,0
4048,0,0,621,1,1203,1200,401,147,599,8405,0
4052,0,0,621,1,1205,1202,397,147,600,8405,0
4056,0,0,620,1,1207,1204,397,147,601,8405,0
4060,0,0,620,1,1209,1206,397,147,603,8363,0
4064,0,0,621,1,1211,1209,397,147,603,8363,0
4068,0,0,620,1,1213,1211,397,147,605,8363,0
4072,0,0,620,1,1215,1213,394,147,608,8363,0
4076,0,0,619,1,1217,1215,394,147,610,8363,0
4080,0,0,620,1,1219,1218,394,147,605,8363,0
4084,0,0,619,1,1221,1220,394,147,603,8363,0
4088,0,0,618,1,1224,1222,394,147,606,8294,0
4092,0,0,620,1,1226,1224,390,147,605,8294,0
4096,0,0,618,1,1228,1226,390,147,603,8294,0
4100,0,0,619,1,1230,1228,390,147,603,8294,0
4104,0,0,617,1,1232,1231,390,147,605,8294,0
4108,0,0,618,1,1234,1233,386,147,607,8377,0
4112,0,0,618,1,1236,1235,387,147,602,8377,0
4116,0,0,617,1,1238,1237,387,147,601,8377,0
4120,0,0,618,1,1240,1240,383,147,602,8363,0
4124,0,0,617,1,1242,1242,387,147,601,8363,0
4128,0,0,617,1,1245,1244,387,147,602,8433,0
4132,0,0,618,1,1247,1246,387,147,605,8433,0
4136,0,0,617,1,1249,1248,386,147,604,8433,0
4140,0,0,618,1,1251,1250,387,147,602,8391,0
4144,0,0,616,1,1253,1252,387,147,606,8391,0
4148,0,0,617,1,1255,1254,383,147,608,8322,0
4152,0,0,618,1,1257,1257,383,147,604,8322,0
4156,0,0,618,1,1259,1259,383,147,600,8322,0
4160,0,0,617,1,1261,1261,379,147,602,8308,0
4164,0,0,618,1,1263,1263,379,147,607,8308,0
4168,0,0,617,1,1265,1266,383,147,607,8391,0
4172,0,0,618,1,1267,1268,383,147,607,8391,0
4176,0,0,617,1,1269,1270,379,147,608,8391,0
4180,0,0,617,1,1271,1272,379,147,603,8377,0
4184,0,0,617,1,1273,1274,376,147,600,8377,0
4188,0,0,616,1,1275,1276,379,147,607,8363,0
4192,0,0,617,1,1277,1278,379,147,603,8363,0
4196,0,0,616,1,1279,1281,383,147,596,8363,0
4200,0,0,618,1,1281,1283,383,147,605,8336,0
4204,0,0,615,1,1283,1285,379,147,610,8336,0
4208,0,0,617,1,1285,1287,379,147,605,8419,0
4212,0,0,618,1,1287,1289,379,147,600,8419,0
4216,0,0,617,1,1289,1292,379,147,608,8419,0
4220,0,0,618,1,1291,1294,383,147,610,8405,0
4224,0,0,619,1,1293,1296,376,147,603,8405,0
4228,0,0,619,1,1295,1298,376,147,603,8405,0
4232,0,0,620,1,1297,1300,376,147,617,8405,0
4236,0,0,619,1,1299,1302,376,147,616,8405,0
4240,0,0,621,1,1301,1304,376,148,609,8405,0
4244,0,0,619,1,1303,1306,376,148,606,8405,0
4248,0,0,620,1,1305,1308,376,148,610,8308,0
4252,0,0,621,1,1307,1310,376,148,611,8308,0
4256,0,0,620,1,1309,1313,376,148,604,8308,0
4260,0,0,622,1,1311,1315,376,148,600,8211,0
4264,0,0,623,1,1314,1317,376,148,602,8211,0
4268,0,0,623,1,1316,1319,372,148,606,8308,0
4272,0,0,625,1,1318,1321,372,148,605,8308,0
4276,0,0,625,1,1320,1323,372,148,597,8308,0
4280,0,0,627,1,1322,1325,372,148,599,8350,0
4284,0,0,627,1,1324,1328,376,148,603,8350,0
4288,0,0,628,1,1326,1330,372,148,605,8419,0
4292,0,0,629,1,1329,1332,376,148,602,8419,0
4296,0,0,627,1,1331,1334,372,148,600,8419,0
4300,0,0,630,1,1333,1336,372,148,607,8363,0
4304,0,0,630,1,1335,1338,372,148,613,8363,0
4308,0,0,629,1,1337,1340,372,148,610,8322,0
4312,0,0,632,1,1339,1342,372,148,611,8322,0
4316,0,0,630,1,1341,1344,372,148,611,8322,0
4320,0,0,632,1,1343,1346,369,148,609,8308,0
4324,0,0,632,1,1345,1348,369,148,606,8308,0
4328,0,0,633,1,1347,1350,376,148,602,8322,0
4332,0,0,634,1,1349,1352,376,148,601,8322,0
4336,0,0,632,1,1352,1354,376,148,601,8322,0
4340,0,0,634,1,1354,1356,376,148,599,8322,0
4344,0,0,633,1,1356,1358,372,148,595,8322,0
4348,0,0,633,1,1358,1361,372,148,598,8267,0
4352,0,0,634,1,1360,1363,372,148,599,8267,0
4356,0,0,632,1,1363,1365,372,148,599,8267,0
4360,0,0,634,1,1365,1367,376,148,600,8377,0
4364,0,0,633,1,1367,1369,376,148,600,8377,0
4368,0,0,633,1,1369,1371,376,148,600,8391,0
4372,0,0,633,1,1371,1373,376,148,603,8391,0
4376,0,0,631,1,1373,1375,376,148,609,8391,0
4380,0,0,632,1,1375,1377,379,148,609,8377,0
4384,0,0,632,1,1377,1379,376,148,608,8377,0
4388,0,0,632,1,1380,1381,376,148,610,8322,0
4392,0,0,633,1,1382,1383,372,148,611,8322,0
4396,0,0,631,1,1384,1385,372,148,610,8322,0
4400,0,0,633,1,1386,1387,372,148,610,8294,0
4404,0,0,633,1,1389,1390,376,148,614,8294,0
4408,0,0,632,1,1391,1392,379,148,611,8322,0
4412,0,0,634,1,1393,1394,379,148,604,8322,0
4416,0,0,633,1,1395,1396,379,148,602,8322,0
4420,0,0,635,1,1397,1398,379,148,600,8142,0
4424,0,0,635,1,1399,1400,383,148,598,8142,0
4428,0,0,634,1,1402,1402,376,148,594,8294,0
4432,0,0,636,1,1404,1404,379,148,590,8294,0
4436,0,0,635,1,1406,1406,379,148,590,8294,0
4440,0,0,637,1,1408,1409,379,148,595,8350,0
4444,0,0,637,1,1411,1411,379,149,597,8350,0
4448,0,0,637,1,1413,1413,383,149,598,8377,0
4452,0,0,638,1,1415,1415,383,149,600,8377,0
4456,0,0,637,1,1417,1417,383,149,603,8377,0
4460,0,0,639,1,1419,1419,379,149,605,8336,0
4464,0,0,638,1,1422,1421,383,149,595,8336,0
4468,0,0,639,1,1424,1424,387,149,595,8336,0
4472,0,0,638,1,1426,1426,387,149,603,8336,0
4476,0,0,637,1,1428,1428,387,149,605,8336,0
4480,0,0,639,1,1431,1430,383,149,597,8377,0
4484,0,0,637,1,1433,1432,387,149,598,8377,0
4488,0,0,635,1,1435,1434,387,149,604,8350,0
4492,0,0,637,1,1437,1436,386,149,597,8350,0
4496,0,0,636,1,1439,1438,390,149,592,8350,0
4500,0,0,637,1,1441,1440,394,149,602,8336,0
4504,0,0,636,1,1444,1442,390,149,606,8336,0
4508,0,0,635,1,1446,1445,387,149,607,8405,0
4512,0,0,637,1,1448,1447,387,149,607,8405,0
4516,0,0,633,1,1451,1449,387,149,608,8405,0
4520,0,0,634,1,1453,1451,390,149,605,8322,0
4524,0,0,634,1,1455,1453,387,149,605,8322,0
4528,0,0,633,1,1457,1455,387,149,610,8336,0
4532,0,0,634,1,1459,1458,383,149,607,8336,0
4536,0,0,632,1,1461,1460,390,149,602,8336,0
4540,0,0,634,1,1464,1462,390,149,604,8308,0
4544,0,0,632,1,1466,1464,390,149,603,8308,0
4548,0,0,632,1,1468,1466,386,149,595,8267,0
4552,0,0,633,1,1471,1468,390,149,591,8267,0
4556,0,0,631,1,1473,1471,394,149,601,8267,0
4560,0,0,633,1,1475,1473,394,149,598,8322,0
4564,0,0,632,1,1477,1475,390,149,592,8322,0
4569,0,0,632,1,1480,1478,390,149,601,8294,0
4572,0,0,632,1,1482,1480,394,149,601,8294,0
4576,0,0,631,1,1484,1482,394,149,597,8294,0
4580,0,0,632,1,1486,1484,394,149,598,8377,0
4584,0,0,631,1,1489,1486,390,149,602,8377,0
4588,0,0,630,1,1491,1489,397,149,604,8350,0
4592,0,0,631,1,1493,1491,397,149,603,8350,0
4596,0,0,630,1,1495,1493,394,149,604,8350,0
4600,0,0,632,1,1498,1495,394,149,598,8253,0
4604,0,0,631,1,1500,1498,394,149,597,8253,0
4608,0,0,630,1,1502,1500,397,149,601,8322,0
4612,0,0,632,1,1504,1502,397,149,602,8322,0
4616,0,0,630,1,1507,1504,397,149,597,8322,0
4620,0,0,631,1,1509,1507,401,149,603,8308,0
4624,0,0,630,1,1511,1509,401,149,603,8308,0
4628,0,0,630,1,1513,1511,401,149,598,8267,0
4632,0,0,630,1,1516,1514,404,149,597,8267,0
4636,0,0,628,1,1518,1516,401,149,601,8267,0
4640,0,0,629,1,1521,1518,401,149,601,8308,0
4644,0,0,626,1,1523,1521,404,149,596,8308,0
4648,0,0,626,1,1525,1523,408,149,595,8322,0
4652,0,0,626,1,1527,1525,404,149,595,8322,0
4656,0,0,623,1,1530,1528,404,149,590,8322,0
4660,0,0,624,1,1532,1530,408,149,588,8308,0
4664,0,0,624,1,1534,1532,408,149,598,8308,0
4668,0,0,623,1,1537,1535,404,149,602,8363,0
4672,0,0,624,1,1539,1537,408,149,607,8363,0
4676,0,0,625,1,1541,1539,408,149,615,8363,0
4680,0,0,627,1,1543,1542,408,149,616,8253,0
4684,0,0,629,1,1545,1544,412,149,617,8253,0
4688,0,0,630,1,1547,1546,408,149,628,8170,0
4692,0,0,630,1,1549,1548,408,149,628,8170,0
4696,0,0,629,1,1551,1551,412,149,624,8170,0
4700,0,0,628,1,1554,1553,408,149,623,7976,0
4704,0,0,626,1,1556,1556,408,149,614,7976,0
4708,0,0,625,1,1558,1558,408,149,590,7948,0
4712,0,0,622,1,1560,1560,408,149,580,7948,0
4716,0,0,621,1,1562,1562,408,149,571,7948,0
4720,0,0,621,1,1565,1565,408,149,544,8156,0
4724,0,0,618,1,1567,1567,408,149,531,8156,0
4728,0,0,619,1,1569,1569,408,149,529,8405,0
4732,0,0,621,1,1571,1572,404,149,535,8405,0
4736,0,0,620,1,1573,1574,404,149,539,8405,0
4740,0,0,621,1,1575,1576,404,149,551,8474,0
4744,0,0,620,1,1577,1578,401,149,556,8474,0
4748,0,0,620,1,1578,1579,397,149,555,8502,0
4752,0,0,620,1,1580,1581,397,149,556,8502,0
4756,0,0,616,1,1581,1583,387,149,562,8502,0
4760,0,0,616,1,1583,1584,383,149,571,8405,0
4764,0,0,616,1,1584,1586,379,149,601,8405,0
4768,0,0,614,1,1585,1587,376,149,621,8419,0
4772,0,0,615,1,1587,1588,361,149,639,8419,0
4776,0,0,615,1,1588,1590,358,149,669,8419,0
4780,0,0,617,1,1589,1591,351,149,686,8502,0
4784,0,0,619,1,1590,1592,340,149,697,8502,0
4788,0,0,622,1,1591,1593,336,149,702,8253,0
4792,0,0,622,1,1593,1594,329,149,697,8253,0
4796,0,0,621,1,1594,1596,318,149,677,8253,0
4800,0,0,623,1,1595,1597,311,149,667,7879,0
4804,0,0,622,1,1597,1599,311,149,658,7879,0
4808,0,0,621,1,1599,1600,301,149,650,7920,0
4812,0,0,621,1,1600,1602,300,149,647,7920,0
4816,0,0,619,1,1602,1603,293,149,643,7920,0
4820,0,0,621,1,1603,1605,286,149,632,8045,0
4824,0,0,620,1,1605,1606,283,150,620,8045,0
4829,0,0,624,1,1607,1608,279,150,591,8114,0
4832,0,0,624,1,1608,1610,279,150,577,8114,0
4836,0,0,624,1,1610,1611,268,150,564,8114,0
4840,0,0,626,1,1611,1613,268,150,549,8336,0
4844,0,0,626,1,1613,1615,265,150,556,8336,0
4848,0,0,626,1,1614,1616,261,150,565,8474,0
4852,0,0,626,1,1615,1618,257,150,580,8474,0
4856,0,0,622,1,1616,1619,261,150,586,8474,0
4860,0,0,623,1,1617,1620,254,150,596,8419,0
4864,0,0,621,1,1619,1621,254,151,607,8419,0
4868,0,0,621,1,1619,1622,250,151,615,8460,0
4872,0,0,621,1,1620,1623,250,151,629,8460,0
4876,0,0,620,1,1621,1624,247,151,645,8460,0
4880,0,0,622,1,1622,1625,247,151,647,8474,0
4884,0,0,622,1,1623,1626,247,151,655,8474,0
4888,0,0,622,1,1624,1627,240,151,676,8391,0
4892,0,0,622,1,1625,1628,240,151,680,8391,0
4896,0,0,621,1,1626,1629,240,152,691,8391,0
4900,0,0,619,1,1627,1630,240,152,697,8239,0
4904,0,0,618,1,1628,1631,232,152,701,8239,0
4908,0,0,616,1,1630,1632,232,152,697,7907,0
4912,0,0,615,1,1631,1633,225,152,692,7907,0
4916,0,0,614,1,1632,1635,225,152,684,7907,0
4920,0,0,615,1,1634,1636,222,152,664,7630,0
4924,0,0,615,1,1635,1638,222,153,651,7630,0
4928,0,0,615,1,1637,1639,220,153,635,7546,0
4932,0,0,619,1,1638,1641,213,153,600,7546,0
4936,0,0,619,1,1640,1642,220,153,579,7546,0
4940,0,0,622,1,1641,1644,216,153,552,7740,0
4944,0,0,622,1,1643,1646,216,153,545,7740,0
4948,0,0,624,1,1644,1647,216,153,548,8280,0
4952,0,0,625,1,1646,1649,220,154,572,8280,0
4956,0,0,624,1,1647,1650,216,154,587,8280,0
4960,0,0,625,1,1648,1652,223,154,598,8460,0
4964,0,0,624,1,1650,1653,220,154,614,8460,0
4968,0,0,625,1,1651,1654,220,154,624,8419,0
4972,0,0,627,1,1652,1656,227,154,636,8419,0
4976,0,0,629,1,1653,1657,227,154,654,8419,0
4980,0,0,629,1,1655,1658,227,155,659,8336,0
4984,0,0,630,1,1656,1660,231,155,669,8336,0
4988,0,0,631,1,1658,1661,234,155,675,8073,0
4992,0,0,631,1,1659,1662,234,155,676,8073,0
4996,0,0,630,1,1661,1664,241,155,662,8073,0
5000,0,0,630,1,1663,1666,245,155,651,7740,0
5004,0,0,629,1,1664,1667,248,155,636,7740,0
5008,0,0,630,1,1666,1669,252,155,608,7602,0
5012,0,0,629,1,1668,1671,259,156,592,7602,0
5016,0,0,629,1,1670,1672,263,156,576,7602,0
5020,0,0,632,1,1672,1674,266,156,565,7934,0
5024,0,0,632,1,1674,1676,270,156,566,7934,0
5028,0,0,633,1,1676,1678,272,156,576,8197,0
5032,0,0,637,1,1677,1680,279,156,580,8197,0
5036,0,0,635,1,1679,1681,279,156,586,8197,0
5040,0,0,636,1,1681,1683,279,156,608,8391,0
5044,0,0,636,1,1683,1684,283,156,613,8391,0
5048,0,0,636,1,1685,1686,283,156,616,8336,0
5052,0,0,637,1,1687,1688,283,157,622,8336,0
5056,0,0,635,1,1689,1690,286,157,625,8336,0
5060,0,0,638,1,1691,1692,286,157,626,8100,0
5064,0,0,638,1,1693,1693,293,157,629,8100,0
5068,0,0,639,1,1695,1695,300,157,631,7962,0
5072,0,0,640,1,1697,1697,297,157,627,7962,0
5076,0,0,640,1,1699,1699,304,157,610,7962,0
5080,0,0,641,1,1701,1701,311,157,602,7768,0
5084,0,0,641,1,1703,1703,315,157,589,7768,0
5088,0,0,642,1,1705,1705,322,157,584,7920,0
5092,0,0,644,1,1708,1707,329,157,581,7920,0
5096,0,0,644,1,1710,1709,329,157,583,7920,0
5100,0,0,647,1,1712,1711,333,157,586,8100,0
5104,0,0,647,1,1715,1713,336,158,585,8100,0
5108,0,0,649,1,1717,1715,344,158,586,8183,0
5112,0,0,649,1,1719,1717,343,158,589,8183,0
5116,0,0,649,1,1721,1719,347,158,590,8183,0
5120,0,0,651,1,1724,1721,351,158,594,8183,0
5124,0,0,650,1,1726,1723,351,158,598,8183,0
5128,0,0,649,1,1728,1726,358,158,596,8156,0
5132,0,0,650,1,1731,1728,358,158,591,8156,0
5136,0,0,651,1,1733,1730,361,158,591,8156,0
5140,0,0,652,1,1735,1732,365,158,595,8128,0
5144,0,0,652,1,1738,1734,369,158,593,8128,0
5148,0,0,653,1,1740,1736,372,158,591,8059,0
5152,0,0,655,1,1743,1738,372,158,592,8059,0
5156,0,0,654,1,1745,1740,383,158,588,8059,0
5160,0,0,655,1,1748,1743,383,158,582,8114,0
5164,0,0,654,1,1750,1745,387,158,582,8114,0
5168,0,0,654,1,1753,1747,387,158,581,8087,0
5172,0,0,654,1,1755,1750,394,158,583,8087,0
5176,0,0,653,1,1758,1752,397,158,585,8087,0
5180,0,0,654,1,1761,1754,401,158,583,8211,0
5184,0,0,654,1,1763,1756,401,158,576,8211,0
5189,0,0,653,1,1766,1759,401,158,576,8128,0
5192,0,0,653,1,1768,1761,408,158,576,8128,0
5196,0,0,652,1,1771,1763,408,158,582,8128,0
5200,0,0,652,1,1773,1766,412,158,584,8211,0
5204,0,0,651,1,1776,1768,415,158,582,8211,0
5208,0,0,650,1,1779,1770,415,158,588,8239,0
5212,0,0,650,1,1781,1772,415,158,593,8239,0
5216,0,0,649,1,1784,1775,422,158,582,8239,0
5220,0,0,648,1,1786,1777,422,158,584,8183,0
5224,0,0,647,1,1789,1779,422,158,591,8183,0
5228,0,0,646,1,1791,1782,422,158,584,8211,0
5232,0,0,646,1,1794,1784,426,158,578,8211,0
5236,0,0,645,1,1796,1786,426,158,579,8211,0
5241,0,0,645,1,1799,1789,430,158,577,8225,0
5244,0,0,643,1,1801,1791,430,158,573,8225,0
5248,0,0,642,1,1804,1794,430,158,576,8322,0
5252,0,0,643,1,1806,1796,437,158,580,8322,0
5256,0,0,640,1,1809,1798,430,158,579,8322,0
5260,0,0,640,1,1811,1800,433,158,583,8350,0
5264,0,0,638,1,1813,1803,433,158,584,8350,0
5268,0,0,638,1,1816,1805,433,158,585,8391,0
5272,0,0,638,1,1818,1808,433,158,594,8391,0
5276,0,0,635,1,1820,1810,433,158,593,8391,0
5280,0,0,636,1,1823,1812,430,158,592,8350,0
5284,0,0,633,1,1825,1815,437,158,602,8350,0
5288,0,0,633,1,1827,1817,433,158,603,8294,0
5292,0,0,632,1,1829,1820,426,158,593,8294,0
5296,0,0,631,1,1831,1822,429,158,592,8294,0
5300,0,0,630,1,1834,1824,430,157,597,8211,0
5304,0,0,629,1,1836,1826,426,157,587,8211,0
5308,0,0,628,1,1838,1829,426,157,583,8253,0
5312,0,0,628,1,1840,1831,426,157,587,8253,0
5316,0,0,627,1,1843,1834,422,157,591,8253,0
5320,0,0,626,1,1845,1836,422,157,584,8336,0
5324,0,0,626,1,1847,1838,422,157,582,8336,0
5328,0,0,624,1,1849,1841,422,157,592,8363,0
5332,0,0,624,1,1851,1843,419,157,593,8363,0
5336,0,0,622,1,1853,1846,415,157,593,8363,0
5340,0,0,622,1,1855,1848,415,157,597,8391,0
5344,0,0,621,1,1857,1850,412,157,601,8391,0
5348,0,0,620,1,1859,1852,412,157,605,8419,0
5352,0,0,619,1,1861,1855,408,157,606,8419,0
5356,0,0,619,1,1863,1857,408,157,604,8419,0
5360,0,0,619,1,1865,1859,404,157,612,8350,0
5364,0,0,619,1,1867,1862,401,157,615,8350,0
5368,0,0,617,1,1869,1864,404,157,611,8336,0
5372,0,0,617,1,1871,1866,401,157,607,8336,0
5376,0,0,615,1,1873,1868,397,157,613,8336,0
5380,0,0,616,1,1875,1871,401,157,617,8225,0
5384,0,0,616,1,1877,1873,394,157,606,8225,0
5388,0,0,614,1,1879,1875,394,157,603,8253,0
5392,0,0,614,1,1881,1878,394,157,607,8253,0
5396,0,0,613,1,1882,1880,394,157,604,8253,0
5400,0,0,613,1,1884,1882,390,157,599,8280,0
5404,0,0,613,1,1886,1884,390,157,597,8280,0
5408,0,0,613,1,1888,1887,386,157,602,8350,0
5412,0,0,613,1,1890,1889,386,157,605,8350,0
5416,0,0,612,1,1892,1891,383,157,607,8350,0
5420,0,0,613,1,1894,1893,379,157,607,8322,0
5424,0,0,612,1,1895,1895,379,157,611,8322,0
5428,0,0,612,1,1897,1898,379,157,620,8336,0
5432,0,0,612,1,1899,1900,379,157,618,8336,0
5436,0,0,611,1,1901,1902,379,157,615,8336,0
5440,0,0,612,1,1903,1904,376,157,618,8239,0
5444,0,0,611,1,1905,1906,379,157,619,8239,0
5448,0,0,612,1,1907,1909,379,157,617,8239,0
5452,0,0,612,1,1909,1911,372,157,607,8239,0
5456,0,0,612,1,1911,1913,372,157,609,8239,0
5460,0,0,613,1,1913,1915,372,157,605,8183,0
5464,0,0,613,1,1915,1918,372,158,601,8183,0
5468,0,0,614,1,1917,1920,372,158,599,8253,0
5472,0,0,615,1,1919,1922,372,158,604,8253,0
5476,0,0,615,1,1921,1924,372,158,603,8253,0
5480,0,0,615,1,1923,1926,369,158,603,8322,0
5484,0,0,615,1,1925,1928,372,158,604,8322,0
5488,0,0,615,1,1927,1930,372,158,609,8336,0
5492,0,0,617,1,1929,1933,372,158,615,8336,0
5496,0,0,616,1,1931,1935,369,158,616,8336,0
5500,0,0,617,1,1933,1937,369,158,614,8280,0
5504,0,0,617,1,1935,1939,369,158,615,8280,0
5508,0,0,618,1,1937,1941,369,158,615,8239,0
5512,0,0,618,1,1939,1943,369,158,611,8239,0
5516,0,0,617,1,1941,1945,369,158,607,8239,0
5520,0,0,619,1,1943,1948,369,158,609,8239,0
5524,0,0,619,1,1945,1950,372,158,613,8239,0
5528,0,0,618,1,1947,1952,369,158,611,8294,0
5532,0,0,620,1,1949,1954,369,158,608,8294,0
5536,0,0,619,1,1951,1956,372,158,609,8294,0
5540,0,0,620,1,1953,1958,372,158,609,8197,0
5544,0,0,620,1,1955,1960,369,158,607,8197,0
5548,0,0,621,1,1958,1962,369,158,606,8211,0
5552,0,0,621,1,1960,1964,372,158,605,8211,0
5556,0,0,621,1,1962,1966,376,158,604,8211,0
5560,0,0,622,1,1964,1968,376,158,604,8294,0
5564,0,0,622,1,1966,1970,376,158,605,8294,0
5568,0,0,622,1,1968,1972,372,158,606,8308,0
5572,0,0,623,1,1971,1974,376,158,605,8308,0
5576,0,0,621,1,1973,1977,376,158,605,8308,0
5580,0,0,623,1,1975,1979,376,158,606,8308,0
5584,0,0,623,1,1977,1981,372,158,608,8308,0
5588,0,0,623,1,1979,1983,372,158,609,8280,0
5592,0,0,623,1,1981,1985,376,158,610,8280,0
5596,0,0,623,1,1984,1987,376,158,614,8280,0
5600,0,0,624,1,1986,1989,376,158,613,8253,0
5604,0,0,624,1,1988,1992,376,158,611,8253,0
5608,0,0,624,1,1991,1994,379,158,611,8211,0
5612,0,0,625,1,1993,1996,383,158,612,8211,0
5616,0,0,624,1,1995,1998,383,158,604,8211,0
5620,0,0,626,1,1997,2000,383,158,600,8211,0
5624,0,0,625,1,1999,2002,383,158,601,8211,0
5628,0,0,624,1,2002,2004,383,158,606,8239,0
5632,0,0,625,1,2004,2006,386,158,602,8239,0
5636,0,0,624,1,2006,2009,383,158,598,8239,0
5640,0,0,625,1,2009,2011,383,158,605,8197,0
5644,0,0,624,1,2011,2013,386,158,608,8197,0
5648,0,0,624,1,2013,2015,387,158,604,8267,0
5652,0,0,625,1,2015,2018,386,158,597,8267,0
5656,0,0,624,1,2018,2020,390,158,603,8267,0
5660,0,0,624,1,2020,2022,390,158,612,8225,0
5664,0,0,624,1,2023,2024,390,158,607,8225,0
5668,0,0,623,1,2025,2026,390,158,604,8211,0
5672,0,0,623,1,2027,2028,394,158,606,8211,0
5676,0,0,621,1,2029,2031,394,158,607,8211,0
5680,0,0,622,1,2032,2033,397,158,605,8211,0
5684,0,0,621,1,2034,2035,397,159,596,8211,0
5688,0,0,621,1,2036,2038,397,159,597,8156,0
5692,0,0,622,1,2039,2040,397,159,606,8156,0
5696,0,0,623,1,2041,2042,401,159,604,8156,0
5700,0,0,622,1,2043,2044,401,159,597,8225,0
5704,0,0,622,1,2046,2047,408,159,601,8225,0
5708,0,0,621,1,2048,2049,404,158,610,8170,0
5712,0,0,621,1,2050,2052,401,158,610,8170,0
5716,0,0,620,1,2053,2054,404,158,599,8170,0
5720,0,0,620,1,2055,2056,408,158,603,8156,0
5724,0,0,619,1,2057,2059,408,158,607,8156,0
5728,0,0,618,1,2059,2061,408,158,598,8197,0
5732,0,0,618,1,2062,2064,408,158,596,8197,0
5736,0,0,617,1,2064,2066,412,158,599,8197,0
5740,0,0,617,1,2066,2068,412,158,601,8142,0
5744,0,0,617,1,2069,2071,412,158,598,8142,0
5748,0,0,616,1,2071,2073,415,158,594,8211,0
5752,0,0,616,1,2073,2076,415,158,596,8211,0
5756,0,0,615,1,2075,2078,412,158,598,8211,0
5760,0,0,616,1,2078,2081,415,158,601,8225,0
5764,0,0,615,1,2080,2084,419,158,599,8225,0
5768,0,0,615,1,2082,2086,419,158,600,8156,0
5772,0,0,615,1,2085,2088,415,158,603,8156,0
5776,0,0,614,1,2087,2091,422,158,600,8156,0
5780,0,0,615,1,2089,2094,419,158,599,8183,0
5784,0,0,616,1,2091,2096,419,158,604,8183,0
5788,0,0,615,1,2094,2099,426,158,602,8114,0
5792,0,0,616,1,2096,2101,426,158,598,8114,0
5796,0,0,615,1,2098,2104,422,158,597,8114,0
5800,0,0,616,1,2100,2106,426,158,595,8073,0
5804,0,0,616,1,2103,2109,422,158,597,8073,0
5808,0,0,617,1,2105,2112,426,158,599,8170,0
5812,0,0,617,1,2107,2114,430,158,599,8170,0
5816,0,0,616,1,2109,2117,426,158,603,8170,0
5820,0,0,617,1,2112,2120,430,158,600,8142,0
5824,0,0,617,1,2114,2122,430,158,594,8142,0
5828,0,0,618,1,2117,2125,430,158,599,8128,0
5832,0,0,619,1,2119,2128,433,158,600,8128,0
5836,0,0,618,1,2121,2130,430,158,594,8128,0
5840,0,0,618,1,2124,2133,437,158,599,8211,0
5844,0,0,620,1,2126,2136,437,158,599,8211,0
5848,0,0,620,1,2128,2138,433,158,593,8128,0
5852,0,0,622,1,2131,2141,437,158,598,8128,0
5856,0,0,622,1,2133,2143,440,158,600,8128,0
5860,0,0,624,1,2136,2146,437,158,594,8183,0
5865,0,0,625,1,2138,2149,440,158,598,8183,0
5868,0,0,625,1,2141,2152,444,158,598,8170,0
5872,0,0,626,1,2143,2154,444,158,588,8170,0
5876,0,0,626,1,2146,2157,440,158,593,8170,0
5880,0,0,628,1,2148,2159,447,158,594,8211,0
5884,0,0,629,1,2151,2162,447,158,594,8211,0
5888,0,0,629,1,2153,2164,447,158,595,8142,0
5892,0,0,631,1,2156,2167,447,158,596,8142,0
5896,0,0,631,1,2158,2170,451,158,597,8142,0
5900,0,0,633,1,2161,2172,451,157,598,8211,0
5904,0,0,633,1,2163,2175,451,157,595,8211,0
5908,0,0,634,1,2166,2177,451,157,601,8239,0
5912,0,0,635,1,2169,2180,451,157,604,8239,0
5917,0,0,635,1,2171,2182,458,157,598,8170,0
5920,0,0,637,1,2174,2185,455,157,598,8170,0
5924,0,0,638,1,2176,2187,455,157,600,8170,0
5928,0,0,639,1,2179,2190,455,157,597,8142,0
5932,0,0,640,1,2182,2192,455,157,595,8142,0
5936,0,0,640,1,2184,2195,462,157,597,8142,0
5940,0,0,641,1,2187,2198,455,157,594,8170,0
5944,0,0,641,1,2190,2200,455,157,593,8170,0
5948,0,0,641,1,2193,2202,462,157,596,8211,0
5952,0,0,642,1,2195,2205,462,157,594,8211,0
5956,0,0,642,1,2198,2207,458,157,592,8211,0
5960,0,0,645,1,2201,2210,462,157,592,8253,0
5964,0,0,644,1,2203,2212,458,157,591,8253,0
5969,0,0,647,1,2206,2215,458,157,594,8239,0
5972,0,0,647,1,2209,2217,462,157,594,8239,0
5976,0,0,646,1,2211,2220,462,157,593,8239,0
5980,0,0,648,1,2214,2222,458,157,601,8211,0
5984,0,0,648,1,2217,2224,462,157,601,8211,0
5988,0,0,648,1,2220,2227,462,156,596,8280,0
5992,0,0,648,1,2222,2229,462,156,609,8280,0
5996,0,0,647,1,2225,2232,458,156,611,8280,0
6000,0,0,649,1,2228,2234,462,156,605,8211,0
6004,0,0,648,1,2231,2236,462,156,603,8211,0
6008,0,0,649,1,2234,2239,465,156,604,8059,0
6012,0,0,649,1,2237,2241,465,156,599,8059,0
6016,0,0,649,1,2239,2244,458,156,599,8059,0
6020,0,0,648,1,2242,2246,462,156,595,8211,0
6024,0,0,648,1,2245,2249,462,156,591,8211,0
6028,0,0,647,1,2248,2251,469,156,594,8142,0
6032,0,0,647,1,2251,2254,465,156,593,8142,0
6036,0,0,646,1,2254,2256,462,156,591,8142,0
6040,0,0,646,1,2257,2258,469,156,592,8211,0
6044,0,0,645,1,2259,2261,469,156,593,8211,0
6048,0,0,645,1,2262,2263,465,156,596,8336,0
6052,0,0,644,1,2265,2266,465,156,596,8336,0
6056,0,0,642,1,2268,2268,469,156,596,8336,0
6060,0,0,642,1,2270,2270,469,156,595,8253,0
6064,0,0,642,1,2273,2273,473,155,591,8253,0
6068,0,0,641,1,2276,2276,469,155,597,8211,0
6072,0,0,641,1,2279,2278,469,155,592,8211,0
6076,0,0,639,1,2282,2280,469,155,585,8211,0
6080,0,0,640,1,2285,2283,473,155,594,8267,0
6084,0,0,638,1,2287,2286,469,155,588,8267,0
6088,0,0,638,1,2290,2288,469,155,583,8239,0
6092,0,0,636,1,2293,2290,469,155,594,8239,0
6096,0,0,635,1,2295,2293,476,155,593,8239,0
6100,0,0,636,1,2298,2296,469,155,599,8336,0
6104,0,0,633,1,2301,2298,469,155,599,8336,0
6108,0,0,633,1,2303,2300,465,155,592,8280,0
6112,0,0,633,1,2306,2303,469,155,596,8280,0
6116,0,0,630,1,2308,2305,473,155,597,8280,0
6120,0,0,630,1,2311,2308,465,155,597,8350,0
6124,0,0,628,1,2313,2310,469,155,603,8350,0
6128,0,0,627,1,2316,2313,465,155,606,8350,0
6132,0,0,627,1,2318,2315,465,155,603,8350,0
6136,0,0,625,1,2321,2318,462,154,602,8350,0
6140,0,0,624,1,2323,2320,462,154,603,8197,0
6144,0,0,624,1,2326,2322,458,154,602,8197,0
6148,0,0,623,1,2328,2325,462,154,603,8294,0
6152,0,0,621,1,2331,2328,458,154,604,8294,0
6156,0,0,620,1,2333,2330,455,154,599,8294,0
6160,0,0,619,1,2335,2332,455,154,597,8267,0
6164,0,0,618,1,2337,2335,451,154,597,8267,0
6168,0,0,616,1,2340,2338,455,154,592,8308,0
6172,0,0,615,1,2342,2340,451,154,595,8308,0
6176,0,0,614,1,2345,2343,447,154,599,8308,0
6180,0,0,612,1,2347,2345,447,154,603,8391,0
6184,0,0,611,1,2349,2348,447,154,606,8391,0
6188,0,0,610,1,2351,2350,444,154,613,8363,0
6192,0,0,609,1,2353,2353,440,154,609,8363,0
6196,0,0,607,1,2355,2355,437,154,607,8363,0
6200,0,0,607,1,2357,2358,440,154,615,8267,0
6204,0,0,605,1,2360,2360,440,154,611,8267,0
6208,0,0,605,1,2362,2363,440,154,606,8308,0
6212,0,0,606,1,2364,2366,433,154,614,8308,0
6216,0,0,605,1,2366,2368,433,154,610,8308,0
6220,0,0,607,1,2368,2371,433,154,604,8294,0
6224,0,0,607,1,2370,2373,430,154,613,8294,0
6229,0,0,609,1,2372,2376,426,154,602,8294,0
6232,0,0,609,1,2374,2378,426,154,602,8294,0
6236,0,0,611,1,2376,2381,429,154,606,8294,0
6240,0,0,611,1,2379,2384,426,154,611,8280,0
6244,0,0,612,1,2381,2386,430,154,603,8280,0
6248,0,0,612,1,2383,2389,422,154,599,8322,0
6252,0,0,614,1,2385,2391,426,153,596,8322,0
6256,0,0,614,1,2387,2394,422,153,598,8322,0
6260,0,0,615,1,2389,2396,422,153,594,8308,0
6264,0,0,615,1,2391,2399,419,153,589,8308,0
6268,0,0,615,1,2393,2401,422,153,597,8377,0
6272,0,0,617,1,2396,2404,419,153,608,8377,0
6276,0,0,616,1,2398,2406,422,153,608,8377,0
6280,0,0,618,1,2400,2409,415,153,609,8405,0
6284,0,0,617,1,2402,2411,419,153,614,8405,0
6288,0,0,617,1,2405,2414,415,153,619,8363,0
6292,0,0,618,1,2407,2416,422,153,630,8363,0
6296,0,0,618,1,2409,2418,419,153,639,8363,0
6300,0,0,619,1,2411,2421,419,153,649,8322,0
6304,0,0,619,1,2413,2423,415,153,653,8322,0
6308,0,0,618,1,2416,2426,415,153,655,8031,0
6312,0,0,619,1,2418,2429,419,153,642,8031,0
6316,0,0,617,1,2421,2431,419,153,631,8031,0
6320,0,0,619,1,2423,2434,419,153,623,7893,0
6324,0,0,619,1,2425,2437,422,153,614,7893,0
6328,0,0,619,1,2428,2440,430,153,607,7893,0
6332,0,0,620,1,2431,2442,426,153,603,7893,0
6336,0,0,619,1,2433,2445,433,153,599,7893,0
6340,0,0,619,1,2436,2448,432,153,597,7920,0
6344,0,0,619,1,2439,2451,436,153,593,7920,0
6348,0,0,619,1,2441,2454,443,153,588,7865,0
6352,0,0,619,1,2444,2457,443,153,590,7865,0
6356,0,0,619,1,2447,2460,450,153,585,7865,0
6360,0,0,622,1,2450,2463,454,153,587,8114,0
6364,0,0,622,1,2453,2466,461,153,592,8114,0
6368,0,0,623,1,2456,2468,457,153,601,8170,0
6372,0,0,625,1,2459,2472,468,153,610,8170,0
6376,0,0,625,1,2462,2474,468,153,611,8170,0
6380,0,0,627,1,2465,2478,475,153,610,8073,0
6384,0,0,627,1,2468,2481,475,153,608,8073,0
6388,0,0,627,1,2471,2484,486,153,604,8073,0
6392,0,0,628,1,2474,2487,482,153,602,8073,0
6396,0,0,629,1,2477,2490,493,152,595,8073,0
6400,0,0,631,1,2480,2493,497,152,583,8087,0
6404,0,0,631,1,2483,2496,504,152,582,8087,0
6408,0,0,632,1,2486,2500,507,152,576,8073,0
6412,0,0,634,1,2489,2503,515,152,582,8073,0
6416,0,0,633,1,2492,2506,518,152,579,8073,0
6420,0,0,635,1,2495,2509,529,152,578,8183,0
6424,0,0,636,1,2498,2512,529,152,580,8183,0
6428,0,0,635,1,2501,2516,529,152,579,8225,0
6432,0,0,638,1,2505,2519,536,152,587,8225,0
6436,0,0,638,1,2508,2522,536,152,580,8225,0
6440,0,0,639,1,2511,2525,544,151,585,8183,0
6444,0,0,638,1,2514,2528,544,151,590,8183,0
6448,0,0,639,1,2517,2532,544,151,597,8211,0
6452,0,0,640,1,2521,2535,548,151,602,8211,0
6456,0,0,640,1,2524,2538,551,151,591,8211,0
6460,0,0,642,1,2527,2542,555,151,596,8156,0
6464,0,0,643,1,2531,2545,555,151,592,8156,0
6468,0,0,643,1,2534,2548,562,151,597,8183,0
6472,0,0,644,1,2537,2551,562,150,589,8183,0
6476,0,0,644,1,2540,2555,566,150,582,8183,0
6480,0,0,646,1,2544,2558,566,150,587,8183,0
6484,0,0,646,1,2547,2561,573,150,581,8183,0
6488,0,0,646,1,2550,2565,573,150,586,8197,0
6492,0,0,650,1,2554,2568,580,150,581,8197,0
6496,0,0,648,1,2557,2572,576,150,586,8197,0
6500,0,0,649,1,2560,2575,580,149,581,8225,0
6504,0,0,650,1,2563,2578,584,149,584,8225,0
6508,0,0,650,1,2567,2582,584,149,584,8225,0
6512,0,0,652,1,2570,2585,584,149,590,8225,0
6516,0,0,652,1,2574,2588,587,149,593,8225,0
6520,0,0,654,1,2577,2592,587,149,590,8239,0
6524,0,0,654,1,2581,2595,591,149,601,8239,0
6528,0,0,655,1,2584,2599,591,148,596,8225,0
6532,0,0,656,1,2587,2602,594,148,601,8225,0
6536,0,0,656,1,2591,2606,594,148,596,8225,0
6540,0,0,657,1,2594,2609,591,148,597,8253,0
6544,0,0,659,1,2598,2612,598,148,589,8253,0
6549,0,0,659,1,2601,2616,598,148,596,8239,0
6552,0,0,661,1,2605,2619,602,148,596,8239,0
6556,0,0,660,1,2608,2622,602,147,596,8239,0
6560,0,0,662,1,2611,2626,602,147,594,8253,0
6564,0,0,662,1,2615,2630,605,147,588,8253,0
6568,0,0,664,1,2618,2633,602,147,593,8267,0
6572,0,0,664,1,2622,2636,605,147,593,8267,0
6576,0,0,664,1,2625,2640,609,147,598,8267,0
6580,0,0,667,1,2629,2643,609,146,594,8267,0
6584,0,0,667,1,2632,2647,609,146,595,8267,0
6588,0,0,666,1,2636,2650,609,146,595,8267,0
6592,0,0,669,1,2639,2654,609,146,597,8267,0
6596,0,0,668,1,2643,2657,612,146,599,8267,0
6600,0,0,669,1,2646,2660,612,146,601,8267,0
6604,0,0,669,1,2650,2664,612,145,598,8267,0
6608,0,0,670,1,2653,2667,616,145,593,8239,0
6612,0,0,672,1,2657,2671,616,145,593,8239,0
6616,0,0,671,1,2660,2674,616,145,589,8239,0
6620,0,0,673,1,2663,2678,616,145,594,8280,0
6624,0,0,673,1,2667,2681,612,144,595,8280,0
6628,0,0,673,1,2671,2685,619,144,600,8294,0
6632,0,0,675,1,2674,2688,616,144,596,8294,0
6636,0,0,676,1,2678,2692,619,144,600,8294,0
6640,0,0,677,1,2681,2695,619,144,598,8294,0
6644,0,0,677,1,2685,2698,619,144,603,8294,0
6648,0,0,678,1,2688,2702,619,143,600,8280,0
6653,0,0,680,1,2692,2706,623,143,596,8280,0
6656,0,0,680,1,2695,2709,619,143,595,8280,0
6660,0,0,683,1,2699,2712,623,143,599,8308,0
6664,0,0,683,1,2702,2716,619,143,603,8308,0
6668,0,0,685,1,2706,2720,627,143,593,8294,0
6672,0,0,685,1,2709,2723,623,142,591,8294,0
6676,0,0,684,1,2713,2727,623,142,588,8294,0
6680,0,0,686,1,2716,2730,623,142,607,8308,0
6684,0,0,686,1,2720,2734,627,142,607,8308,0
6688,0,0,686,1,2723,2737,627,142,604,8322,0
6692,0,0,690,1,2727,2741,627,141,595,8322,0
6696,0,0,688,1,2730,2744,627,141,600,8322,0
6700,0,0,689,1,2734,2748,627,141,608,8294,0
6704,0,0,689,1,2737,2752,627,141,610,8294,0
6708,0,0,689,1,2741,2755,627,141,604,8322,0
6712,0,0,691,1,2744,2758,630,141,603,8322,0
6716,0,0,691,1,2748,2762,627,140,601,8322,0
6720,0,0,693,1,2751,2766,630,140,597,8280,0
6724,0,0,694,1,2755,2769,630,140,601,8280,0
6728,0,0,694,1,2759,2772,630,140,598,8294,0
6732,0,0,696,1,2762,2776,630,140,601,8294,0
6736,0,0,695,1,2765,2780,630,139,603,8294,0
6740,0,0,697,1,2769,2783,630,139,609,8322,0
6744,0,0,698,1,2773,2787,630,139,605,8322,0
6748,0,0,699,1,2776,2790,630,139,610,8294,0
6752,0,0,700,1,2779,2794,630,139,608,8294,0
6757,0,0,699,1,2783,2798,630,139,620,8294,0
6760,0,0,702,1,2786,2801,630,138,616,8322,0
6764,0,0,702,1,2790,2804,634,138,614,8322,0
6768,0,0,704,1,2793,2808,630,138,608,8294,0
6772,0,0,705,1,2797,2812,630,138,608,8294,0
6776,0,0,704,1,2800,2815,627,138,604,8294,0
6780,0,0,707,1,2803,2819,634,137,610,8294,0
6784,0,0,707,1,2807,2822,630,137,614,8294,0
6788,0,0,706,1,2811,2826,630,137,617,8294,0
6792,0,0,709,1,2814,2830,630,137,613,8294,0
6796,0,0,708,1,2817,2833,630,137,610,8294,0
6800,0,0,711,1,2821,2837,630,137,621,8322,0
6804,0,0,710,1,2824,2840,627,136,620,8322,0
6808,0,0,710,1,2828,2844,630,136,622,8322,0
6812,0,0,712,1,2831,2848,627,136,616,8322,0
6816,0,0,711,1,2835,2851,630,136,620,8322,0
6820,0,0,713,1,2838,2855,627,136,619,8280,0
6824,0,0,713,1,2841,2858,630,135,620,8280,0
6828,0,0,713,1,2845,2862,627,135,618,8308,0
6832,0,0,715,1,2848,2865,627,135,623,8308,0
6836,0,0,714,1,2852,2869,627,135,618,8308,0
6840,0,0,716,1,2855,2872,634,135,619,8308,0
6844,0,0,715,1,2859,2876,627,134,614,8308,0
6848,0,0,716,1,2862,2880,630,134,619,8294,0
6852,0,0,717,1,2866,2883,627,134,622,8294,0
6856,0,0,716,1,2869,2886,630,134,619,8294,0
6861,0,0,717,1,2873,2890,627,134,627,8308,0
6864,0,0,717,1,2876,2894,627,134,627,8308,0
6868,0,0,718,1,2880,2897,627,133,632,8280,0
6872,0,0,718,1,2883,2901,627,133,630,8280,0
6876,0,0,717,1,2887,2904,634,133,630,8280,0
6880,0,0,718,1,2890,2908,627,133,633,8308,0
6884,0,0,717,1,2893,2911,627,133,640,8308,0
6888,0,0,716,1,2897,2915,627,132,633,8294,0
6892,0,0,718,1,2900,2918,630,132,634,8294,0
6896,0,0,716,1,2904,2922,627,132,635,8294,0
6900,0,0,718,1,2907,2926,630,132,640,8280,0
6904,0,0,717,1,2911,2929,630,132,638,8280,0
6908,0,0,715,1,2914,2932,627,132,635,8294,0
6912,0,0,717,1,2918,2936,627,131,635,8294,0
6916,0,0,715,1,2921,2940,630,131,636,8294,0
6920,0,0,716,1,2925,2943,627,131,635,8294,0
6924,0,0,716,1,2928,2947,627,131,637,8294,0
6928,0,0,715,1,2932,2950,627,131,643,8294,0
6932,0,0,717,1,2935,2954,630,130,650,8294,0
6936,0,0,715,1,2939,2957,627,130,652,8294,0
6940,0,0,716,1,2942,2960,623,130,654,8280,0
6944,0,0,714,1,2945,2964,627,130,661,8280,0
6948,0,0,715,1,2949,2968,627,130,660,8280,0
6952,0,0,716,1,2953,2971,627,130,658,8280,0
6956,0,0,713,1,2956,2974,627,129,653,8280,0
6960,0,0,715,1,2959,2978,627,129,656,8253,0
6965,0,0,713,1,2963,2982,627,129,660,8253,0
6968,0,0,716,1,2966,2985,627,129,658,8239,0
6972,0,0,714,1,2970,2988,627,129,657,8239,0
6976,0,0,712,1,2973,2992,623,128,660,8239,0
6980,0,0,716,1,2977,2995,623,128,662,8294,0
6984,0,0,711,1,2980,2999,623,128,662,8294,0
6988,0,0,713,1,2984,3002,623,128,665,8239,0
6992,0,0,712,1,2987,3006,623,128,666,8239,0
6996,0,0,710,1,2991,3009,623,128,673,8239,0
7000,0,0,711,1,2994,3012,619,127,675,8280,0
7004,0,0,709,1,2997,3016,623,127,679,8280,0
7008,0,0,708,1,3001,3019,619,127,680,8280,0
7012,0,0,708,1,3005,3023,623,127,681,8280,0
7017,0,0,708,1,3008,3026,616,127,679,8267,0
7020,0,0,708,1,3011,3029,623,127,680,8267,0
7024,0,0,707,1,3015,3033,619,126,678,8267,0
7028,0,0,706,1,3018,3036,619,126,681,8267,0
7032,0,0,706,1,3022,3040,619,126,687,8267,0
7036,0,0,705,1,3025,3043,616,126,687,8267,0
7040,0,0,706,1,3029,3046,619,126,687,8225,0
7044,0,0,703,1,3032,3050,616,125,693,8225,0
7048,0,0,704,1,3035,3053,616,125,701,8239,0
7052,0,0,705,1,3039,3056,616,125,702,8239,0
7056,0,0,701,1,3042,3060,612,125,705,8239,0
7060,0,0,704,1,3046,3063,616,125,709,8253,0
7064,0,0,703,1,3049,3067,612,125,717,8253,0
7068,0,0,701,1,3053,3070,616,124,717,8253,0
7072,0,0,701,1,3056,3074,612,124,719,8253,0
7076,0,0,698,1,3059,3077,612,124,726,8253,0
7080,0,0,699,1,3063,3080,616,124,723,8211,0
7084,0,0,698,1,3066,3084,612,124,725,8211,0
7088,0,0,699,1,3069,3087,612,124,729,8211,0
7092,0,0,698,1,3073,3090,609,123,737,8211,0
7096,0,0,696,1,3076,3094,609,123,741,8211,0
7100,0,0,700,1,3079,3097,609,123,745,8211,0
7104,0,0,696,1,3083,3100,609,123,750,8211,0
7108,0,0,695,1,3086,3104,612,123,763,8211,0
7112,0,0,696,1,3089,3107,609,123,763,8211,0
7116,0,0,693,1,3093,3111,609,122,759,8211,0
7120,0,0,696,1,3096,3114,605,122,773,8197,0
7124,0,0,692,1,3099,3117,609,122,777,8197,0
7128,0,0,692,1,3103,3121,605,122,778,8183,0
7132,0,0,696,1,3106,3124,602,122,777,8183,0
7136,0,0,693,1,3109,3127,609,122,786,8183,0
7140,0,0,696,1,3113,3130,602,121,798,8197,0
7144,0,0,693,1,3116,3134,602,121,799,8197,0
7148,0,0,694,1,3119,3137,605,121,802,8183,0
7152,0,0,696,1,3123,3140,602,121,816,8183,0
7156,0,0,693,1,3126,3144,601,121,821,8183,0
7160,0,0,696,1,3129,3147,601,121,820,8197,0
7164,0,0,691,1,3132,3150,601,120,832,8197,0
7168,0,0,692,1,3135,3154,594,120,838,8197,0
7172,0,0,693,1,3139,3157,594,120,843,8197,0
7176,0,0,690,1,3142,3160,594,120,851,8197,0
7180,0,0,693,1,3145,3164,594,120,855,8156,0
7184,0,0,691,1,3148,3167,594,120,869,8156,0
7188,0,0,691,1,3151,3170,594,119,872,8170,0
7192,0,0,692,1,3155,3173,591,119,872,8170,0
7196,0,0,687,1,3158,3177,591,119,883,8170,0
7200,0,0,692,1,3161,3180,594,119,895,8156,0
7204,0,0,687,1,3164,3183,591,119,905,8156,0
7208,0,0,693,1,3167,3187,587,119,916,8183,0
7212,0,0,691,1,3170,3190,587,119,925,8183,0
7216,0,0,685,1,3174,3193,587,118,929,8183,0
7220,0,0,693,1,3177,3196,587,118,941,8156,0
7224,0,0,686,1,3180,3200,584,118,940,8156,0
7228,0,0,683,1,3183,3203,584,118,944,8142,0
7232,0,0,688,1,3186,3206,587,118,959,8142,0
7236,0,0,680,1,3189,3210,580,118,961,8142,0
7240,0,0,686,1,3193,3213,580,118,976,8156,0
7244,0,0,680,1,3196,3216,584,117,985,8156,0
7248,0,0,675,1,3199,3220,580,117,986,8170,0
7252,0,0,676,1,3202,3223,580,117,994,8170,0
7256,0,0,665,1,3205,3226,584,117,996,8170,0
7260,0,0,672,1,3208,3229,576,117,996,8183,0
7264,0,0,663,1,3212,3233,576,117,997,8183,0
7268,0,0,664,1,3215,3236,584,117,997,8183,0
7272,0,0,672,1,3218,3240,584,116,997,8183,0
7276,0,0,659,1,3222,3243,580,116,998,8183,0
7280,0,0,670,1,3225,3246,584,116,998,8211,0
7284,0,0,670,1,3228,3250,584,116,997,8211,0
7288,0,0,668,1,3232,3253,580,116,997,8225,0
7292,0,0,672,1,3235,3257,584,116,998,8225,0
7296,0,0,665,1,3239,3260,591,115,998,8225,0
7300,0,0,676,1,3242,3264,584,115,997,8267,0
7304,0,0,666,1,3245,3267,587,115,998,8267,0
7308,0,0,661,1,3249,3271,591,115,998,8294,0
7312,0,0,673,1,3253,3274,594,115,765,8294,0
7316,0,0,663,1,3256,3278,594,115,476,8294,0
7320,0,0,669,1,3259,3282,598,115,615,8183,0
7324,0,0,653,1,3263,3285,598,114,593,8183,0
7329,0,0,656,1,3266,3288,602,114,628,8156,0
7332,0,0,643,1,3269,3292,602,114,725,8156,0
7336,0,0,631,1,3273,3295,602,114,842,8156,0
7340,0,0,645,1,3276,3299,605,114,953,8142,0
7344,0,0,630,1,3280,3302,609,114,973,8142,0
7348,0,0,631,1,3283,3306,605,113,985,8183,0
7352,0,0,645,1,3287,3310,612,113,994,8183,0
7356,0,0,621,1,3290,3313,609,113,995,8183,0
7360,0,0,638,1,3293,3316,616,113,995,8239,0
7364,0,0,607,1,3297,3320,616,113,906,8239,0
7368,0,0,614,1,3300,3324,612,113,918,8197,0
7372,0,0,617,1,3303,3327,616,112,944,8197,0
7376,0,0,591,1,3307,3330,619,112,966,8197,0
7381,0,0,594,1,3311,3334,616,112,949,8225,0
7384,0,0,594,1,3314,3338,619,112,973,8225,0
7388,0,0,598,1,3318,3341,623,112,973,8253,0
7392,0,0,597,1,3321,3345,623,112,945,8253,0
7396,0,0,580,1,3325,3348,623,111,640,8253,0
7400,0,0,600,1,3328,3352,623,111,588,8280,0
7404,0,0,582,1,3332,3356,627,111,632,8280,0
7408,0,0,577,1,3335,3359,623,111,779,8294,0
7412,0,0,589,1,3339,3363,623,111,819,8294,0
7416,0,0,577,1,3342,3366,627,110,829,8294,0
7420,0,0,597,1,3346,3370,623,110,744,8280,0
7424,0,0,579,1,3349,3374,630,110,679,8280,0
7428,0,0,579,1,3353,3378,627,110,629,8322,0
7433,0,0,585,1,3357,3381,630,110,547,8322,0
7436,0,0,576,1,3360,3385,634,110,523,8322,0
7440,0,0,596,1,3364,3388,634,109,542,8280,0
7444,0,0,578,1,3367,3392,634,109,576,8280,0
7448,0,0,582,1,3371,3396,634,109,614,8294,0
7452,0,0,599,1,3375,3399,634,109,662,8294,0
7456,0,0,576,1,3378,3403,637,109,665,8294,0
7460,0,0,600,1,3382,3406,637,108,649,8294,0
7464,0,0,576,1,3385,3410,637,108,555,8294,0
7468,0,0,588,1,3389,3414,641,108,491,8294,0
7472,0,0,597,1,3393,3417,641,108,447,8294,0
7476,0,0,578,1,3396,3421,641,108,444,8294,0
7480,0,0,599,1,3400,3425,645,107,477,8308,0
7484,0,0,587,1,3403,3428,641,107,474,8308,0
7488,0,0,593,1,3407,3432,645,107,448,8308,0
7492,0,0,595,1,3411,3436,648,107,437,8308,0
7496,0,0,579,1,3414,3439,641,107,395,8308,0
7500,0,0,602,1,3418,3443,648,107,384,8322,0
7504,0,0,587,1,3421,3447,648,106,385,8322,0
7508,0,0,606,1,3425,3451,652,106,368,8336,0
7512,0,0,599,1,3429,3454,648,106,362,8336,0
7516,0,0,586,1,3432,3458,648,106,363,8336,0
7520,0,0,610,1,3436,3462,652,106,328,8322,0
7524,0,0,595,1,3440,3465,648,105,294,8322,0
7528,0,0,594,1,3443,3469,652,105,286,8322,0
7532,0,0,609,1,3447,3473,652,105,296,8322,0
7536,0,0,600,1,3451,3476,655,105,299,8322,0
7540,0,0,618,1,3454,3480,652,104,338,8322,0
7544,0,0,614,1,3458,3484,652,104,489,8322,0
7548,0,0,619,1,3462,3488,655,104,571,8308,0
7552,0,0,626,1,3465,3491,652,104,679,8308,0
7556,0,0,618,1,3469,3495,655,104,518,8308,0
7560,0,0,638,1,3472,3498,652,103,388,8267,0
7564,0,0,619,1,3475,3502,655,103,443,8267,0
7568,0,0,622,1,3479,3506,648,103,504,8225,0
7572,0,0,634,1,3483,3509,652,103,503,8225,0
7576,0,0,610,1,3486,3512,652,103,504,8225,0
7580,0,0,630,1,3490,3516,648,102,540,8253,0
7584,0,0,621,1,3493,3520,655,102,694,8253,0
7589,0,0,627,1,3497,3524,648,102,743,8267,0
7592,0,0,627,1,3501,3527,648,102,743,8267,0
7596,0,0,612,1,3504,3531,652,102,717,8267,0
7600,0,0,630,1,3508,3534,648,101,693,8280,0
7604,0,0,618,1,3511,3538,645,101,658,8280,0
7608,0,0,626,1,3515,3542,648,101,602,8253,0
7612,0,0,624,1,3518,3545,645,101,589,8253,0
7616,0,0,608,1,3522,3549,648,101,616,8253,0
7620,0,0,627,1,3525,3552,648,100,626,8253,0
7624,0,0,611,1,3529,3556,645,100,617,8253,0
7628,0,0,606,1,3533,3560,645,100,680,8280,0
7632,0,0,619,1,3536,3563,641,100,727,8280,0
7636,0,0,606,1,3540,3567,641,100,681,8280,0
7640,0,0,625,1,3543,3570,648,100,486,8280,0
7644,0,0,611,1,3547,3574,641,99,477,8280,0
7648,0,0,611,1,3551,3578,645,99,474,8322,0
7652,0,0,622,1,3554,3581,641,99,378,8322,0
7656,0,0,614,1,3558,3585,641,99,350,8322,0
7660,0,0,632,1,3561,3589,645,99,347,8308,0
7664,0,0,621,1,3565,3592,641,98,337,8308,0
7668,0,0,624,1,3569,3596,648,98,341,8322,0
7672,0,0,641,1,3572,3600,645,98,376,8322,0
7676,0,0,622,1,3576,3603,645,98,390,8322,0
7680,0,0,643,1,3579,3607,648,98,400,8308,0
7684,0,0,625,1,3583,3611,645,97,403,8308,0
7688,0,0,634,1,3587,3614,648,97,387,8294,0
7692,0,0,644,1,3590,3618,645,97,378,8294,0
7696,0,0,631,1,3594,3622,648,97,411,8294,0
7700,0,0,649,1,3597,3625,648,97,416,8294,0
7704,0,0,644,1,3601,3629,648,96,390,8294,0
7708,0,0,648,1,3605,3633,648,96,373,8294,0
7712,0,0,653,1,3608,3636,648,96,358,8294,0
7716,0,0,643,1,3612,3640,648,96,335,8294,0
7720,0,0,659,1,3615,3644,645,96,317,8280,0
7724,0,0,652,1,3619,3647,648,95,299,8280,0
7728,0,0,661,1,3623,3651,652,95,290,8308,0
7732,0,0,661,1,3626,3654,652,95,296,8308,0
7736,0,0,652,1,3630,3658,648,95,295,8308,0
7740,0,0,667,1,3634,3662,648,95,289,8322,0
7744,0,0,660,1,3637,3666,648,94,281,8322,0
7748,0,0,653,1,3641,3669,648,94,284,8294,0
7752,0,0,663,1,3644,3673,652,94,271,8294,0
7756,0,0,654,1,3648,3676,652,94,239,8294,0
7760,0,0,658,1,3651,3680,648,94,305,8253,0
7764,0,0,658,1,3655,3684,652,93,524,8253,0
7768,0,0,653,1,3659,3688,648,93,693,8211,0
7772,0,0,666,1,3662,3691,648,93,782,8211,0
7776,0,0,652,1,3665,3695,652,93,749,8211,0
7780,0,0,664,1,3669,3698,645,93,730,8239,0
7784,0,0,664,1,3673,3702,648,92,726,8239,0
7788,0,0,658,1,3676,3705,645,92,677,8253,0
7792,0,0,665,1,3680,3709,648,92,644,8253,0
7797,0,0,653,1,3683,3713,645,92,546,8267,0
7800,0,0,665,1,3687,3716,645,92,513,8267,0
7804,0,0,662,1,3690,3720,645,91,487,8267,0
7808,0,0,660,1,3694,3723,641,91,482,8280,0
7812,0,0,664,1,3697,3727,648,91,529,8280,0
7816,0,0,655,1,3701,3730,645,91,633,8280,0
7820,0,0,667,1,3705,3734,645,91,651,8280,0
7824,0,0,660,1,3708,3738,645,90,643,8280,0
7828,0,0,652,1,3712,3742,641,90,650,8280,0
7832,0,0,664,1,3715,3745,645,90,661,8280,0
7836,0,0,654,1,3719,3749,645,90,654,8280,0
7840,0,0,665,1,3723,3752,641,90,625,8253,0
7844,0,0,659,1,3726,3756,645,89,622,8253,0
7849,0,0,665,1,3730,3760,641,89,603,8280,0
7852,0,0,662,1,3733,3763,641,89,593,8280,0
7856,0,0,652,1,3737,3767,641,89,588,8280,0
7860,0,0,661,1,3740,3770,641,89,589,8267,0
7864,0,0,657,1,3744,3774,641,88,613,8267,0
7868,0,0,654,1,3747,3778,645,88,606,8280,0
7872,0,0,666,1,3751,3781,641,88,593,8280,0
7876,0,0,652,1,3755,3785,641,88,595,8280,0
7880,0,0,664,1,3758,3788,645,88,602,8322,0
7884,0,0,664,1,3762,3792,641,87,592,8322,0
7888,0,0,658,1,3765,3796,648,87,594,8280,0
7892,0,0,666,1,3769,3799,641,87,593,8280,0
7896,0,0,653,1,3773,3803,645,87,608,8280,0
7900,0,0,665,1,3777,3807,645,87,606,8322,0
7904,0,0,663,1,3780,3810,645,87,608,8322,0
7908,0,0,660,1,3783,3814,648,86,604,8294,0
7912,0,0,665,1,3787,3818,645,86,607,8294,0
7916,0,0,657,1,3791,3821,645,86,601,8294,0
7920,0,0,666,1,3794,3825,645,86,603,8280,0
7924,0,0,662,1,3798,3828,648,86,598,8280,0
7928,0,0,653,1,3801,3832,648,85,599,8322,0
7932,0,0,662,1,3805,3836,645,85,594,8322,0
7936,0,0,654,1,3809,3839,645,85,593,8322,0
7940,0,0,666,1,3812,3843,645,85,600,8294,0
7944,0,0,659,1,3816,3847,648,85,607,8294,0
7948,0,0,652,1,3819,3850,648,84,611,8322,0
7952,0,0,663,1,3823,3854,648,84,606,8322,0
7956,0,0,654,1,3827,3858,648,84,605,8322,0
7960,0,0,659,1,3830,3861,645,84,605,8280,0
7964,0,0,658,1,3834,3865,648,84,602,8280,0
7968,0,0,653,1,3837,3868,648,83,597,8280,0
7972,0,0,666,1,3841,3872,648,83,598,8280,0
7976,0,0,652,1,3845,3876,648,83,599,8280,0
7980,0,0,664,1,3848,3880,645,83,604,8322,0
7984,0,0,655,1,3852,3883,648,83,599,8322,0
7988,0,0,656,1,3856,3887,648,82,601,8322,0
7992,0,0,666,1,3859,3890,648,82,596,8322,0
7996,0,0,652,1,3863,3894,648,82,604,8322,0
8000,0,0,665,1,3866,3898,648,82,602,8294,0
8004,0,0,663,1,3870,3902,648,82,607,8294,0
8008,0,0,661,1,3874,3905,648,81,599,8294,0
8012,0,0,665,1,3877,3909,648,81,604,8294,0
8016,0,0,657,1,3881,3912,648,81,601,8294,0
8020,0,0,666,1,3885,3916,648,81,603,8294,0
8024,0,0,661,1,3888,3920,648,81,600,8294,0
8028,0,0,652,1,3892,3923,648,80,601,8308,0
8032,0,0,664,1,3895,3927,648,80,597,8308,0
8036,0,0,654,1,3899,3931,652,80,600,8308,0
8040,0,0,666,1,3903,3934,648,80,601,8322,0
8044,0,0,659,1,3906,3938,648,80,604,8322,0
8048,0,0,652,1,3910,3942,648,79,603,8322,0
8052,0,0,663,1,3913,3945,648,79,604,8322,0
8056,0,0,653,1,3917,3949,648,79,603,8322,0
8060,0,0,659,1,3921,3952,655,79,605,8308,0
8064,0,0,657,1,3924,3956,648,79,603,8308,0
8068,0,0,653,1,3928,3960,648,78,600,8280,0
8072,0,0,666,1,3931,3964,652,78,599,8280,0
8076,0,0,652,1,3935,3967,648,78,598,8280,0
8080,0,0,663,1,3939,3971,655,78,604,8322,0
8084,0,0,655,1,3942,3974,652,78,604,8322,0
8088,0,0,655,1,3946,3978,648,77,602,8294,0
8092,0,0,666,1,3949,3982,655,77,597,8294,0
8096,0,0,651,1,3953,3986,648,77,603,8294,0
8100,0,0,664,1,3957,3989,652,77,601,8294,0
8104,0,0,663,1,3960,3993,652,77,603,8294,0
8109,0,0,656,1,3964,3997,652,76,600,8280,0
8112,0,0,665,1,3967,4000,652,76,603,8280,0
8116,0,0,658,1,3971,4004,652,76,599,8280,0
8120,0,0,666,1,3975,4008,652,76,604,8322,0
8124,0,0,661,1,3978,4011,648,76,598,8322,0
8128,0,0,652,1,3982,4015,652,75,603,8308,0
8132,0,0,663,1,3985,4018,655,75,598,8308,0
8136,0,0,654,1,3989,4022,648,75,603,8308,0
8140,0,0,657,1,3993,4026,655,75,601,8308,0
8144,0,0,660,1,3996,4030,648,75,606,8308,0
8148,0,0,653,1,4000,4033,652,74,600,8322,0
8152,0,0,662,1,4003,4037,655,74,605,8322,0
8156,0,0,652,1,4007,4040,652,74,601,8322,0
8161,0,0,665,1,4011,4044,644,74,601,8322,0
8164,0,0,655,1,4014,4048,652,74,598,8322,0
8168,0,0,654,1,4018,4052,648,73,600,8308,0
8172,0,0,666,1,4021,4055,652,73,598,8308,0
8176,0,0,652,1,4025,4059,652,73,603,8308,0
8180,0,0,664,1,4029,4062,648,73,604,8308,0
8184,0,0,664,1,4032,4066,648,73,602,8308,0
8188,0,0,656,1,4036,4070,652,72,603,8308,0
8192,0,0,666,1,4039,4074,648,72,600,8308,0
8196,0,0,653,1,4043,4077,652,72,601,8308,0
8200,0,0,666,1,4047,4081,652,72,600,8322,0
8204,0,0,663,1,4050,4084,652,72,603,8322,0
8208,0,0,659,1,4054,4088,648,71,601,8253,0
8212,0,0,666,1,4057,4092,652,71,605,8253,0
8216,0,0,658,1,4061,4096,648,71,600,8253,0
8220,0,0,667,1,4065,4099,652,71,604,8308,0
8224,0,0,663,1,4068,4103,652,71,600,8308,0
8228,0,0,654,1,4072,4106,652,70,602,8308,0
8232,0,0,665,1,4075,4110,648,70,599,8308,0
8236,0,0,655,1,4079,4114,652,70,603,8308,0
8240,0,0,667,1,4083,4118,648,70,600,8294,0
8244,0,0,660,1,4086,4121,652,70,603,8294,0
8248,0,0,653,1,4090,4125,652,69,601,8322,0
8252,0,0,664,1,4093,4128,652,69,604,8322,0
8256,0,0,654,1,4097,4132,648,69,600,8322,0
8264,0,0,658,1,4104,4139,655,69,600,8294,0
8268,0,0,668,1,4108,4143,653,69,601,8197,0
8272,0,0,668,1,4112,4147,656,68,600,8197,0
8276,0,0,654,1,4115,4150,649,68,600,8197,0
8280,0,0,666,1,4119,4154,653,68,602,8197,0
8284,0,0,665,1,4122,4158,649,68,602,8197,0
8288,0,0,658,1,4126,4161,653,68,603,8267,0
8292,0,0,668,1,4129,4165,653,67,601,8267,0
8296,0,0,654,1,4133,4168,653,67,601,8267,0
8300,0,0,667,1,4137,4172,653,67,602,8294,0
8304,0,0,664,1,4140,4176,649,67,602,8294,0
8308,0,0,661,1,4144,4180,649,67,602,8294,0
8312,0,0,666,1,4147,4183,653,66,603,8294,0
8316,0,0,658,1,4151,4187,649,66,601,8294,0
8320,0,0,667,1,4155,4190,653,66,602,8280,0
8324,0,0,663,1,4158,4194,649,66,601,8280,0
8328,0,0,654,1,4162,4198,653,66,602,8294,0
8332,0,0,666,1,4165,4201,649,65,601,8294,0
8336,0,0,656,1,4169,4205,649,65,601,8294,0
8340,0,0,658,1,4173,4208,653,65,600,8280,0
8344,0,0,660,1,4176,4212,649,65,602,8280,0
8348,0,0,654,1,4180,4216,653,65,602,8308,0
8352,0,0,664,1,4184,4220,653,64,603,8308,0
8356,0,0,655,1,4187,4223,645,64,602,8308,0
8360,0,0,662,1,4191,4227,653,64,601,8280,0
8364,0,0,659,1,4194,4230,645,64,601,8280,0
8368,0,0,655,1,4198,4234,648,64,601,8280,0
8372,0,0,668,1,4202,4238,648,63,602,8280,0
8376,0,0,654,1,4205,4241,648,63,601,8280,0
8380,0,0,667,1,4209,4245,648,63,603,8308,0
8384,0,0,666,1,4213,4249,652,63,603,8308,0
8388,0,0,658,1,4216,4252,648,63,601,8267,0
8392,0,0,669,1,4220,4256,648,62,600,8267,0
8396,0,0,654,1,4223,4260,648,62,602,8267,0
8400,0,0,668,1,4227,4263,648,62,601,8322,0
8404,0,0,665,1,4231,4267,648,62,604,8322,0
8408,0,0,664,1,4234,4271,652,62,599,8294,0
8412,0,0,667,1,4238,4274,648,61,605,8294,0
8416,0,0,659,1,4241,4278,648,61,603,8294,0
8420,0,0,669,1,4245,4282,648,61,604,8294,0
8425,0,0,655,1,4249,4285,648,61,599,8294,0
8428,0,0,655,1,4252,4289,648,61,602,8322,0
8432,0,0,666,1,4256,4292,652,60,600,8322,0
8436,0,0,657,1,4259,4296,652,60,603,8322,0
8440,0,0,669,1,4263,4300,648,60,600,8294,0
8444,0,0,661,1,4267,4304,652,60,604,8294,0
8448,0,0,654,1,4270,4307,648,60,601,8322,0
8452,0,0,665,1,4274,4311,648,59,603,8322,0
8456,0,0,656,1,4277,4314,655,59,601,8322,0
8460,0,0,662,1,4281,4318,648,59,605,8294,0
8464,0,0,660,1,4285,4322,655,59,602,8294,0
8468,0,0,655,1,4288,4326,648,59,599,8280,0
8472,0,0,669,1,4292,4329,648,58,600,8280,0
8476,0,0,655,1,4295,4333,655,58,601,8280,0
8480,0,0,666,1,4299,4336,652,58,605,8350,0
8484,0,0,658,1,4303,4340,652,58,600,8350,0
8488,0,0,657,1,4306,4344,652,58,601,8294,0
8492,0,0,669,1,4310,4348,648,57,599,8294,0
8496,0,0,654,1,4313,4351,652,57,605,8294,0
8500,0,0,667,1,4317,4355,652,57,601,8308,0
8504,0,0,666,1,4321,4358,652,57,601,8308,0
8508,0,0,660,1,4324,4362,648,56,597,8294,0
8512,0,0,668,1,4328,4366,652,56,603,8294,0
8516,0,0,661,1,4331,4369,652,56,600,8294,0
8520,0,0,669,1,4335,4373,652,56,603,8294,0
8524,0,0,664,1,4339,4377,655,56,600,8294,0
8529,0,0,666,1,4342,4380,648,55,603,8308,0
8532,0,0,667,1,4346,4384,648,55,601,8308,0
8536,0,0,658,1,4349,4388,648,55,603,8308,0
8540,0,0,669,1,4353,4391,648,55,599,8294,0
8544,0,0,661,1,4357,4395,652,55,602,8294,0
8548,0,0,654,1,4360,4399,652,54,601,8280,0
8552,0,0,665,1,4364,4402,648,54,605,8280,0
8556,0,0,655,1,4367,4406,645,54,603,8280,0
8560,0,0,661,1,4371,4410,652,54,602,8294,0
8564,0,0,660,1,4375,4413,645,54,599,8294,0
8568,0,0,655,1,4378,4417,652,53,599,8294,0
8572,0,0,669,1,4382,4421,652,53,601,8294,0
8576,0,0,654,1,4385,4424,645,53,602,8294,0
8580,0,0,666,1,4389,4428,648,53,603,8322,0
8584,0,0,667,1,4392,4432,648,53,604,8322,0
8588,0,0,659,1,4396,4435,648,52,603,8280,0
8592,0,0,669,1,4400,4439,652,52,599,8280,0
8596,0,0,654,1,4403,4443,648,52,601,8280,0
8600,0,0,667,1,4407,4446,648,52,598,8336,0
8604,0,0,665,1,4411,4450,648,52,603,8336,0
8608,0,0,662,1,4414,4454,652,52,598,8294,0
8612,0,0,667,1,4418,4457,648,51,605,8294,0
8616,0,0,659,1,4421,4461,648,51,602,8294,0
8620,0,0,668,1,4425,4464,652,51,605,8308,0
8624,0,0,664,1,4429,4468,645,51,601,8308,0
8628,0,0,655,1,4432,4472,652,51,630,8322,0
8633,0,0,656,1,4436,4476,648,50,644,8322,0
8636,0,0,656,1,4439,4479,648,50,644,8322,0
8640,0,0,669,1,4443,4483,652,50,613,8322,0
8644,0,0,661,1,4447,4486,652,50,596,8322,0
8648,0,0,654,1,4450,4490,648,50,584,8336,0
8652,0,0,666,1,4454,4494,652,49,612,8336,0
8656,0,0,655,1,4457,4498,652,49,607,8336,0
8660,0,0,660,1,4461,4501,648,49,587,8322,0
8664,0,0,660,1,4465,4505,655,49,591,8322,0
8668,0,0,655,1,4468,4508,652,48,600,8308,0
8672,0,0,668,1,4472,4512,648,48,587,8308,0
8676,0,0,656,1,4475,4516,655,48,582,8308,0
8680,0,0,664,1,4479,4519,648,48,578,8294,0
8684,0,0,667,1,4483,4523,652,48,581,8294,0
8689,0,0,656,1,4487,4528,652,47,578,8211,0
8693,0,0,662,1,4491,4531,655,47,580,8211,0
8697,0,0,654,1,4494,4535,655,47,577,8211,0
8701,0,0,667,1,4498,4538,659,47,582,8211,0
8705,0,0,666,1,4501,4542,659,47,579,8211,0
8709,0,0,658,1,4505,4546,655,46,581,8197,0
8713,0,0,668,1,4509,4550,655,46,584,8197,0
8717,0,0,654,1,4512,4553,655,46,589,8197,0
8721,0,0,668,1,4516,4557,655,46,595,8211,0
8725,0,0,655,1,4519,4560,662,46,613,8211,0
8729,0,0,662,1,4523,4564,655,45,618,8183,0
8733,0,0,667,1,4527,4568,659,45,631,8183,0
8737,0,0,659,1,4530,4571,655,45,633,8183,0
8742,0,0,668,1,4535,4576,655,45,625,8211,0
8746,0,0,654,1,4538,4579,655,45,618,8211,0
8750,0,0,665,1,4542,4583,662,44,615,8211,0
8756,0,0,657,1,4547,4588,662,44,611,8211,0
8760,0,0,657,1,4551,4592,664,44,605,8183,0
8765,0,0,658,1,4555,4596,667,44,596,8183,0
8769,0,0,667,1,4559,4600,667,44,605,8114,0
8773,0,0,666,1,4563,4604,671,43,601,8114,0
8777,0,0,656,1,4566,4607,667,43,601,8114,0
8781,0,0,659,1,4570,4611,667,43,597,8197,0
8785,0,0,660,1,4573,4615,675,43,599,8197,0
8789,0,0,654,1,4577,4618,667,42,599,8267,0
8794,0,0,665,1,4581,4623,671,42,599,8267,0
8798,0,0,663,1,4585,4626,671,42,596,8267,0
8802,0,0,668,1,4589,4630,671,42,605,8253,0
8806,0,0,659,1,4592,4634,667,42,601,8253,0
8810,0,0,655,1,4596,4637,667,41,605,8280,0
8815,0,0,664,1,4600,4642,671,41,603,8280,0
8819,0,0,665,1,4604,4646,675,41,604,8294,0
8824,0,0,657,1,4608,4650,678,41,602,8294,0
8828,0,0,657,1,4612,4654,682,41,605,8294,0
8833,0,0,669,1,4616,4658,678,40,600,8308,0
8838,0,0,654,1,4621,4663,689,40,602,8308,0
8842,0,0,664,1,4624,4666,689,40,601,8280,0
8846,0,0,656,1,4628,4670,696,40,603,8280,0
8850,0,0,660,1,4632,4674,696,39,602,8308,0
8855,0,0,660,1,4636,4678,689,39,604,8308,0
8859,0,0,654,1,4640,4682,696,39,599,8308,0
8864,0,0,665,1,4644,4686,689,39,603,8322,0
8869,0,0,664,1,4649,4691,698,38,603,8322,0
8874,0,0,667,1,4653,4696,702,38,601,8280,0
8879,0,0,656,1,4658,4700,705,38,603,8280,0
8883,0,0,663,1,4661,4704,709,38,601,8308,0
8887,0,0,654,1,4665,4707,713,37,602,8308,0
8891,0,0,667,1,4668,4711,709,37,603,8280,0
8896,0,0,656,1,4673,4716,709,37,602,8280,0
8900,0,0,658,1,4677,4719,716,37,601,8280,0
8905,0,0,661,1,4681,4724,716,36,602,8322,0
8909,0,0,668,1,4685,4728,716,36,604,8322,0
,,,,,,,,,,,
