0,0,0,525,0,0,0,0,0,2,479,0
4,0,0,525,0,0,0,0,0,100,460,0
8,0,0,526,0,0,0,0,0,94,444,0
12,0,0,525,0,0,0,0,0,92,428,0
16,0,0,526,0,0,0,0,0,80,415,0
20,0,0,526,0,0,0,0,0,74,404,0
24,0,0,526,0,0,0,0,0,69,393,0
28,0,0,526,0,0,1,0,0,64,384,0
32,0,0,526,0,0,1,0,0,60,375,0
36,0,0,526,0,-1,1,0,0,56,368,0
40,0,0,526,0,-1,1,0,0,53,361,0
44,0,0,526,0,-1,1,0,0,50,354,0
48,0,0,526,0,-1,2,0,0,47,349,0
52,0,0,526,0,-1,2,0,0,44,344,0
56,0,0,527,0,-2,2,0,-1,37,340,0
60,0,0,526,0,-2,3,0,-1,40,336,0
64,0,0,527,0,-2,3,0,-1,34,333,0
68,0,0,527,0,-2,3,0,-1,32,331,0
72,0,0,527,0,-2,3,0,-1,31,328,0
76,0,0,528,0,-2,3,0,-1,25,327,0
80,0,0,528,0,-2,4,0,-1,25,326,0
84,0,0,531,0,-2,4,0,-1,10,327,0
88,0,0,529,0,-3,4,0,-1,20,327,0
92,0,0,530,0,-3,5,0,-1,15,328,0
96,0,0,530,0,-3,5,0,-2,15,328,0
100,0,0,530,0,-3,5,0,-2,16,329,0
104,0,0,531,0,-3,5,0,-2,11,330,0
108,0,0,530,0,-3,5,0,-2,17,330,0
112,0,0,530,0,-3,5,0,-2,17,330,0
116,0,0,532,0,-3,5,0,-2,7,332,0
120,0,0,530,0,-4,5,0,-2,18,332,0
124,0,0,530,0,-4,5,0,-2,18,332,0
128,0,0,530,0,-4,5,0,-2,18,333,0
132,0,0,529,0,-4,5,0,-2,22,332,0
136,0,0,530,0,-4,5,0,-2,17,332,0
140,0,0,528,0,-4,5,0,-2,27,330,0
144,0,0,529,0,-4,5,0,-2,21,330,0
148,0,0,529,0,-4,5,0,-2,21,329,0
152,0,0,529,0,-4,5,0,-2,21,329,0
156,0,0,529,0,-4,5,0,-2,21,328,0
160,0,0,529,0,-4,5,0,-2,21,328,0
164,0,0,529,0,-4,5,0,-2,20,327,0
168,0,0,529,0,-4,5,0,-2,20,327,0
172,0,0,529,0,-4,5,0,-2,20,327,0
176,0,0,530,0,-4,5,0,-2,15,327,0
180,0,0,530,0,-4,5,0,-2,15,328,0
184,0,0,531,0,-4,5,0,-2,11,329,0
188,0,0,530,0,-4,5,0,-2,16,330,0
192,0,0,530,0,-4,5,0,-2,16,330,0
196,0,0,531,0,-4,5,0,-2,12,331,0
200,0,0,530,0,-4,5,0,-2,17,331,0
204,0,0,531,0,-4,6,0,-2,12,332,0
208,0,0,531,0,-4,6,0,-2,13,333,0
212,0,0,531,0,-4,6,0,-2,13,334,0
216,0,0,532,0,-4,6,0,-2,9,336,0
220,0,0,531,0,-4,6,0,-2,14,336,0
224,0,0,531,0,-4,6,0,-2,15,337,0
228,0,0,531,0,-4,6,0,-2,15,337,0
232,0,0,531,0,-4,6,0,-2,15,338,0
236,0,0,532,0,-4,6,0,-2,10,339,0
240,0,0,531,0,-4,6,0,-2,16,339,0
244,0,0,533,0,-4,6,0,-2,6,341,0
248,0,0,532,0,-4,6,0,-2,12,342,0
252,0,0,532,0,-4,7,1,-2,12,343,0
256,0,0,532,0,-4,7,1,-2,13,343,0
260,0,0,532,0,-4,7,1,-2,13,344,0
264,0,0,532,0,-4,7,1,-2,13,345,0
268,0,0,532,0,-4,7,1,-2,14,345,0
272,0,0,533,0,-4,7,1,-2,9,347,0
276,0,0,532,0,-4,7,1,-2,14,347,0
280,0,0,532,0,-4,7,1,-2,15,347,0
284,0,0,532,0,-4,7,1,-2,15,347,0
288,0,0,532,0,-4,7,1,-2,15,348,0
292,0,0,531,0,-4,7,1,-2,20,347,0
296,0,0,532,0,-4,7,1,-2,15,347,0
300,0,0,531,0,-4,7,1,-2,20,347,0
304,0,0,531,0,-4,7,1,-2,19,346,0
308,0,0,531,0,-4,7,1,-2,19,346,0
312,0,0,531,0,-4,7,1,-2,19,345,0
316,0,0,531,0,-4,8,1,-3,19,345,0
320,0,0,531,0,-4,8,1,-3,18,345,0
324,0,0,532,0,-4,8,1,-3,14,345,0
328,0,0,532,0,-4,8,1,-3,14,346,0
332,0,0,533,0,-4,9,1,-3,9,347,0
336,0,0,533,0,-4,9,1,-3,10,348,0
340,0,0,532,0,-4,9,1,-3,15,348,0
344,0,0,532,0,-4,9,1,-3,15,348,0
348,0,0,532,0,-4,9,1,-3,15,349,0
352,0,0,532,0,-4,9,1,-3,15,349,0
356,0,0,533,0,-4,10,2,-3,11,350,0
360,0,0,533,0,-4,10,2,-3,11,351,0
364,0,0,533,0,-3,10,2,-3,11,351,0
368,0,0,533,0,-3,11,2,-3,12,352,0
372,0,0,533,0,-3,11,2,-3,12,353,0
376,0,0,534,0,-3,11,2,-3,8,354,0
380,0,0,533,0,-2,11,3,-3,13,355,0
384,0,0,533,0,-2,12,3,-3,13,355,0
388,0,0,533,0,-2,12,3,-3,13,355,0
392,0,0,534,0,-1,13,3,-3,9,356,0
396,0,0,533,0,-1,13,4,-3,14,357,0
400,0,0,533,0,-1,13,4,-3,14,357,0
404,0,0,534,0,0,14,5,-3,9,358,0
408,0,0,534,0,0,15,5,-3,10,359,0
412,0,0,534,0,1,15,5,-3,10,360,0
416,0,0,534,0,1,15,5,-3,11,360,0
420,0,0,534,0,2,16,6,-3,11,361,0
424,0,0,535,0,3,17,7,-3,7,362,0
428,0,0,534,0,3,17,7,-3,12,363,0
432,0,0,534,0,4,18,7,-3,12,363,0
436,0,0,535,0,5,19,8,-3,8,365,0
440,0,0,534,0,5,19,8,-3,13,365,0
444,0,0,535,0,6,20,9,-3,8,366,0
448,0,0,536,0,6,21,9,-3,4,368,0
452,0,0,535,0,7,22,10,-3,10,368,0
456,0,0,536,0,8,23,11,-3,5,370,0
460,0,0,536,0,8,23,11,-3,6,371,0
464,0,0,535,0,9,24,11,-3,11,372,0
468,0,0,535,0,10,25,12,-3,11,372,0
472,0,0,535,0,10,25,12,-3,12,373,0
476,0,0,535,0,10,26,12,-4,12,373,0
480,0,0,534,0,11,27,13,-4,17,372,0
484,0,0,535,0,11,27,13,-4,12,373,0
488,0,0,535,0,12,28,14,-4,12,373,0
492,0,0,535,0,12,28,14,-4,12,373,0
496,0,0,535,0,12,29,14,-4,12,373,0
500,0,0,534,0,12,29,14,-4,17,373,0
504,0,0,534,0,13,30,15,-4,17,372,0
508,0,0,535,0,13,31,15,-4,12,373,0
512,0,0,534,0,14,31,16,-4,17,372,0
516,0,0,535,0,14,32,16,-4,12,372,0
520,0,0,534,0,14,33,16,-4,16,372,0
524,0,0,534,0,15,33,16,-4,16,371,0
528,0,0,534,0,15,34,17,-4,16,371,0
532,0,0,535,0,15,35,17,-5,11,371,0
536,0,0,536,0,16,35,18,-4,6,373,0
540,0,0,535,0,16,36,18,-5,12,373,0
544,0,0,536,0,16,37,18,-5,7,374,0
548,0,0,536,0,16,37,18,-5,8,375,0
552,0,0,535,0,17,37,19,-5,13,375,0
556,0,0,536,0,17,38,19,-5,8,376,0
560,0,0,536,0,17,39,20,-5,9,377,0
564,0,0,537,0,17,39,20,-5,4,378,0
568,0,0,538,0,17,39,20,-5,0,381,0
572,0,0,537,0,17,40,20,-5,6,382,0
576,0,0,538,0,17,40,20,-5,2,384,0
580,0,0,538,0,17,40,20,-5,2,386,0
584,0,0,539,0,17,41,20,-6,-1,388,0
588,0,0,539,0,18,41,21,-5,0,390,0
592,0,0,538,0,18,41,21,-5,5,391,0
596,0,0,538,0,18,42,21,-6,6,392,0
600,0,0,538,0,18,43,21,-6,6,393,0
604,0,0,538,0,18,43,21,-6,7,394,0
608,0,0,538,0,18,43,21,-6,7,395,0
612,0,0,537,0,19,44,22,-6,12,394,0
616,0,0,539,0,19,44,22,-6,2,396,0
620,0,0,539,0,19,45,22,-6,3,397,0
624,0,0,539,0,19,45,22,-6,4,399,0
628,0,0,539,0,20,45,23,-6,4,400,0
632,0,0,540,0,20,46,23,-6,0,402,0
636,0,0,540,0,20,46,23,-6,1,403,0
640,0,0,540,0,20,47,24,-6,2,405,0
644,0,0,540,0,20,47,24,-6,2,406,0
648,0,0,540,0,20,47,24,-6,3,407,0
652,0,0,540,0,20,47,24,-6,3,408,0
656,0,0,541,0,21,48,24,-6,0,410,0
660,0,0,541,0,21,48,24,-6,0,412,0
664,0,0,542,0,21,49,25,-7,-3,414,0
668,0,0,543,0,21,49,25,-7,-7,417,0
672,0,0,543,0,22,49,25,-6,-5,420,0
676,0,0,543,0,22,50,25,-7,-4,422,0
680,0,0,543,0,22,50,25,-7,-3,424,0
684,0,0,544,0,22,51,26,-7,-7,427,0
688,0,0,544,0,23,51,26,-7,-6,430,0
692,0,0,544,0,23,51,26,-7,-5,432,0
696,0,0,545,0,23,52,26,-7,-8,435,0
700,0,0,544,0,23,52,26,-7,-2,437,0
704,0,0,546,0,24,53,27,-7,-11,440,0
708,0,0,546,0,24,53,27,-7,-10,443,0
712,0,0,545,0,24,53,27,-7,-3,445,0
716,0,0,546,0,24,54,27,-7,-7,447,0
720,0,0,545,0,25,54,28,-7,-1,449,0
724,0,0,546,0,25,55,28,-7,-6,451,0
728,0,0,547,0,25,55,28,-7,-10,453,0
732,0,0,547,0,26,55,29,-7,-8,456,0
736,0,0,547,0,26,56,29,-7,-7,458,0
740,0,0,547,0,26,56,29,-7,-6,460,0
744,0,0,548,0,27,57,30,-7,-10,463,0
748,0,0,548,0,27,57,30,-7,-9,465,0
752,0,0,548,0,28,57,30,-7,-8,467,0
756,0,0,548,0,28,58,30,-7,-7,469,0
760,0,0,548,0,28,59,30,-7,-6,471,0
764,0,0,549,0,29,59,31,-7,-10,473,0
768,0,0,549,0,29,59,31,-7,-9,476,0
772,0,0,549,0,30,60,32,-7,-8,478,0
776,0,0,550,0,30,60,32,-7,-12,480,0
780,0,0,550,0,30,61,32,-7,-11,483,0
784,0,0,550,0,31,61,32,-7,-10,485,0
788,0,0,550,0,31,61,32,-7,-9,487,0
792,0,0,551,0,32,62,33,-7,-13,489,0
796,0,0,551,0,32,62,33,-7,-11,491,0
800,0,0,552,0,33,63,34,-7,-15,494,0
804,0,0,552,0,33,63,34,-7,-14,497,0
808,0,0,552,0,34,64,35,-7,-13,499,0
812,0,0,552,0,34,64,35,-7,-12,502,0
816,0,0,554,0,35,65,35,-7,-20,505,0
820,0,0,553,0,35,65,35,-7,-14,508,0
824,0,0,554,0,36,66,36,-7,-17,511,0
828,0,0,555,0,36,66,36,-7,-21,514,0
832,0,0,555,0,37,67,37,-7,-19,517,0
836,0,0,556,0,37,67,37,-7,-23,521,0
840,0,0,555,0,38,68,37,-7,-16,524,0
844,0,0,556,0,38,68,37,-7,-20,527,0
848,0,0,556,0,39,69,38,-7,-18,530,0
852,0,0,556,0,40,69,39,-7,-17,532,0
856,0,0,558,0,40,70,39,-7,-25,536,0
860,0,0,557,0,41,70,39,-7,-19,539,0
864,0,0,558,0,42,71,40,-7,-22,542,0
868,0,0,558,0,42,71,40,-7,-21,545,0
872,0,0,557,0,43,72,41,-7,-15,547,0
876,0,0,559,0,44,72,41,-7,-24,550,0
880,0,0,559,0,45,73,41,-7,-22,553,0
884,0,0,559,0,45,73,42,-7,-21,556,0
888,0,0,559,0,46,74,43,-7,-19,559,0
892,0,0,559,0,47,75,43,-7,-18,561,0
896,0,0,560,0,48,75,44,-6,-22,564,0
900,0,0,559,0,48,76,44,-7,-16,565,0
904,0,0,560,0,49,76,44,-6,-20,568,0
908,0,0,560,0,50,77,45,-6,-19,570,0
912,0,0,559,0,51,77,45,-6,-13,571,0
916,0,0,560,0,51,78,46,-6,-18,573,0
920,0,0,561,0,52,79,46,-6,-22,575,0
924,0,0,561,0,53,79,47,-6,-20,578,0
928,0,0,561,0,54,80,48,-6,-19,580,0
932,0,0,561,0,54,81,48,-6,-19,581,0
936,0,0,563,0,55,81,48,-6,-27,585,0
940,0,0,563,0,56,82,49,-6,-26,588,0
944,0,0,563,0,57,82,49,-6,-24,590,0
948,0,0,564,0,58,83,50,-6,-28,594,0
952,0,0,564,0,59,84,51,-6,-26,597,0
956,0,0,563,0,60,84,51,-6,-20,599,0
960,0,0,565,0,60,85,51,-6,-29,602,0
964,0,0,565,0,61,85,52,-6,-28,605,0
968,0,0,566,0,62,86,53,-6,-31,608,0
972,0,0,566,0,63,87,53,-6,-29,612,0
976,0,0,567,0,64,87,54,-5,-33,615,0
980,0,0,566,0,65,88,54,-5,-26,618,0
984,0,0,567,0,66,89,55,-5,-30,621,0
988,0,0,568,0,67,89,55,-5,-33,625,0
992,0,0,567,0,68,90,56,-5,-27,627,0
996,0,0,567,0,69,91,56,-5,-26,629,0
1000,0,0,567,0,70,91,57,-5,-25,631,0
1004,0,0,568,0,70,92,58,-5,-29,634,0
1008,0,0,567,0,72,92,58,-5,-23,635,0
1012,0,0,568,0,72,93,59,-5,-27,638,0
1016,0,0,568,0,73,94,59,-5,-26,640,0
1020,0,0,568,0,74,94,60,-5,-25,641,0
1024,0,0,569,0,75,95,60,-5,-29,644,0
1028,0,0,568,0,76,95,61,-4,-23,645,0
1032,0,0,569,0,77,96,61,-4,-27,647,0
1036,0,0,569,0,78,97,62,-4,-26,649,0
1040,0,0,569,0,79,97,63,-4,-25,651,0
1044,0,0,569,0,80,98,63,-4,-25,652,0
1048,0,0,570,0,81,99,64,-4,-29,655,0
1052,0,0,569,0,82,99,64,-4,-23,656,0
1056,0,0,570,0,82,100,65,-4,-27,658,0
1060,0,0,570,0,83,100,65,-4,-26,659,0
1064,0,0,572,0,84,101,66,-4,-35,663,0
1068,0,0,570,0,85,101,66,-4,-24,664,0
1072,0,0,570,0,86,102,67,-4,-24,665,0
1076,0,0,571,0,87,103,68,-4,-28,667,0
1080,0,0,571,0,88,103,68,-3,-27,668,0
1084,0,0,572,0,89,104,69,-3,-31,671,0
1088,0,0,572,0,90,105,69,-3,-30,673,0
1092,0,0,572,0,91,105,70,-3,-29,675,0
1096,0,0,572,0,92,106,70,-3,-28,676,0
1100,0,0,572,0,93,107,71,-3,-28,678,0
1104,0,0,573,0,94,107,72,-3,-32,680,0
1108,0,0,573,0,95,108,72,-3,-31,682,0
1112,0,0,572,0,96,109,73,-3,-25,683,0
1116,0,0,573,0,97,109,73,-3,-29,685,0
1120,0,0,572,0,98,110,74,-3,-24,686,0
1124,0,0,574,0,99,111,74,-3,-33,688,0
1128,0,0,573,0,100,111,75,-2,-27,689,0
1132,0,0,573,0,100,112,75,-3,-27,690,0
1136,0,0,574,0,101,112,76,-2,-31,692,0
1140,0,0,573,0,102,113,77,-2,-25,693,0
1144,0,0,574,0,103,113,77,-2,-30,695,0
1148,0,0,574,0,104,114,78,-2,-29,696,0
1152,0,0,574,0,105,115,78,-2,-28,697,0
1156,0,0,575,0,106,115,79,-2,-33,699,0
1160,0,0,573,0,107,116,79,-2,-22,699,0
1164,0,0,574,0,108,117,80,-2,-27,700,0
1168,0,0,574,0,109,117,80,-2,-26,701,0
1172,0,0,574,0,110,118,81,-2,-26,702,0
1176,0,0,575,0,111,118,82,-1,-30,704,0
1180,0,0,575,0,112,119,82,-1,-30,705,0
1184,0,0,575,0,113,120,83,-1,-29,706,0
1188,0,0,575,0,114,120,83,-1,-29,707,0
1192,0,0,575,0,115,121,84,-1,-28,708,0
1196,0,0,575,0,116,121,84,-1,-28,709,0
1200,0,0,575,0,117,122,85,-1,-27,710,0
1204,0,0,577,0,118,123,86,-1,-36,713,0
1208,0,0,576,0,119,123,86,-1,-31,714,0
1212,0,0,576,0,120,124,87,-1,-30,715,0
1216,0,0,576,0,121,125,88,-1,-29,716,0
1220,0,0,576,0,122,125,88,0,-29,717,0
1224,0,0,576,0,123,126,89,0,-28,718,0
1228,0,0,576,0,124,127,89,0,-28,719,0
1232,0,0,575,0,125,127,90,0,-23,719,0
1236,0,0,576,0,126,128,91,0,-28,719,0
1240,0,0,576,0,127,129,91,0,-27,720,0
1244,0,0,576,0,128,130,92,0,-27,721,0
1248,0,0,576,0,130,130,93,0,-27,721,0
1252,0,0,577,0,131,131,93,0,-31,723,0
1256,0,0,576,0,132,132,94,0,-26,723,0
1260,0,0,575,0,133,133,95,0,-21,722,0
1264,0,0,576,0,134,133,95,0,-26,723,0
1268,0,0,575,0,135,134,96,0,-21,722,0
1272,0,0,575,0,136,135,97,0,-21,722,0
1276,0,0,576,0,137,136,97,0,-26,722,0
1280,0,0,575,0,138,137,98,0,-21,722,0
1284,0,0,575,0,140,137,99,0,-22,721,0
1288,0,0,575,0,141,138,99,0,-22,721,0
1292,0,0,575,0,142,139,100,0,-22,721,0
1296,0,0,575,0,143,140,101,1,-22,720,0
1300,0,0,575,0,144,141,102,0,-22,720,0
1304,0,0,576,0,146,141,102,1,-27,721,0
1308,0,0,575,0,147,142,103,1,-22,720,0
1312,0,0,576,0,148,143,104,1,-27,721,0
1316,0,0,575,0,149,144,104,1,-22,720,0
1320,0,0,575,0,150,145,105,1,-22,720,0
1324,0,0,576,0,152,146,106,1,-27,721,0
1328,0,0,575,0,153,147,107,1,-22,720,0
1332,0,0,574,0,154,147,107,1,-17,719,0
1336,0,0,574,0,155,148,108,1,-18,718,0
1340,0,0,574,0,156,149,109,1,-18,717,0
1344,0,0,574,0,158,150,110,1,-19,716,0
1348,0,0,574,0,159,151,110,1,-19,716,0
1352,0,0,573,0,160,152,111,2,-15,714,0
1356,0,0,573,0,161,153,112,2,-15,713,0
1360,0,0,572,0,162,154,113,2,-11,711,0
1364,0,0,573,0,163,155,113,2,-17,710,0
1368,0,0,573,0,165,156,114,2,-17,709,0
1372,0,0,572,0,166,157,115,2,-13,707,0
1376,0,0,572,0,167,157,116,2,-14,706,0
1380,0,0,572,0,168,159,117,2,-14,704,0
1384,0,0,573,0,169,159,117,2,-20,704,0
1388,0,0,573,0,170,161,118,2,-20,703,0
1392,0,0,572,0,172,161,119,2,-15,702,0
1396,0,0,572,0,173,163,120,2,-16,701,0
1400,0,0,572,0,174,163,120,2,-16,700,0
1404,0,0,572,0,175,165,121,2,-17,699,0
1408,0,0,572,0,176,166,122,2,-17,699,0
1412,0,0,572,0,178,167,123,2,-18,698,0
1416,0,0,571,0,179,168,123,3,-13,697,0
1420,0,0,571,0,180,169,125,2,-14,695,0
1424,0,0,571,0,181,170,125,2,-14,694,0
1428,0,0,571,0,182,171,126,2,-15,693,0
1432,0,0,570,0,184,172,127,3,-11,691,0
1436,0,0,571,0,185,173,128,3,-16,690,0
1440,0,0,570,0,186,174,129,3,-12,689,0
1444,0,0,570,0,187,175,129,3,-12,687,0
1448,0,0,569,0,188,176,130,3,-8,685,0
1452,0,0,568,0,190,177,131,3,-4,682,0
1456,0,0,569,0,191,179,132,3,-10,681,0
1460,0,0,568,0,192,179,132,3,-6,679,0
1464,0,0,570,0,193,181,134,3,-17,678,0
1468,0,0,568,0,194,182,134,3,-8,676,0
1472,0,0,567,0,196,183,135,3,-4,673,0
1476,0,0,568,0,197,184,136,3,-10,672,0
1480,0,0,567,0,198,185,137,3,-6,670,0
1484,0,0,567,0,199,187,137,3,-7,667,0
1488,0,0,566,0,200,187,138,3,-3,665,0
1492,0,0,566,0,201,189,139,3,-4,662,0
1496,0,0,566,0,202,190,140,3,-5,660,0
1500,0,0,566,0,204,191,141,3,-6,658,0
1504,0,0,566,0,205,192,142,3,-7,656,0
1508,0,0,566,0,206,193,142,3,-8,655,0
1512,0,0,565,0,207,195,144,3,-4,653,0
1516,0,0,567,0,209,196,144,3,-14,652,0
1520,0,0,565,0,210,197,145,3,-5,650,0
1524,0,0,566,0,211,199,146,3,-11,649,0
1528,0,0,566,0,212,200,147,3,-11,648,0
1532,0,0,565,0,214,201,148,3,-7,647,0
1536,0,0,564,0,215,203,149,3,-3,644,0
1540,0,0,563,0,216,204,150,3,0,641,0
1544,0,0,563,0,217,205,151,3,0,639,0
1548,0,0,563,0,219,207,152,2,-1,636,0
1552,0,0,562,0,220,208,153,3,1,633,0
1556,0,0,563,0,221,209,154,3,-4,632,0
1560,0,0,562,0,222,211,155,2,0,629,0
1564,0,0,562,0,224,212,156,3,-1,627,0
1568,0,0,562,0,225,213,156,3,-2,625,0
1572,0,0,562,0,226,215,158,2,-3,623,0
1576,0,0,561,0,228,216,158,2,0,620,0
1580,0,0,561,0,229,217,159,3,0,618,0
1584,0,0,560,0,230,219,160,2,3,615,0
1588,0,0,560,0,231,220,161,2,1,613,0
1592,0,0,560,0,233,222,162,2,0,610,0
1596,0,0,560,0,234,223,163,2,0,608,0
1600,0,0,558,0,235,225,164,2,8,605,0
1604,0,0,559,0,237,226,165,2,1,602,0
1608,0,0,559,0,238,228,166,2,0,600,0
1612,0,0,559,0,239,229,167,2,0,598,0
1616,0,0,559,0,241,231,168,2,-1,596,0
1620,0,0,558,0,242,232,169,2,2,594,0
1624,0,0,559,0,243,234,170,2,-2,593,0
1628,0,0,558,0,244,235,171,2,1,591,0
1632,0,0,557,0,246,237,173,2,5,588,0
1636,0,0,558,0,247,238,173,2,0,586,0
1640,0,0,557,0,248,240,174,2,3,584,0
1644,0,0,557,0,250,241,175,2,2,582,0
1648,0,0,556,0,251,243,177,2,6,579,0
1652,0,0,556,0,252,244,177,2,4,577,0
1656,0,0,557,0,254,246,179,2,-1,576,0
1660,0,0,556,0,255,247,179,2,3,573,0
1664,0,0,556,0,256,249,180,1,2,572,0
1668,0,0,556,0,258,250,182,2,1,570,0
1672,0,0,556,0,259,252,183,1,0,568,0
1676,0,0,556,0,260,253,183,1,0,567,0
1680,0,0,555,0,262,255,185,1,4,565,0
1684,0,0,555,0,263,257,186,1,3,563,0
1688,0,0,554,0,264,258,187,1,7,561,0
1692,0,0,554,0,266,260,188,1,6,558,0
1696,0,0,554,0,267,261,189,1,4,556,0
1700,0,0,554,0,268,263,190,1,4,555,0
1704,0,0,555,0,270,265,191,1,-1,554,0
1708,0,0,554,0,271,266,192,1,2,552,0
1712,0,0,554,0,272,268,193,1,2,551,0
1716,0,0,555,0,274,269,194,1,-3,550,0
1720,0,0,553,0,275,271,195,1,6,548,0
1724,0,0,554,0,276,273,196,0,0,547,0
1728,0,0,554,0,278,274,197,1,0,546,0
1732,0,0,553,0,279,276,198,0,4,545,0
1736,0,0,553,0,280,278,199,0,3,543,0
1740,0,0,553,0,282,279,201,0,2,542,0
1744,0,0,554,0,283,281,1,0,-2,541,0
1748,0,0,554,0,285,283,2,0,-2,541,0
1752,0,0,554,0,286,284,3,0,-2,541,0
1756,0,0,555,0,287,286,4,0,-7,541,0
1760,0,0,554,0,289,287,5,0,-2,541,0
1764,0,0,554,0,290,289,6,0,-2,541,0
1768,0,0,554,0,291,291,7,0,-3,540,0
1772,0,0,553,0,293,292,8,0,1,539,0
1776,0,0,554,0,294,294,9,0,-3,539,0
1780,0,0,553,0,296,295,10,0,1,538,0
1784,0,0,554,0,297,297,11,0,-4,538,0
1788,0,0,554,0,298,299,12,0,-4,538,0
1792,0,0,555,0,300,300,13,0,-8,539,0
1796,0,0,555,0,301,302,15,0,-8,540,0
1800,0,0,555,0,303,303,16,0,-8,540,0
1804,0,0,555,0,304,305,17,0,-7,541,0
1808,0,0,554,0,306,307,18,0,-2,541,0
1812,0,0,554,0,307,308,19,0,-2,540,0
1816,0,0,554,0,309,310,20,0,-3,540,0
1820,0,0,553,0,310,311,21,0,1,539,0
1824,0,0,553,0,312,313,22,0,1,538,0
1828,0,0,554,0,314,314,23,0,-4,538,0
1832,0,0,554,0,315,316,25,0,-4,538,0
1836,0,0,555,0,316,317,25,0,-8,539,0
1840,0,0,555,0,318,319,27,0,-8,540,0
1844,0,0,555,0,319,321,27,0,-8,540,0
1848,0,0,554,0,321,322,29,0,-3,540,0
1852,0,0,553,0,322,323,30,0,1,539,0
1856,0,0,553,0,324,325,31,0,1,538,0
1860,0,0,552,0,326,327,32,0,5,536,0
1864,0,0,552,0,327,328,33,0,4,535,0
1868,0,0,552,0,329,330,34,0,3,533,0
1872,0,0,552,0,330,331,35,0,3,532,0
1876,0,0,553,0,332,333,37,0,-2,532,0
1880,0,0,553,0,333,334,37,0,-2,532,0
1884,0,0,553,0,335,336,39,0,-2,531,0
1888,0,0,553,0,336,337,40,0,-2,531,0
1892,0,0,553,0,338,339,41,0,-2,531,0
1896,0,0,552,0,340,341,42,0,2,530,0
1900,0,0,552,0,341,342,43,0,1,529,0
1904,0,0,551,0,342,343,44,0,6,527,0
1908,0,0,551,0,344,345,45,0,5,526,0
1912,0,0,551,0,345,347,46,0,4,525,0
1916,0,0,552,0,347,348,47,0,0,524,0
1920,0,0,552,0,348,350,48,0,0,524,0
1924,0,0,553,0,350,351,50,0,-5,524,0
1928,0,0,552,0,351,353,51,0,0,524,0
1932,0,0,552,0,352,354,51,0,0,524,0
1936,0,0,552,0,354,356,53,0,-1,523,0
1940,0,0,551,0,356,357,54,0,3,522,0
1944,0,0,553,0,357,359,55,0,-6,523,0
1948,0,0,551,0,358,361,56,0,3,522,0
1952,0,0,551,0,360,362,57,0,2,521,0
1956,0,0,552,0,362,363,58,0,-2,521,0
1960,0,0,552,0,363,365,59,0,-2,521,0
1964,0,0,552,0,364,367,60,0,-2,521,0
1968,0,0,552,0,366,368,61,0,-2,521,0
1972,0,0,552,0,367,370,62,0,-2,521,0
1976,0,0,553,0,369,371,63,0,-7,522,0
1980,0,0,552,0,370,373,65,0,-1,522,0
1984,0,0,553,0,372,374,65,0,-6,522,0
1988,0,0,553,0,373,376,67,0,-6,523,0
1992,0,0,552,0,374,377,68,0,-1,523,0
1996,0,0,553,0,376,379,69,0,-6,524,0
2000,0,0,552,0,377,380,70,0,-1,523,0
2004,0,0,554,0,379,381,71,0,-10,525,0
2008,0,0,554,0,380,383,72,0,-10,526,0
2012,0,0,554,0,382,384,73,0,-9,527,0
2016,0,0,554,0,383,386,74,0,-9,528,0
2020,0,0,554,0,384,387,75,0,-8,529,0
2024,0,0,554,0,386,389,76,0,-8,530,0
2028,0,0,554,0,388,390,77,0,-7,531,0
2032,0,0,554,0,389,392,78,0,-7,532,0
2036,0,0,554,0,390,393,79,0,-7,532,0
2040,0,0,554,0,392,395,80,0,-6,533,0
2044,0,0,556,0,393,396,81,0,-16,535,0
2048,0,0,555,0,395,397,82,0,-10,536,0
2052,0,0,555,0,396,399,83,0,-9,537,0
2056,0,0,557,0,398,400,84,0,-18,540,0
2060,0,0,555,0,399,402,86,0,-8,541,0
2064,0,0,555,0,400,403,86,0,-7,541,0
2068,0,0,555,0,402,405,88,0,-7,542,0
2072,0,0,555,0,403,406,88,0,-7,542,0
2076,0,0,556,0,405,407,89,0,-11,543,0
2080,0,0,555,0,406,409,91,0,-6,544,0
2084,0,0,555,0,408,410,92,0,-6,544,0
2088,0,0,555,0,409,412,92,0,-6,544,0
2092,0,0,555,0,411,413,93,0,-6,545,0
2096,0,0,555,0,412,415,95,0,-6,545,0
2100,0,0,555,0,413,416,96,0,-5,545,0
2104,0,0,555,0,415,418,97,0,-5,545,0
2108,0,0,555,0,416,419,98,0,-5,545,0
2112,0,0,555,0,418,421,99,0,-5,545,0
2116,0,0,556,0,420,422,100,0,-10,546,0
2120,0,0,555,0,421,424,101,0,-5,546,0
2124,0,0,557,0,423,425,102,0,-14,548,0
2128,0,0,556,0,424,427,103,0,-9,549,0
2132,0,0,556,0,426,428,104,0,-8,549,0
2136,0,0,557,0,427,430,106,0,-13,551,0
2140,0,0,556,0,429,431,107,0,-8,551,0
2144,0,0,557,0,430,433,108,0,-12,552,0
2148,0,0,556,0,432,434,109,0,-7,553,0
2152,0,0,558,0,433,436,110,0,-16,555,0
2156,0,0,557,0,435,437,111,0,-11,556,0
2160,0,0,557,0,436,439,112,0,-10,556,0
2164,0,0,559,0,438,441,113,0,-19,559,0
2168,0,0,557,0,439,442,114,0,-9,559,0
2172,0,0,557,0,441,443,115,0,-9,560,0
2176,0,0,558,0,442,445,116,0,-13,561,0
2180,0,0,557,0,444,447,118,0,-8,561,0
2184,0,0,557,0,445,448,118,0,-8,561,0
2188,0,0,557,0,447,450,120,0,-8,562,0
2192,0,0,557,0,448,451,121,0,-7,562,0
2196,0,0,557,0,450,453,122,0,-7,562,0
2200,0,0,558,0,452,455,123,0,-12,563,0
2204,0,0,558,0,453,456,124,0,-12,564,0
2208,0,0,557,0,455,457,125,0,-6,564,0
2212,0,0,557,0,456,459,126,0,-6,564,0
2216,0,0,557,0,458,461,128,0,-6,564,0
2220,0,0,556,0,460,462,129,0,-2,563,0
2224,0,0,557,0,461,464,130,0,-7,563,0
2228,0,0,557,0,462,465,131,0,-7,563,0
2232,0,0,556,0,464,467,132,0,-2,562,0
2236,0,0,557,0,466,469,133,0,-7,562,0
2240,0,0,557,0,467,470,134,0,-7,563,0
2244,0,0,557,0,468,472,135,0,-7,563,0
2248,0,0,557,0,470,473,136,0,-7,563,0
2252,0,0,556,0,472,475,138,0,-2,562,0
2256,0,0,557,0,473,476,139,0,-7,562,0
2260,0,0,556,0,475,478,140,0,-2,561,0
2264,0,0,557,0,476,479,141,0,-8,562,0
2268,0,0,556,0,478,481,142,0,-3,561,0
2272,0,0,555,0,480,483,144,0,1,560,0
2276,0,0,556,0,481,484,144,0,-4,559,0
2280,0,0,556,0,483,486,146,0,-4,559,0
2284,0,0,556,0,484,488,146,0,-4,558,0
2288,0,0,556,0,486,489,148,0,-4,558,0
2292,0,0,556,0,488,491,149,0,-4,558,0
2296,0,0,556,0,489,493,150,-1,-4,557,0
2300,0,0,556,0,491,494,151,0,-5,557,0
2304,0,0,557,0,492,496,153,-1,-9,558,0
2308,0,0,558,0,494,497,154,0,-14,559,0
2312,0,0,557,0,496,499,155,0,-9,560,0
2316,0,0,557,0,497,501,156,-1,-8,560,0
2320,0,0,556,0,499,502,157,0,-3,560,0
2324,0,0,557,0,501,504,158,-1,-8,560,0
2328,0,0,557,0,502,505,159,0,-8,560,0
2332,0,0,556,0,504,507,161,0,-3,560,0
2336,0,0,557,0,506,509,162,0,-8,560,0
2340,0,0,556,0,507,511,163,-1,-3,560,0
2344,0,0,556,0,509,512,164,0,-4,559,0
2348,0,0,557,0,511,514,165,-1,-9,560,0
2352,0,0,556,0,512,516,166,0,-4,559,0
2356,0,0,557,0,514,517,168,0,-9,560,0
2360,0,0,557,0,516,519,169,0,-8,560,0
2364,0,0,557,0,518,521,171,0,-8,560,0
2368,0,0,557,0,519,523,172,-1,-8,561,0
2372,0,0,558,0,521,524,173,0,-13,562,0
2376,0,0,559,0,523,526,174,0,-17,564,0
2380,0,0,559,0,524,528,175,0,-16,565,0
2384,0,0,559,0,526,529,177,0,-15,567,0
2388,0,0,559,0,528,531,178,0,-15,568,0
2392,0,0,559,0,530,533,179,0,-14,570,0
2396,0,0,560,0,531,535,180,-1,-18,572,0
2400,0,0,559,0,533,537,182,0,-13,572,0
2404,0,0,560,0,535,538,183,-1,-17,574,0
2408,0,0,560,0,536,540,184,-1,-16,576,0
2412,0,0,560,0,538,542,185,0,-16,577,0
2416,0,0,560,0,540,543,187,0,-15,578,0
2420,0,0,560,0,542,545,188,0,-14,579,0
2424,0,0,561,0,544,547,189,0,-19,581,0
2428,0,0,560,0,545,549,190,-1,-13,582,0
2432,0,0,561,0,547,551,192,-1,-17,584,0
2436,0,0,562,0,549,552,193,0,-22,586,0
2440,0,0,561,0,551,554,194,0,-16,587,0
2444,0,0,562,0,553,556,196,-1,-20,589,0
2448,0,0,562,0,554,558,197,0,-19,591,0
2452,0,0,562,0,556,559,198,0,-18,592,0
2456,0,0,563,0,558,561,199,0,-22,595,0
2460,0,0,563,0,560,563,201,0,-21,597,0
2464,0,0,563,0,562,565,202,-1,-20,598,0
2468,0,0,563,0,563,567,203,-1,-20,600,0
2472,0,0,562,0,565,569,205,-1,-14,601,0
2476,0,0,564,0,567,571,206,0,-23,603,0
2480,0,0,564,0,569,572,207,0,-22,605,0
2484,0,0,563,0,571,574,208,-1,-17,606,0
2488,0,0,565,0,573,576,210,-1,-26,609,0
2492,0,0,564,0,574,578,211,0,-20,610,0
2496,0,0,565,0,576,579,212,0,-24,612,0
2500,0,0,565,0,578,581,214,0,-23,614,0
2504,0,0,566,0,580,583,215,0,-27,617,0
2508,0,0,566,0,582,585,217,0,-26,619,0
2512,0,0,565,0,584,587,218,0,-20,621,0
2516,0,0,566,0,586,589,220,0,-24,623,0
2520,0,0,566,0,588,591,221,0,-23,624,0
2524,0,0,567,0,590,593,222,0,-27,627,0
2528,0,0,567,0,592,595,223,0,-26,629,0
2532,0,0,567,0,594,596,225,0,-25,631,0
2536,0,0,568,0,596,598,226,0,-29,634,0
2540,0,0,567,0,598,600,227,0,-23,635,0
2544,0,0,568,0,599,602,229,0,-27,637,0
2548,0,0,569,0,601,604,230,0,-31,640,0
2552,0,0,568,0,603,606,231,0,-25,642,0
2556,0,0,568,0,605,608,233,0,-24,644,0
2560,0,0,568,0,607,610,234,0,-23,645,0
2564,0,0,569,0,609,612,236,0,-27,647,0
2568,0,0,569,0,612,614,237,0,-26,649,0
2572,0,0,568,0,614,616,239,0,-21,650,0
2576,0,0,569,0,616,618,240,0,-25,652,0
2580,0,0,569,0,618,619,242,0,-24,653,0
2584,0,0,569,0,620,621,243,0,-24,654,0
2588,0,0,570,0,622,623,245,0,-28,656,0
2592,0,0,569,0,624,625,246,0,-22,657,0
2596,0,0,570,0,626,627,247,0,-27,659,0
2600,0,0,569,0,628,629,249,0,-21,660,0
2604,0,0,570,0,630,631,250,0,-26,661,0
2608,0,0,569,0,632,633,251,0,-20,662,0
2612,0,0,569,0,634,635,253,0,-20,662,0
2616,0,0,570,0,636,637,254,0,-24,663,0
2620,0,0,569,0,638,639,256,0,-19,664,0
2624,0,0,570,0,639,641,257,0,-24,665,0
2628,0,0,570,0,641,643,259,0,-23,666,0
2632,0,0,570,0,643,645,260,0,-23,667,0
2636,0,0,570,0,645,647,261,0,-22,668,0
2640,0,0,570,0,647,649,263,0,-22,668,0
2644,0,0,571,0,649,651,264,0,-26,670,0
2648,0,0,571,0,651,653,266,0,-26,671,0
2652,0,0,570,0,653,655,267,0,-20,671,0
2656,0,0,571,0,655,657,269,0,-25,673,0
2660,0,0,569,0,657,659,270,0,-15,672,0
2664,0,0,570,0,659,661,271,0,-20,672,0
2668,0,0,570,0,661,663,273,0,-20,672,0
2672,0,0,570,0,663,665,274,0,-20,673,0
2676,0,0,570,0,665,667,275,0,-20,673,0
2680,0,0,570,0,667,669,277,0,-20,673,0
2684,0,0,571,0,669,671,278,0,-24,674,0
2688,0,0,570,0,671,673,280,0,-19,674,0
2692,0,0,570,0,673,675,282,0,-19,674,0
2696,0,0,571,0,675,677,283,0,-24,675,0
2700,0,0,570,0,677,679,284,0,-19,675,0
2704,0,0,570,0,679,681,286,0,-19,675,0
2708,0,0,569,0,681,683,287,0,-14,674,0
2712,0,0,569,0,683,685,289,0,-14,673,0
2716,0,0,570,0,685,687,290,0,-19,673,0
2720,0,0,569,0,687,689,291,0,-15,673,0
2724,0,0,570,0,689,691,293,0,-20,673,0
2728,0,0,570,0,691,693,294,0,-20,673,0
2732,0,0,569,0,693,695,296,0,-15,672,0
2736,0,0,569,0,695,697,297,0,-15,672,0
2740,0,0,569,0,697,699,298,0,-15,671,0
2744,0,0,570,0,699,701,299,0,-20,672,0
2748,0,0,569,0,701,703,301,0,-15,671,0
2752,0,0,569,0,703,705,302,0,-16,671,0
2756,0,0,569,0,704,707,304,0,-16,670,0
2760,0,0,569,0,707,709,305,0,-16,670,0
2764,0,0,569,0,709,710,307,0,-16,669,0
2768,0,0,569,0,710,712,308,0,-16,669,0
2772,0,0,568,0,712,714,309,0,-12,668,0
2776,0,0,568,0,714,716,311,0,-12,667,0
2780,0,0,568,0,716,718,312,0,-13,666,0
2784,0,0,568,0,718,720,314,0,-13,665,0
2788,0,0,568,0,720,722,315,0,-14,664,0
2792,0,0,567,0,722,723,316,0,-9,663,0
2796,0,0,568,0,724,725,318,0,-15,662,0
2800,0,0,567,0,726,727,319,0,-10,661,0
2804,0,0,568,0,727,729,320,0,-15,661,0
2808,0,0,568,0,729,731,322,0,-16,660,0
2812,0,0,568,0,731,733,323,0,-16,660,0
2816,0,0,568,0,733,734,324,0,-16,660,0
2820,0,0,568,0,735,736,325,0,-16,660,0
2824,0,0,568,0,736,738,327,0,-16,659,0
2828,0,0,568,0,738,740,328,0,-16,659,0
2832,0,0,568,0,740,741,329,0,-16,659,0
2836,0,0,568,0,742,743,331,0,-16,659,0
2840,0,0,568,0,744,745,332,0,-16,659,0
2844,0,0,568,0,746,747,333,0,-16,659,0
2848,0,0,569,0,747,748,334,0,-21,659,0
2852,0,0,568,0,749,750,336,0,-16,659,0
2856,0,0,569,0,751,752,337,0,-21,660,0
2860,0,0,569,0,752,753,338,0,-21,661,0
2864,0,0,569,0,754,755,339,0,-20,661,0
2868,0,0,569,0,756,757,341,0,-20,662,0
2872,0,0,569,0,758,759,342,0,-20,662,0
2876,0,0,569,0,760,760,343,0,-20,662,0
2880,0,0,570,0,761,762,344,0,-24,664,0
2884,0,0,569,0,763,764,346,0,-19,664,0
2888,0,0,569,0,765,765,347,0,-19,664,0
2892,0,0,568,0,767,767,348,0,-14,664,0
2896,0,0,569,0,768,769,349,0,-19,664,0
2900,0,0,569,0,770,771,350,0,-19,664,0
2904,0,0,569,0,772,772,352,0,-19,664,0
2908,0,0,569,0,773,774,353,0,-19,664,0
2912,0,0,569,0,775,776,354,0,-19,665,0
2916,0,0,569,0,777,777,355,0,-19,665,0
2920,0,0,568,0,779,779,356,0,-14,664,0
2924,0,0,570,0,780,781,358,0,-24,665,0
2928,0,0,568,0,782,783,359,0,-14,664,0
2932,0,0,568,0,784,784,360,0,-14,664,0
2936,0,0,569,0,786,786,362,0,-19,664,0
2940,0,0,569,0,788,788,362,0,-19,664,0
2944,0,0,569,0,789,789,364,0,-19,664,0
2948,0,0,569,0,791,791,365,0,-19,665,0
2952,0,0,569,0,793,793,367,0,-19,665,0
2956,0,0,569,0,794,795,368,0,-18,665,0
2960,0,0,569,0,796,796,369,0,-18,665,0
2964,0,0,570,0,798,798,370,0,-23,666,0
2968,0,0,570,0,799,799,371,0,-23,667,0
2972,0,0,569,0,801,801,373,0,-18,667,0
2976,0,0,570,0,803,803,374,0,-22,668,0
2980,0,0,569,0,804,805,375,0,-17,667,0
2984,0,0,569,0,806,806,376,0,-17,667,0
2988,0,0,569,0,808,808,378,0,-17,667,0
2992,0,0,568,0,809,810,378,0,-13,666,0
2996,0,0,569,0,811,811,380,0,-18,666,0
3000,0,0,569,0,813,813,381,0,-18,666,0
3004,0,0,569,0,814,815,382,0,-18,666,0
3008,0,0,569,0,816,816,383,0,-18,666,0
3012,0,0,569,0,818,818,385,0,-18,666,0
3016,0,0,569,0,820,820,386,0,-18,666,0
3020,0,0,569,0,821,821,387,0,-18,666,0
3024,0,0,569,0,823,823,388,0,-18,666,0
3028,0,0,569,0,824,825,389,0,-18,666,0
3032,0,0,568,0,826,826,390,0,-13,665,0
3036,0,0,568,0,828,828,392,0,-13,665,0
3040,0,0,569,0,830,829,393,0,-19,665,0
3044,0,0,570,0,831,831,394,0,-23,666,0
3048,0,0,569,0,833,833,395,0,-18,666,0
3052,0,0,568,0,834,835,396,0,-13,665,0
3056,0,0,569,0,836,836,398,0,-18,665,0
3060,0,0,568,0,838,838,399,0,-14,664,0
3064,0,0,569,0,839,839,400,0,-19,665,0
3068,0,0,569,0,841,841,401,0,-19,665,0
3072,0,0,568,0,843,843,403,0,-14,664,0
3076,0,0,569,0,844,844,403,0,-19,664,0
3080,0,0,569,0,846,846,405,0,-19,664,0
3084,0,0,569,0,848,848,406,0,-19,665,0
3088,0,0,567,0,850,849,407,0,-9,663,0
3092,0,0,568,0,851,851,408,0,-14,662,0
3096,0,0,568,0,853,853,410,0,-15,662,0
3100,0,0,567,0,855,855,411,0,-10,661,0
3104,0,0,567,0,856,856,412,0,-11,660,0
3108,0,0,567,0,858,858,413,0,-11,658,0
3112,0,0,566,0,860,859,414,0,-7,657,0
3116,0,0,567,0,862,861,416,0,-13,656,0
3120,0,0,566,0,863,863,417,0,-8,654,0
3124,0,0,566,0,865,865,418,0,-9,653,0
3128,0,0,567,0,867,866,419,0,-14,653,0
3132,0,0,566,0,868,868,421,0,-10,651,0
3136,0,0,567,0,870,870,422,0,-15,651,0
3140,0,0,566,0,872,871,423,0,-10,650,0
3144,0,0,565,0,874,873,424,0,-6,648,0
3148,0,0,566,0,876,875,426,0,-12,648,0
3152,0,0,566,0,877,877,427,0,-12,647,0
3156,0,0,566,0,879,879,428,0,-12,646,0
3160,0,0,565,0,881,881,430,0,-8,645,0
3164,0,0,565,0,883,882,431,0,-8,643,0
3168,0,0,565,0,885,884,432,0,-9,642,0
3172,0,0,564,0,886,886,433,0,-5,640,0
3176,0,0,565,0,888,888,435,0,-10,640,0
3180,0,0,564,0,890,889,436,0,-6,638,0
3184,0,0,564,0,892,891,437,0,-7,637,0
3188,0,0,564,0,894,893,438,0,-7,635,0
3192,0,0,563,0,895,895,440,0,-3,633,0
3196,0,0,564,0,897,897,441,0,-9,632,0
3200,0,0,562,0,899,899,443,0,0,630,0
3204,0,0,564,0,901,901,444,0,-10,629,0
3208,0,0,563,0,902,903,445,0,-6,628,0
3212,0,0,563,0,904,904,446,0,-6,626,0
3216,0,0,563,0,906,906,448,0,-7,625,0
3220,0,0,562,0,908,908,449,0,-3,623,0
3224,0,0,562,0,910,910,451,0,-4,622,0
3228,0,0,562,0,912,912,452,0,-4,620,0
3232,0,0,562,0,914,914,454,0,-5,619,0
3236,0,0,562,0,916,916,455,0,-6,617,0
3240,0,0,562,0,917,918,456,0,-6,616,0
3244,0,0,562,0,919,920,457,0,-7,615,0
3248,0,0,562,0,921,922,459,0,-7,614,0
3252,0,0,562,0,923,924,460,0,-8,614,0
3256,0,0,563,0,925,926,461,0,-13,614,0
3260,0,0,562,0,927,928,462,0,-8,613,0
3264,0,0,563,0,928,930,464,0,-13,613,0
3268,0,0,563,0,930,932,465,0,-13,613,0
3272,0,0,562,0,932,934,467,0,-8,613,0
3276,0,0,563,0,934,936,468,0,-13,613,0
3280,0,0,562,0,936,938,470,0,-8,612,0
3284,0,0,563,0,938,940,471,0,-13,613,0
3288,0,0,563,0,940,942,473,0,-13,613,0
3292,0,0,563,0,942,944,474,0,-13,613,0
3296,0,0,564,0,944,946,476,0,-18,614,0
3300,0,0,564,0,946,948,477,0,-17,615,0
3304,0,0,565,0,948,950,479,0,-22,617,0
3308,0,0,565,0,950,952,480,0,-21,618,0
3312,0,0,564,0,952,954,481,0,-16,619,0
3316,0,0,565,0,954,956,483,0,-20,620,0
3320,0,0,564,0,956,958,484,0,-15,620,0
3324,0,0,565,0,958,960,486,0,-19,622,0
3328,0,0,565,0,960,962,487,0,-19,623,0
3332,0,0,566,0,962,964,489,0,-23,624,0
3336,0,0,566,0,964,966,490,0,-22,626,0
3340,0,0,566,0,966,968,491,0,-22,627,0
3344,0,0,567,0,968,970,493,0,-26,630,0
3348,0,0,567,0,971,973,494,0,-25,632,0
3352,0,0,568,0,973,975,497,0,-29,634,0
3356,0,0,568,0,975,977,498,0,-27,637,0
3360,0,0,568,0,977,979,499,0,-26,639,0
3364,0,0,569,0,979,981,501,0,-30,641,0
3368,0,0,569,0,982,983,502,0,-29,644,0
3372,0,0,569,0,984,985,504,0,-28,646,0
3376,0,0,570,0,986,987,505,0,-32,649,0
3380,0,0,570,0,988,989,507,0,-30,652,0
3384,0,0,572,0,990,991,508,0,-39,656,0
3388,0,0,573,0,992,994,510,0,-42,660,0
3392,0,0,572,0,995,996,512,0,-35,663,0
3396,0,0,573,0,997,998,513,0,-38,667,0
3400,0,0,573,0,999,1000,515,0,-37,670,0
3404,0,0,573,0,1001,1003,516,0,-35,673,0
3408,0,0,573,0,1004,1005,518,0,-34,676,0
3412,0,0,573,0,1006,1007,520,0,-33,678,0
3416,0,0,573,0,1008,1009,521,0,-31,681,0
3420,0,0,571,0,1010,1011,523,0,-21,681,0
3424,0,0,573,0,1013,1013,524,0,-30,683,0
3428,0,0,573,0,1015,1016,526,0,-29,685,0
3432,0,0,572,0,1017,1018,528,0,-24,685,0
3436,0,0,573,0,1019,1020,529,0,-28,687,0
3440,0,0,573,0,1022,1022,531,0,-28,688,0
3444,0,0,573,0,1024,1025,533,0,-27,689,0
3448,0,0,572,0,1026,1027,534,0,-22,690,0
3452,0,0,572,0,1028,1029,536,0,-22,690,0
3456,0,0,572,0,1031,1031,537,0,-22,690,0
3460,0,0,571,0,1033,1033,539,0,-17,689,0
3464,0,0,571,0,1035,1035,540,0,-17,689,0
3468,0,0,571,0,1038,1038,542,0,-17,688,0
3472,0,0,571,0,1040,1040,544,0,-17,688,0
3476,0,0,571,0,1042,1042,545,0,-18,687,0
3480,0,0,570,0,1044,1045,547,0,-13,686,0
3484,0,0,570,0,1046,1047,548,0,-14,685,0
3488,0,0,570,0,1049,1049,550,0,-14,684,0
3492,0,0,569,0,1051,1051,552,0,-10,682,0
3496,0,0,570,0,1053,1053,553,0,-15,681,0
3500,0,0,569,0,1056,1055,555,0,-11,680,0
3504,0,0,569,0,1058,1058,556,0,-12,678,0
3508,0,0,568,0,1060,1060,558,0,-7,676,0
3512,0,0,569,0,1062,1062,560,0,-13,675,0
3516,0,0,571,0,1064,1065,561,0,-23,676,0
3520,0,0,569,0,1066,1067,562,0,-13,675,0
3524,0,0,570,0,1068,1069,564,0,-19,675,0
3528,0,0,569,0,1071,1071,566,0,-14,674,0
3532,0,0,569,0,1073,1073,567,0,-14,673,0
3536,0,0,570,0,1075,1075,569,0,-19,674,0
3540,0,0,569,0,1077,1077,570,0,-15,673,0
3544,0,0,569,0,1079,1079,572,0,-15,672,0
3548,0,0,569,0,1081,1081,573,0,-15,672,0
3552,0,0,568,0,1083,1083,575,0,-11,670,0
3556,0,0,569,0,1085,1085,576,0,-16,670,0
3560,0,0,569,0,1087,1087,577,0,-16,669,0
3564,0,0,569,0,1089,1089,579,0,-16,669,0
3568,0,0,569,0,1091,1091,580,0,-17,669,0
3572,0,0,569,0,1093,1093,582,0,-17,669,0
3576,0,0,570,0,1095,1095,583,0,-22,669,0
3580,0,0,569,0,1097,1097,585,0,-16,669,0
3584,0,0,570,0,1099,1099,586,0,-21,669,0
3588,0,0,569,0,1101,1101,587,0,-16,669,0
3592,0,0,569,0,1102,1103,589,0,-17,669,0
3596,0,0,570,0,1104,1105,590,0,-21,669,0
3600,0,0,569,0,1106,1107,591,0,-16,669,0
3604,0,0,570,0,1108,1109,593,0,-21,670,0
3608,0,0,570,0,1110,1110,594,0,-21,670,0
3612,0,0,570,0,1112,1112,595,0,-21,671,0
3616,0,0,570,0,1114,1114,597,0,-21,671,0
3620,0,0,570,0,1116,1116,598,0,-20,671,0
3624,0,0,571,0,1118,1118,600,0,-25,673,0
3628,0,0,571,0,1120,1120,600,0,-25,674,0
3632,0,0,571,0,1122,1121,602,0,-24,675,0
3636,0,0,571,0,1123,1123,603,0,-24,675,0
3640,0,0,571,0,1125,1125,605,0,-23,676,0
3644,0,0,572,0,1127,1127,606,0,-28,678,0
3648,0,0,571,0,1129,1129,607,0,-22,678,0
3652,0,0,571,0,1130,1130,608,0,-22,679,0
3656,0,0,572,0,1132,1132,610,0,-26,680,0
3660,0,0,572,0,1134,1134,611,0,-26,681,0
3664,0,0,572,0,1136,1135,612,0,-25,682,0
3668,0,0,572,0,1137,1137,613,0,-25,683,0
3672,0,0,573,0,1139,1139,615,0,-29,685,0
3676,0,0,572,0,1141,1141,616,0,-24,686,0
3680,0,0,572,0,1143,1142,617,0,-23,686,0
3684,0,0,573,0,1144,1144,618,0,-28,688,0
3688,0,0,573,0,1146,1146,619,0,-27,689,0
3692,0,0,573,0,1148,1147,621,0,-27,690,0
3696,0,0,573,0,1150,1149,622,0,-26,691,0
3700,0,0,572,0,1152,1151,624,0,-21,691,0
3704,0,0,574,0,1153,1153,624,0,-31,693,0
3708,0,0,573,0,1155,1154,626,0,-25,694,0
3712,0,0,573,0,1157,1156,627,0,-25,694,0
3716,0,0,573,0,1158,1157,628,0,-24,695,0
3720,0,0,572,0,1160,1159,629,0,-19,695,0
3724,0,0,573,0,1162,1161,631,0,-24,695,0
3728,0,0,573,0,1164,1163,632,0,-24,696,0
3732,0,0,573,0,1165,1164,633,0,-24,696,0
3736,0,0,573,0,1167,1166,634,0,-23,697,0
3740,0,0,572,0,1169,1168,635,0,-18,696,0
3744,0,0,573,0,1170,1169,637,0,-23,697,0
3748,0,0,573,0,1172,1171,638,0,-23,697,0
3752,0,0,573,0,1174,1173,639,0,-23,697,0
3756,0,0,573,0,1176,1174,640,0,-23,698,0
3760,0,0,572,0,1177,1176,642,0,-18,697,0
3764,0,0,573,0,1179,1177,643,0,-23,697,0
3768,0,0,573,0,1181,1179,644,0,-23,698,0
3772,0,0,572,0,1182,1181,645,0,-18,697,0
3776,0,0,573,0,1184,1183,646,0,-23,697,0
3780,0,0,572,0,1186,1184,648,0,-18,697,0
3784,0,0,572,0,1187,1186,649,0,-18,696,0
3788,0,0,572,0,1189,1187,650,0,-19,696,0
3792,0,0,572,0,1191,1189,651,0,-19,695,0
3796,0,0,573,0,1192,1191,652,0,-24,696,0
3800,0,0,572,0,1194,1193,654,0,-19,696,0
3804,0,0,572,0,1196,1194,655,0,-19,695,0
3808,0,0,573,0,1198,1196,656,0,-24,696,0
3812,0,0,573,0,1199,1197,657,0,-24,696,0
3816,0,0,573,0,1201,1199,658,0,-23,697,0
3820,0,0,573,0,1203,1201,660,0,-23,697,0
3824,0,0,572,0,1204,1203,661,0,-18,696,0
3828,0,0,573,0,1206,1204,662,0,-23,697,0
3832,0,0,572,0,1208,1206,663,0,-18,696,0
3836,0,0,573,0,1210,1208,665,0,-23,697,0
3840,0,0,572,0,1212,1210,666,0,-18,696,0
3844,0,0,572,0,1214,1211,667,0,-19,696,0
3848,0,0,572,0,1215,1213,669,0,-19,695,0
3852,0,0,572,0,1217,1215,670,0,-19,695,0
3856,0,0,572,0,1219,1217,671,0,-19,695,0
3860,0,0,571,0,1221,1219,673,0,-15,694,0
3864,0,0,572,0,1223,1221,674,0,-20,693,0
3868,0,0,572,0,1224,1222,675,0,-20,693,0
3872,0,0,571,0,1226,1224,676,0,-15,692,0
3876,0,0,571,0,1228,1226,678,0,-16,691,0
3880,0,0,570,0,1230,1228,679,0,-11,690,0
3884,0,0,571,0,1232,1230,680,0,-17,689,0
3888,0,0,571,0,1234,1231,682,0,-17,688,0
3892,0,0,570,0,1236,1233,683,0,-13,687,0
3896,0,0,570,0,1238,1235,685,0,-13,686,0
3900,0,0,569,0,1240,1237,686,0,-9,684,0
3904,0,0,569,0,1242,1239,688,0,-10,682,0
3908,0,0,569,0,1244,1241,689,0,-11,681,0
3912,0,0,568,0,1246,1243,690,0,-7,678,0
3916,0,0,568,0,1248,1245,692,0,-8,676,0
3920,0,0,568,0,1250,1247,693,0,-9,674,0
3924,0,0,568,0,1252,1249,695,0,-9,673,0
3928,0,0,568,0,1254,1251,696,0,-10,671,0
3932,0,0,568,0,1256,1253,697,0,-11,670,0
3936,0,0,568,0,1257,1255,699,0,-11,669,0
3940,0,0,567,0,1260,1257,700,0,-7,667,0
3944,0,0,568,0,1262,1259,701,0,-13,666,0
3948,0,0,567,0,1264,1262,703,0,-8,664,0
3952,0,0,567,0,1266,1264,705,0,-9,663,0
3956,0,0,567,0,1268,1266,706,0,-10,661,0
3960,0,0,566,0,1270,1268,708,0,-6,659,0
3964,0,0,567,0,1272,1270,709,0,-11,658,0
3968,0,0,567,0,1274,1273,711,0,-12,657,0
3972,0,0,566,0,1276,1275,712,0,-7,656,0
3976,0,0,567,0,1278,1277,714,0,-13,655,0
3980,0,0,567,0,1280,1279,715,0,-13,654,0
3984,0,0,567,0,1282,1281,717,0,-14,654,0
3988,0,0,566,0,1284,1283,718,0,-9,652,0
3992,0,0,566,0,1286,1285,720,0,-10,651,0
3996,0,0,566,0,1288,1288,721,0,-10,650,0
4000,0,0,565,0,1290,1290,723,0,-6,648,0
4004,0,0,566,0,1292,1292,724,0,-11,648,0
4008,0,0,565,0,1295,1294,726,0,-7,646,0
4012,0,0,564,0,1297,1297,727,0,-3,644,0
4016,0,0,565,0,1299,1299,729,0,-9,643,0
4020,0,0,565,0,1301,1301,731,0,-9,642,0
4024,0,0,565,0,1303,1303,732,0,-10,641,0
4028,0,0,564,0,1305,1305,734,0,-5,639,0
4032,0,0,562,0,1308,1308,735,0,2,636,0
4036,0,0,565,0,1310,1310,737,0,-12,635,0
4040,0,0,564,0,1312,1312,739,0,-8,634,0
4044,0,0,564,0,1314,1315,740,0,-8,633,0
4048,0,0,564,0,1316,1317,742,0,-9,632,0
4052,0,0,564,0,1318,1319,743,0,-9,631,0
4056,0,0,564,0,1321,1321,745,0,-10,630,0
4060,0,0,564,0,1323,1323,747,0,-10,630,0
4064,0,0,565,0,1325,1326,748,0,-15,630,0
4068,0,0,565,0,1327,1328,750,0,-15,630,0
4072,0,0,564,0,1330,1330,751,0,-10,629,0
4076,0,0,566,0,1332,1333,753,0,-20,631,0
4080,0,0,565,0,1334,1335,755,0,-15,631,0
4084,0,0,565,0,1336,1337,756,0,-15,631,0
4088,0,0,565,0,1339,1340,758,0,-15,631,0
4092,0,0,565,0,1341,1342,760,0,-15,631,0
4096,0,0,564,0,1343,1344,761,0,-10,630,0
4100,0,0,563,0,1346,1347,763,0,-5,629,0
4104,0,0,564,0,1348,1349,765,0,-11,628,0
4108,0,0,563,0,1350,1351,766,0,-6,627,0
4112,0,0,563,0,1352,1353,768,0,-7,626,0
4116,0,0,563,0,1354,1356,770,0,-7,625,0
4120,0,0,563,0,1357,1358,771,0,-8,624,0
4124,0,0,563,0,1359,1361,773,0,-8,623,0
4128,0,0,563,0,1361,1363,775,0,-9,622,0
4132,0,0,562,0,1363,1365,776,0,-4,620,0
4136,0,0,564,0,1366,1367,777,0,-14,621,0
4140,0,0,563,0,1368,1370,779,0,-10,620,0
4144,0,0,564,0,1370,1372,781,0,-15,620,0
4148,0,0,564,0,1372,1375,782,0,-14,621,0
4152,0,0,564,0,1374,1377,784,0,-14,621,0
4156,0,0,564,0,1377,1379,786,0,-14,621,0
4160,0,0,564,0,1379,1381,787,0,-14,621,0
4164,0,0,564,0,1381,1384,789,0,-14,622,0
4168,0,0,564,0,1383,1386,791,0,-14,622,0
4172,0,0,564,0,1386,1388,792,0,-14,622,0
4176,0,0,564,0,1388,1391,794,0,-14,622,0
4180,0,0,565,0,1390,1393,796,0,-19,623,0
4184,0,0,565,0,1392,1395,797,0,-18,624,0
4188,0,0,565,0,1394,1397,799,0,-18,625,0
4192,0,0,565,0,1397,1400,800,0,-17,626,0
4196,0,0,565,0,1399,1402,802,0,-17,626,0
4200,0,0,565,0,1401,1404,804,0,-17,627,0
4204,0,0,565,0,1403,1407,805,0,-16,627,0
4208,0,0,565,0,1406,1409,807,-1,-16,628,0
4212,0,0,564,0,1408,1411,809,0,-11,627,0
4216,0,0,565,0,1410,1413,810,0,-16,628,0
4220,0,0,564,0,1412,1415,0,0,-11,627,0
4224,0,0,565,0,1414,1418,2,0,-16,628,0
4228,0,0,566,0,1417,1420,3,-1,-21,629,0
4232,0,0,566,0,1419,1422,5,0,-20,630,0
4236,0,0,566,0,1421,1425,7,0,-20,631,0
4240,0,0,566,0,1423,1427,8,-1,-19,632,0
4244,0,0,567,0,1425,1429,10,-1,-24,634,0
4248,0,0,566,0,1428,1431,12,0,-18,635,0
4252,0,0,566,0,1430,1433,13,0,-18,635,0
4256,0,0,567,0,1432,1435,15,0,-22,637,0
4260,0,0,567,0,1434,1437,16,0,-22,638,0
4264,0,0,567,0,1436,1440,17,0,-21,639,0
4268,0,0,568,0,1439,1442,19,-1,-25,641,0
4272,0,0,568,0,1441,1444,21,0,-24,642,0
4276,0,0,569,0,1443,1446,22,0,-29,645,0
4280,0,0,569,0,1445,1448,24,0,-27,647,0
4284,0,0,570,0,1447,1450,25,0,-31,650,0
4288,0,0,571,0,1449,1452,27,0,-35,653,0
4292,0,0,571,0,1452,1455,28,0,-33,656,0
4296,0,0,571,0,1454,1457,30,0,-32,659,0
4300,0,0,570,0,1456,1459,31,0,-26,660,0
4304,0,0,572,0,1458,1461,33,0,-35,664,0
4308,0,0,572,0,1460,1463,34,0,-33,666,0
4312,0,0,572,0,1462,1465,36,0,-32,669,0
4316,0,0,573,0,1464,1466,37,0,-36,672,0
4320,0,0,574,0,1466,1469,39,0,-39,676,0
4324,0,0,574,0,1468,1471,40,0,-37,679,0
4328,0,0,575,0,1470,1473,41,0,-41,683,0
4332,0,0,575,0,1472,1474,43,0,-39,686,0
4336,0,0,576,0,1475,1476,44,0,-42,690,0
4340,0,0,575,0,1477,1478,46,0,-36,693,0
4344,0,0,575,0,1479,1480,47,0,-34,695,0
4348,0,0,574,0,1480,1481,48,0,-29,697,0
4352,0,0,573,0,1482,1483,50,0,-23,697,0
4356,0,0,573,0,1484,1485,51,0,-23,697,0
4360,0,0,570,0,1486,1487,53,0,-8,695,0
4364,0,0,570,0,1488,1489,54,0,-10,693,0
4368,0,0,569,0,1490,1491,55,0,-6,690,0
4372,0,0,568,0,1492,1493,56,0,-2,687,0
4376,0,0,568,0,1494,1495,58,0,-4,684,0
4380,0,0,567,0,1496,1496,59,0,0,681,0
4384,0,0,567,0,1498,1498,61,0,-2,678,0
4388,0,0,567,0,1500,1500,62,0,-3,675,0
4392,0,0,566,0,1502,1501,63,0,0,671,0
4396,0,0,566,0,1504,1503,64,0,-1,668,0
4400,0,0,567,0,1505,1505,65,0,-7,666,0
4404,0,0,567,0,1506,1506,67,0,-8,665,0
4408,0,0,566,0,1508,1507,68,0,-4,662,0
4412,0,0,567,0,1509,1509,69,0,-10,661,0
4416,0,0,568,0,1510,1510,69,0,-15,661,0
4420,0,0,567,0,1512,1511,70,0,-11,659,0
4424,0,0,568,0,1513,1512,71,0,-16,659,0
4428,0,0,569,0,1514,1513,72,0,-21,660,0
4432,0,0,569,0,1515,1515,73,0,-21,661,0
4436,0,0,570,0,1516,1516,74,0,-25,662,0
4440,0,0,570,0,1518,1517,74,0,-25,663,0
4444,0,0,570,0,1519,1519,75,0,-24,664,0
4448,0,0,570,0,1520,1520,77,0,-23,665,0
4452,0,0,570,0,1521,1521,77,0,-23,666,0
4456,0,0,571,0,1523,1523,79,0,-27,668,0
4460,0,0,571,0,1524,1524,79,0,-27,670,0
4464,0,0,570,0,1526,1525,80,0,-21,670,0
4468,0,0,572,0,1527,1527,82,0,-30,672,0
4472,0,0,571,0,1528,1528,82,0,-25,673,0
4476,0,0,572,0,1529,1529,83,0,-29,675,0
4480,0,0,572,0,1530,1530,84,0,-28,677,0
4484,0,0,572,0,1531,1531,84,0,-27,678,0
4488,0,0,571,0,1532,1532,85,0,-22,679,0
4492,0,0,572,0,1533,1533,86,0,-27,680,0
4496,0,0,573,0,1534,1534,87,0,-31,682,0
4500,0,0,573,0,1535,1535,87,0,-30,684,0
4504,0,0,573,0,1536,1536,88,0,-29,686,0
4508,0,0,574,0,1537,1537,88,0,-33,688,0
4512,0,0,573,0,1538,1538,89,0,-27,689,0
4516,0,0,574,0,1539,1539,90,0,-31,691,0
4520,0,0,574,0,1540,1540,91,0,-31,693,0
4524,0,0,575,0,1541,1541,92,0,-35,695,0
4528,0,0,575,0,1542,1542,92,0,-33,698,0
4532,0,0,575,0,1543,1543,93,0,-32,700,0
4536,0,0,575,0,1544,1544,94,0,-32,701,0
4540,0,0,575,0,1546,1545,94,0,-31,703,0
4544,0,0,575,0,1547,1547,96,0,-30,704,0
4548,0,0,576,0,1548,1548,97,0,-34,707,0
4552,0,0,575,0,1549,1549,97,0,-28,708,0
4556,0,0,576,0,1550,1550,98,0,-33,709,0
4560,0,0,576,0,1551,1551,99,0,-32,711,0
4564,0,0,577,0,1552,1552,99,0,-36,713,0
4568,0,0,576,0,1553,1553,100,0,-30,715,0
4572,0,0,576,0,1554,1554,101,0,-29,716,0
4576,0,0,578,0,1556,1555,102,0,-39,719,0
4580,0,0,576,0,1557,1556,103,0,-28,719,0
4584,0,0,576,0,1558,1557,103,0,-27,720,0
4588,0,0,576,0,1559,1558,104,0,-27,721,0
4592,0,0,576,0,1560,1559,105,0,-27,721,0
4596,0,0,576,0,1562,1561,106,0,-27,722,0
4600,0,0,576,0,1563,1562,107,0,-26,722,0
4604,0,0,577,0,1564,1563,108,0,-31,723,0
4608,0,0,577,0,1565,1565,109,0,-30,724,0
4612,0,0,577,0,1567,1566,110,0,-30,725,0
4616,0,0,578,0,1568,1567,111,0,-34,727,0
4620,0,0,577,0,1570,1569,112,0,-29,728,0
4624,0,0,578,0,1571,1571,113,0,-33,729,0
4628,0,0,577,0,1572,1572,114,0,-28,730,0
4632,0,0,577,0,1574,1573,115,0,-27,730,0
4636,0,0,577,0,1575,1575,116,0,-27,731,0
4640,0,0,578,0,1577,1576,117,0,-32,732,0
4644,0,0,577,0,1578,1578,118,0,-26,732,0
4648,0,0,577,0,1580,1579,119,0,-26,733,0
4652,0,0,577,0,1581,1581,120,0,-26,733,0
4656,0,0,578,0,1583,1582,121,0,-31,734,0
4660,0,0,577,0,1584,1584,122,0,-26,734,0
4664,0,0,577,0,1586,1585,123,0,-26,734,0
4668,0,0,577,0,1588,1587,125,0,-26,734,0
4672,0,0,577,0,1589,1589,126,0,-26,734,0
4676,0,0,577,0,1591,1590,127,0,-26,734,0
4680,0,0,576,0,1593,1592,129,0,-21,733,0
4684,0,0,577,0,1595,1594,130,0,-26,733,0
4688,0,0,577,0,1597,1595,131,0,-26,734,0
4692,0,0,577,0,1598,1597,132,0,-26,734,0
4696,0,0,577,0,1600,1599,134,0,-26,734,0
4700,0,0,577,0,1602,1601,135,0,-26,734,0
4704,0,0,577,0,1604,1603,136,0,-26,734,0
4708,0,0,578,0,1606,1605,138,0,-30,735,0
4712,0,0,576,0,1608,1607,139,0,-20,734,0
4716,0,0,576,0,1610,1609,140,0,-21,733,0
4720,0,0,575,0,1612,1610,142,0,-16,732,0
4724,0,0,575,0,1614,1612,143,0,-17,730,0
4728,0,0,576,0,1616,1614,144,0,-23,730,0
4732,0,0,575,0,1618,1616,146,0,-18,729,0
4736,0,0,575,0,1620,1618,147,0,-18,727,0
4740,0,0,575,0,1622,1620,149,0,-19,726,0
4744,0,0,575,0,1624,1623,150,0,-19,726,0
4748,0,0,574,0,1626,1625,152,0,-15,724,0
4752,0,0,574,0,1628,1627,154,0,-16,722,0
4756,0,0,574,0,1630,1629,155,0,-16,721,0
4760,0,0,573,0,1632,1631,156,0,-12,719,0
4764,0,0,573,0,1634,1633,158,0,-13,717,0
4768,0,0,573,0,1636,1635,159,0,-14,715,0
4772,0,0,573,0,1638,1637,161,0,-15,714,0
4776,0,0,573,0,1640,1639,162,0,-15,713,0
4780,0,0,573,0,1643,1642,164,0,-16,711,0
4784,0,0,573,0,1645,1644,166,0,-17,710,0
4788,0,0,573,0,1647,1646,167,0,-17,709,0
4792,0,0,572,0,1649,1648,169,0,-13,708,0
4796,0,0,573,0,1651,1651,170,0,-18,707,0
4800,0,0,572,0,1654,1653,172,0,-14,705,0
4804,0,0,572,0,1656,1655,174,0,-15,704,0
4808,0,0,572,0,1658,1657,175,0,-15,703,0
4812,0,0,572,0,1660,1659,177,0,-16,702,0
4816,0,0,571,0,1662,1662,178,0,-11,700,0
4820,0,0,571,0,1665,1664,180,0,-12,698,0
4824,0,0,571,0,1667,1667,182,0,-13,697,0
4828,0,0,571,0,1669,1669,183,0,-14,695,0
4832,0,0,570,0,1672,1671,185,0,-9,693,0
4836,0,0,571,0,1674,1674,187,0,-15,692,0
4840,0,0,570,0,1676,1676,188,0,-11,691,0
4844,0,0,571,0,1678,1679,190,0,-16,690,0
4848,0,0,570,0,1681,1681,192,0,-12,688,0
4852,0,0,570,0,1683,1683,193,0,-13,687,0
4856,0,0,570,0,1685,1685,195,0,-13,686,0
4860,0,0,569,0,1688,1688,196,0,-9,684,0
4864,0,0,569,0,1690,1690,198,0,-10,682,0
4868,0,0,569,0,1692,1693,200,0,-11,680,0
4872,0,0,569,0,1694,1695,202,0,-11,679,0
4876,0,0,569,0,1697,1697,203,0,-12,678,0
4880,0,0,569,0,1699,1700,205,0,-13,677,0
4884,0,0,569,0,1702,1702,207,0,-13,676,0
4888,0,0,569,0,1704,1705,208,0,-14,675,0
4892,0,0,569,0,1706,1707,210,0,-14,674,0
4896,0,0,570,0,1708,1709,212,0,-19,674,0
4900,0,0,569,0,1711,1712,213,0,-14,673,0
4904,0,0,569,0,1713,1714,215,0,-15,672,0
4908,0,0,569,0,1715,1717,217,0,-15,672,0
4912,0,0,568,0,1718,1719,218,0,-11,670,0
4916,0,0,569,0,1720,1721,220,0,-16,670,0
4920,0,0,569,0,1722,1724,222,0,-16,670,0
4924,0,0,569,0,1724,1726,223,0,-16,669,0
4928,0,0,569,0,1727,1728,225,0,-16,669,0
4932,0,0,569,0,1729,1731,227,0,-17,669,0
4936,0,0,569,0,1731,1733,228,0,-17,668,0
4940,0,0,570,0,1733,1735,230,0,-22,669,0
4944,0,0,569,0,1736,1738,231,0,-17,669,0
4948,0,0,569,0,1738,1740,233,0,-17,668,0
4952,0,0,569,0,1740,1742,235,0,-17,668,0
4956,0,0,569,0,1742,1745,237,0,-17,668,0
4960,0,0,569,0,1744,1747,238,0,-17,668,0
4964,0,0,569,0,1747,1749,240,0,-17,668,0
4968,0,0,570,0,1749,1751,241,0,-22,668,0
4972,0,0,570,0,1751,1753,243,0,-22,669,0
4976,0,0,571,0,1753,1756,245,0,-26,670,0
4980,0,0,570,0,1756,1758,246,0,-21,671,0
4984,0,0,572,0,1758,1760,248,0,-30,673,0
4988,0,0,571,0,1760,1763,249,0,-24,674,0
4992,0,0,571,0,1762,1765,251,0,-24,675,0
4996,0,0,572,0,1764,1767,252,0,-28,677,0
5000,0,0,571,0,1766,1769,254,0,-23,677,0
5004,0,0,572,0,1768,1771,255,0,-27,679,0
5008,0,0,572,0,1771,1773,257,0,-27,680,0
5012,0,0,572,0,1773,1775,259,0,-26,681,0
5016,0,0,573,0,1775,1778,260,0,-30,683,0
5020,0,0,572,0,1777,1780,261,0,-25,684,0
5024,0,0,573,0,1779,1782,263,0,-29,686,0
5028,0,0,574,0,1781,1784,265,0,-33,688,0
5032,0,0,573,0,1784,1786,266,0,-27,689,0
5036,0,0,575,0,1786,1788,268,0,-36,692,0
5040,0,0,574,0,1788,1790,269,0,-30,694,0
5044,0,0,574,0,1790,1793,271,0,-29,695,0
5048,0,0,574,0,1792,1795,272,0,-29,697,0
5052,0,0,573,0,1794,1797,274,0,-23,697,0
5056,0,0,575,0,1796,1799,275,0,-33,699,0
5060,0,0,575,0,1798,1801,276,0,-32,701,0
5064,0,0,575,0,1800,1803,278,0,-31,703,0
5068,0,0,575,0,1802,1805,279,0,-30,704,0
5072,0,0,575,0,1804,1807,281,0,-30,705,0
5076,0,0,577,0,1806,1809,282,0,-39,708,0
5080,0,0,576,0,1808,1811,284,0,-32,710,0
5084,0,0,577,0,1811,1812,285,0,-36,712,0
5088,0,0,577,0,1812,1814,287,0,-35,715,0
5092,0,0,577,0,1814,1816,288,0,-34,717,0
5096,0,0,577,0,1817,1818,289,0,-33,718,0
5100,0,0,577,0,1818,1820,291,0,-33,720,0
5104,0,0,578,0,1820,1822,292,0,-37,722,0
5108,0,0,578,0,1822,1824,293,0,-36,724,0
5112,0,0,579,0,1824,1825,295,0,-39,727,0
5116,0,0,579,0,1826,1827,296,0,-38,730,0
5120,0,0,579,0,1828,1829,298,0,-37,732,0
5124,0,0,580,0,1830,1831,299,0,-41,735,0
5128,0,0,580,0,1832,1833,301,0,-40,737,0
5132,0,0,579,0,1834,1834,302,0,-34,739,0
5136,0,0,580,0,1836,1836,303,0,-38,741,0
5140,0,0,580,0,1838,1838,304,0,-37,743,0
5144,0,0,581,0,1840,1840,306,0,-41,745,0
5148,0,0,580,0,1842,1841,307,0,-35,747,0
5152,0,0,579,0,1844,1843,308,0,-29,747,0
5156,0,0,581,0,1846,1845,309,0,-39,749,0
5160,0,0,581,0,1847,1847,311,0,-38,751,0
5164,0,0,581,0,1849,1849,312,0,-37,753,0
5168,0,0,581,0,1851,1850,313,0,-36,755,0
5172,0,0,582,0,1853,1852,315,0,-40,757,0
5176,0,0,582,0,1855,1854,316,0,-39,759,0
5180,0,0,582,0,1856,1855,317,0,-38,761,0
5184,0,0,581,0,1858,1857,318,0,-33,762,0
5188,0,0,582,0,1860,1859,320,0,-37,763,0
5192,0,0,582,0,1862,1861,321,0,-36,765,0
5196,0,0,583,0,1864,1863,322,0,-41,767,0
5200,0,0,582,0,1866,1864,323,0,-35,768,0
5204,0,0,583,0,1867,1866,325,0,-39,770,0
5208,0,0,583,0,1869,1868,326,0,-38,771,0
5212,0,0,583,0,1871,1869,327,0,-38,773,0
5216,0,0,584,0,1873,1871,329,0,-42,775,0
5220,0,0,583,0,1875,1873,330,0,-36,776,0
5224,0,0,584,0,1876,1875,331,0,-40,778,0
5228,0,0,584,0,1878,1877,332,0,-39,779,0
5232,0,0,584,0,1880,1878,334,0,-39,781,0
5236,0,0,584,0,1882,1880,335,0,-38,782,0
5240,0,0,583,0,1884,1882,337,0,-33,783,0
5244,0,0,584,0,1885,1883,337,0,-37,784,0
5248,0,0,584,0,1887,1885,339,0,-37,785,0
5252,0,0,584,0,1889,1887,340,0,-36,786,0
5256,0,0,584,0,1891,1889,342,0,-36,787,0
5260,0,0,584,0,1893,1891,343,0,-35,787,0
5264,0,0,584,0,1895,1893,344,0,-35,788,0
5268,0,0,584,0,1896,1894,345,0,-35,789,0
5272,0,0,584,0,1898,1896,347,0,-34,789,0
5276,0,0,585,0,1900,1898,348,0,-39,791,0
5280,0,0,584,0,1902,1899,349,0,-34,791,0
5284,0,0,584,0,1904,1901,351,0,-33,791,0
5288,0,0,584,0,1906,1903,352,0,-33,792,0
5292,0,0,584,0,1908,1905,353,0,-33,792,0
5296,0,0,585,0,1909,1907,355,0,-38,793,0
5300,0,0,584,0,1911,1909,356,0,-33,793,0
5304,0,0,584,0,1913,1911,357,0,-32,793,0
5308,0,0,584,0,1915,1913,359,0,-32,793,0
5312,0,0,584,0,1917,1914,360,0,-32,794,0
5316,0,0,584,0,1919,1916,361,0,-32,794,0
5320,0,0,583,0,1921,1918,363,0,-27,793,0
5324,0,0,584,0,1923,1920,364,0,-33,793,0
5328,0,0,583,0,1925,1922,365,0,-28,792,0
5332,0,0,583,0,1927,1923,366,0,-28,792,0
5336,0,0,583,0,1928,1925,368,0,-28,791,0
5340,0,0,583,0,1931,1927,369,0,-29,791,0
5344,0,0,584,0,1933,1929,371,0,-34,791,0
5348,0,0,584,0,1935,1931,372,0,-34,791,0
5352,0,0,583,0,1937,1933,374,0,-29,791,0
5356,0,0,583,0,1939,1935,375,0,-29,790,0
5360,0,0,581,0,1941,1937,376,0,-19,788,0
5364,0,0,582,0,1943,1939,378,0,-25,787,0
5368,0,0,582,0,1945,1941,379,0,-26,786,0
5372,0,0,581,0,1947,1943,381,0,-21,784,0
5376,0,0,582,0,1949,1945,382,0,-27,784,0
5380,0,0,581,0,1951,1947,384,0,-22,782,0
5384,0,0,581,0,1953,1949,385,0,-23,781,0
5388,0,0,581,0,1955,1951,387,1,-24,780,0
5392,0,0,581,0,1957,1953,388,1,-24,778,0
5396,0,0,581,0,1959,1955,390,1,-25,778,0
5400,0,0,581,0,1961,1957,391,1,-25,777,0
5404,0,0,581,0,1963,1959,393,1,-26,776,0
5408,0,0,581,0,1966,1962,394,1,-26,775,0
5412,0,0,580,0,1968,1964,396,1,-21,774,0
5416,0,0,580,0,1970,1966,398,1,-22,772,0
5420,0,0,579,0,1972,1968,399,1,-18,770,0
5424,0,0,579,0,1974,1970,400,1,-19,768,0
5428,0,0,580,0,1976,1972,402,1,-24,768,0
5432,0,0,579,0,1978,1975,403,1,-20,766,0
5436,0,0,580,0,1980,1977,405,0,-26,765,0
5440,0,0,579,0,1983,1979,407,0,-21,764,0
5444,0,0,579,0,1985,1981,408,1,-22,763,0
5448,0,0,579,0,1987,1983,410,1,-22,762,0
5452,0,0,578,0,1989,1985,411,1,-18,760,0
5456,0,0,578,0,1991,1988,413,1,-19,758,0
5460,0,0,578,0,1994,1990,414,0,-20,757,0
5464,0,0,579,0,1996,1992,416,1,-25,756,0
5468,0,0,579,0,1998,1994,418,1,-25,756,0
5472,0,0,578,0,2000,1997,419,0,-21,754,0
5476,0,0,579,0,2002,1999,421,0,-26,754,0
5480,0,0,579,0,2005,2001,422,0,-26,754,0
5484,0,0,579,0,2007,2003,424,1,-26,754,0
5488,0,0,578,0,2009,2006,426,0,-22,753,0
5492,0,0,577,0,2011,2008,427,0,-17,751,0
5496,0,0,577,0,2014,2011,429,0,-18,749,0
5500,0,0,577,0,2016,2013,431,0,-19,748,0
5504,0,0,577,0,2018,2015,432,0,-19,746,0
5508,0,0,577,0,2020,2017,434,0,-20,745,0
5512,0,0,577,0,2023,2020,435,0,-21,744,0
5516,0,0,578,0,2025,2022,437,0,-26,744,0
5520,0,0,577,0,2027,2025,439,0,-21,743,0
5524,0,0,578,0,2030,2027,441,0,-26,743,0
5528,0,0,578,0,2032,2029,442,0,-26,743,0
5532,0,0,578,0,2034,2032,444,0,-26,743,0
5536,0,0,578,0,2037,2034,446,0,-26,743,0
5540,0,0,578,0,2039,2037,447,0,-26,743,0
5544,0,0,578,0,2041,2039,449,0,-26,743,0
5548,0,0,579,0,2044,2041,451,0,-31,744,0
5552,0,0,578,0,2046,2043,452,0,-26,744,0
5556,0,0,579,0,2048,2046,454,0,-31,745,0
5560,0,0,579,0,2051,2049,456,0,-30,745,0
5564,0,0,580,0,2053,2051,458,0,-35,747,0
5568,0,0,580,0,2056,2053,459,0,-34,748,0
5572,0,0,580,0,2058,2056,461,0,-34,749,0
5576,0,0,579,0,2060,2058,463,0,-28,750,0
5580,0,0,579,0,2063,2061,464,0,-28,750,0
5584,0,0,580,0,2065,2063,466,0,-33,751,0
5588,0,0,579,0,2068,2065,468,0,-28,751,0
5592,0,0,579,0,2070,2068,470,0,-28,751,0
5596,0,0,580,0,2072,2070,471,0,-32,752,0
5600,0,0,580,0,2075,2073,473,0,-32,753,0
5604,0,0,580,0,2077,2075,475,0,-32,753,0
5608,0,0,580,0,2080,2078,476,0,-31,754,0
5612,0,0,580,0,2082,2080,479,0,-31,755,0
5616,0,0,580,0,2084,2083,480,0,-31,755,0
5620,0,0,579,0,2087,2085,482,0,-26,755,0
5624,0,0,579,0,2089,2087,484,0,-26,755,0
5628,0,0,580,0,2092,2090,485,0,-31,755,0
5632,0,0,579,0,2094,2092,487,0,-26,755,0
5636,0,0,580,0,2096,2095,489,0,-31,755,0
5640,0,0,579,0,2099,2097,490,0,-26,755,0
5644,0,0,581,0,2101,2100,492,0,-35,756,0
5648,0,0,580,0,2104,2102,494,0,-30,757,0
5652,0,0,579,0,2106,2105,496,0,-25,756,0
5656,0,0,579,0,2108,2107,498,0,-25,756,0
5660,0,0,579,0,2111,2109,499,0,-25,755,0
5664,0,0,579,0,2113,2112,501,0,-26,755,0
5668,0,0,579,0,2116,2114,503,0,-26,755,0
5672,0,0,579,0,2118,2117,505,0,-26,754,0
5676,0,0,579,0,2120,2119,506,0,-26,754,0
5680,0,0,579,0,2123,2122,508,0,-26,754,0
5684,0,0,579,0,2125,2124,510,0,-26,754,0
5688,0,0,580,0,2128,2127,511,0,-31,754,0
5692,0,0,578,0,2130,2129,513,0,-21,753,0
5696,0,0,578,0,2132,2131,515,0,-22,752,0
5700,0,0,576,0,2135,2134,517,0,-13,750,0
5704,0,0,578,0,2137,2136,518,0,-23,749,0
5708,0,0,577,0,2140,2139,520,0,-19,747,0
5712,0,0,577,0,2142,2141,522,0,-20,746,0
5716,0,0,577,0,2144,2143,523,0,-20,745,0
5720,0,0,577,0,2147,2146,525,0,-21,744,0
5724,0,0,577,0,2149,2148,527,0,-21,743,0
5728,0,0,577,0,2152,2151,529,0,-22,742,0
5732,0,0,577,0,2154,2153,531,0,-22,741,0
5736,0,0,578,0,2156,2155,532,0,-27,742,0
5740,0,0,577,0,2159,2158,533,0,-22,741,0
5744,0,0,577,0,2161,2160,536,0,-23,740,0
5748,0,0,577,0,2163,2162,537,0,-23,740,0
5752,0,0,577,0,2166,2165,539,0,-23,739,0
5756,0,0,577,0,2168,2167,541,0,-23,739,0
5760,0,0,577,0,2170,2169,542,0,-23,738,0
5764,0,0,577,0,2173,2172,544,0,-24,738,0
5768,0,0,578,0,2175,2174,546,0,-29,738,0
5772,0,0,578,0,2177,2177,547,0,-28,739,0
5776,0,0,579,0,2180,2179,549,0,-33,740,0
5780,0,0,578,0,2182,2181,551,0,-28,740,0
5784,0,0,578,0,2184,2183,552,0,-27,741,0
5788,0,0,578,0,2187,2186,553,0,-27,741,0
5792,0,0,579,0,2189,2188,556,0,-32,742,0
5796,0,0,579,0,2191,2190,557,0,-32,743,0
5800,0,0,578,0,2194,2193,559,0,-26,743,0
5804,0,0,579,0,2196,2195,561,0,-31,744,0
5808,0,0,579,0,2198,2197,562,0,-31,745,0
5812,0,0,579,0,2200,2199,564,0,-30,745,0
5816,0,0,580,0,2203,2201,565,0,-35,747,0
5820,0,0,580,0,2205,2203,567,0,-34,748,0
5824,0,0,581,0,2207,2206,568,0,-38,750,0
5828,0,0,580,0,2209,2208,570,0,-33,751,0
5832,0,0,580,0,2212,2210,571,0,-32,752,0
5836,0,0,581,0,2214,2212,573,0,-37,754,0
5840,0,0,581,0,2216,2214,1,0,-36,755,0
5844,0,0,581,0,2218,2217,2,0,-35,757,0
5848,0,0,581,0,2220,2219,4,0,-35,758,0
5852,0,0,581,0,2222,2221,6,0,-34,759,0
5856,0,0,582,0,2225,2223,7,0,-38,761,0
5860,0,0,582,0,2227,2225,9,0,-38,762,0
5864,0,0,584,0,2229,2227,10,0,-46,766,0
5868,0,0,583,0,2231,2229,12,0,-40,768,0
5872,0,0,582,0,2233,2231,13,0,-34,769,0
5876,0,0,583,0,2236,2233,15,0,-39,770,0
5880,0,0,583,0,2238,2235,16,0,-38,772,0
5884,0,0,584,0,2240,2238,18,0,-42,774,0
5888,0,0,584,0,2242,2240,19,0,-41,776,0
5892,0,0,583,0,2244,2242,21,0,-35,777,0
5896,0,0,584,0,2246,2244,22,0,-40,779,0
5900,0,0,584,0,2248,2246,24,0,-39,780,0
5904,0,0,584,0,2250,2248,25,0,-38,782,0
5908,0,0,584,0,2252,2250,27,0,-38,783,0
5912,0,0,584,0,2254,2252,28,0,-37,784,0
5916,0,0,584,0,2256,2254,30,0,-37,785,0
5920,0,0,583,0,2258,2256,31,0,-31,785,0
5924,0,0,584,0,2260,2258,32,0,-36,786,0
5928,0,0,584,0,2262,2260,34,0,-36,787,0
5932,0,0,584,0,2264,2262,35,0,-35,788,0
5936,0,0,585,0,2266,2265,37,0,-40,789,0
5940,0,0,584,0,2268,2267,38,0,-34,790,0
5944,0,0,584,0,2270,2269,40,0,-34,790,0
5948,0,0,584,0,2272,2271,41,0,-34,791,0
5952,0,0,585,0,2274,2273,43,0,-38,792,0
5956,0,0,585,0,2276,2275,44,0,-38,793,0
5960,0,0,584,0,2278,2277,45,0,-33,793,0
5964,0,0,585,0,2280,2279,47,0,-37,794,0
5968,0,0,584,0,2282,2281,48,0,-32,794,0
5972,0,0,584,0,2284,2283,50,0,-32,794,0
5976,0,0,585,0,2286,2285,51,0,-37,795,0
5980,0,0,584,0,2288,2287,53,0,-32,795,0
5984,0,0,584,0,2290,2289,54,0,-32,795,0
5988,0,0,584,0,2292,2291,56,0,-32,795,0
5992,0,0,583,0,2294,2293,57,0,-27,794,0
5996,0,0,584,0,2296,2295,59,0,-32,794,0
6000,0,0,583,0,2298,2297,60,0,-27,793,0
6004,0,0,584,0,2300,2299,61,0,-32,793,0
6008,0,0,584,0,2302,2301,63,0,-32,793,0
6012,0,0,583,0,2304,2303,64,0,-28,793,0
6016,0,0,583,0,2306,2305,66,0,-28,792,0
6020,0,0,583,0,2308,2307,67,0,-28,791,0
6024,0,0,583,0,2310,2309,69,0,-29,791,0
6028,0,0,582,0,2312,2311,70,0,-24,789,0
6032,0,0,582,0,2314,2313,72,0,-25,788,0
6036,0,0,582,0,2316,2315,73,0,-25,787,0
6040,0,0,582,0,2318,2317,74,0,-26,786,0
6044,0,0,583,0,2320,2319,76,0,-31,786,0
6048,0,0,582,0,2322,2321,77,0,-26,785,0
6052,0,0,582,0,2324,2323,79,0,-26,784,0
6056,0,0,582,0,2326,2326,80,0,-27,784,0
6060,0,0,581,0,2328,2328,82,0,-22,782,0
6064,0,0,582,0,2331,2330,83,0,-28,782,0
6068,0,0,582,0,2333,2332,85,0,-28,781,0
6072,0,0,581,0,2335,2334,86,0,-23,780,0
6076,0,0,582,0,2337,2337,88,0,-29,780,0
6080,0,0,581,0,2339,2339,90,0,-24,779,0
6084,0,0,582,0,2341,2341,91,0,-29,779,0
6088,0,0,582,0,2343,2343,93,0,-29,778,0
6092,0,0,582,0,2346,2345,94,0,-30,778,0
6096,0,0,582,0,2348,2348,96,0,-30,778,0
6100,0,0,582,0,2350,2350,98,0,-30,778,0
6104,0,0,583,0,2352,2352,99,0,-34,779,0
6108,0,0,583,0,2354,2355,101,0,-34,780,0
6112,0,0,583,0,2357,2357,102,0,-34,780,0
6116,0,0,583,0,2359,2359,104,0,-34,781,0
6120,0,0,583,0,2361,2362,106,0,-33,781,0
6124,0,0,584,0,2364,2364,108,0,-38,783,0
6128,0,0,584,0,2366,2367,110,0,-37,784,0
6132,0,0,583,0,2368,2369,111,0,-32,784,0
6136,0,0,584,0,2371,2372,113,0,-37,785,0
6140,0,0,583,0,2373,2374,115,0,-31,785,0
6144,0,0,584,0,2376,2377,117,0,-36,786,0
6148,0,0,584,0,2378,2379,118,0,-36,787,0
6152,0,0,583,0,2381,2382,120,0,-31,787,0
6156,0,0,585,0,2383,2385,122,0,-40,788,0
6160,0,0,585,0,2386,2387,124,0,-39,790,0
6164,0,0,585,0,2389,2390,126,0,-39,791,0
6168,0,0,585,0,2391,2393,128,0,-38,792,0
6172,0,0,583,0,2394,2396,130,0,-28,792,0
6176,0,0,585,0,2397,2399,132,0,-38,793,0
6180,0,0,584,0,2400,2401,134,0,-33,793,0
6184,0,0,585,0,2402,2404,136,0,-37,794,0
6188,0,0,584,0,2405,2407,138,0,-32,794,0
6192,0,0,584,0,2408,2410,140,0,-32,794,0
6196,0,0,585,0,2411,2413,142,0,-37,795,0
6200,0,0,585,0,2414,2416,144,0,-36,796,0
6204,0,0,585,0,2416,2419,146,0,-36,796,0
6208,0,0,585,0,2419,2422,148,0,-36,797,0
6212,0,0,585,0,2422,2425,150,0,-36,798,0
6216,0,0,586,0,2425,2428,153,0,-40,799,0
6220,0,0,585,0,2428,2431,155,0,-35,799,0
6224,0,0,586,0,2431,2434,157,0,-39,801,0
6228,0,0,585,0,2434,2437,159,0,-34,801,0
6232,0,0,586,0,2437,2441,161,0,-39,802,0
6236,0,0,586,0,2440,2443,163,0,-38,803,0
6240,0,0,586,0,2443,2447,166,-1,-38,804,0
6244,0,0,586,0,2446,2450,168,0,-37,805,0
6248,0,0,586,0,2449,2453,170,-1,-37,805,0
6252,0,0,586,0,2452,2456,172,-1,-37,806,0
6256,0,0,587,0,2455,2459,174,-1,-41,807,0
6260,0,0,586,0,2458,2463,177,-1,-36,808,0
6264,0,0,586,0,2461,2466,179,-1,-36,808,0
6268,0,0,587,0,2464,2469,181,-1,-40,809,0
6272,0,0,586,0,2467,2473,183,-1,-35,809,0
6276,0,0,587,0,2470,2476,185,-1,-40,811,0
6280,0,0,586,0,2473,2479,188,-1,-34,811,0
6284,0,0,587,0,2476,2483,190,-1,-39,812,0
6288,0,0,587,0,2479,2486,192,-1,-39,812,0
6292,0,0,586,0,2482,2489,195,-1,-33,812,0
6296,0,0,587,0,2486,2493,197,-1,-38,813,0
6300,0,0,587,0,2489,2496,199,-1,-38,814,0
6304,0,0,587,0,2492,2499,202,-1,-38,814,0
6308,0,0,587,0,2495,2503,204,-1,-37,815,0
6312,0,0,587,0,2498,2506,206,-1,-37,815,0
6316,0,0,587,0,2501,2509,209,-2,-37,816,0
6320,0,0,587,0,2504,2513,211,-2,-37,816,0
6324,0,0,588,0,2508,2516,213,-2,-41,818,0
6328,0,0,589,0,2511,2519,216,-2,-45,820,0
6332,0,0,588,0,2514,2523,218,-2,-40,820,0
6336,0,0,589,0,2517,2526,221,-2,-44,822,0
6340,0,0,587,0,2520,2529,223,-2,-34,822,0
6344,0,0,589,0,2524,2533,225,-2,-44,823,0
6348,0,0,588,0,2526,2536,227,-2,-38,824,0
6352,0,0,588,0,2530,2540,230,-2,-38,824,0
6356,0,0,589,0,2533,2543,232,-2,-42,826,0
6360,0,0,588,0,2536,2547,235,-2,-37,826,0
6364,0,0,588,0,2540,2550,237,-2,-37,826,0
6368,0,0,588,0,2543,2553,239,-2,-37,826,0
6372,0,0,589,0,2546,2557,242,-2,-41,828,0
6376,0,0,589,0,2549,2560,244,-2,-41,828,0
6380,0,0,588,0,2552,2564,246,-2,-36,828,0
6384,0,0,589,0,2556,2567,249,-3,-41,829,0
6388,0,0,588,0,2559,2571,251,-2,-35,829,0
6392,0,0,588,0,2562,2574,254,-3,-35,829,0
6396,0,0,588,0,2566,2577,256,-3,-35,829,0
6400,0,0,588,0,2569,2581,259,-3,-35,829,0
6404,0,0,589,0,2572,2585,261,-3,-40,830,0
6408,0,0,589,0,2575,2588,264,-3,-40,831,0
6412,0,0,588,0,2578,2591,266,-3,-35,830,0
6416,0,0,588,0,2582,2595,269,-3,-35,830,0
6420,0,0,588,0,2585,2598,271,-3,-35,830,0
6424,0,0,588,0,2588,2602,273,-3,-35,830,0
6428,0,0,589,0,2592,2605,275,-3,-40,831,0
6432,0,0,587,0,2595,2609,278,-3,-30,830,0
6436,0,0,587,0,2598,2612,280,-3,-30,829,0
6440,0,0,586,0,2601,2616,283,-3,-26,827,0
6444,0,0,586,0,2604,2619,285,-3,-27,825,0
6448,0,0,585,0,2608,2623,288,-3,-23,823,0
6452,0,0,584,0,2611,2626,290,-3,-19,820,0
6456,0,0,584,0,2614,2630,292,-3,-20,818,0
6460,0,0,583,0,2618,2633,295,-4,-17,814,0
6464,0,0,583,0,2621,2637,297,-4,-18,812,0
6468,0,0,583,0,2624,2640,300,-4,-19,809,0
6472,0,0,581,0,2627,2643,302,-4,-11,805,0
6476,0,0,582,0,2631,2647,304,-4,-18,802,0
6480,0,0,580,0,2634,2651,307,-4,-9,798,0
6484,0,0,580,0,2637,2654,309,-4,-11,794,0
6488,0,0,579,0,2640,2657,312,-4,-8,790,0
6492,0,0,578,0,2644,2661,314,-4,-5,785,0
6496,0,0,578,0,2647,2665,317,-4,-7,781,0
6500,0,0,576,0,2650,2668,319,-4,0,776,0
6504,0,0,576,0,2653,2671,321,-4,-2,771,0
6508,0,0,576,0,2657,2675,324,-4,-4,766,0
6512,0,0,573,0,2660,2678,326,-4,7,760,0
6516,0,0,573,0,2663,2682,328,-4,4,754,0
6520,0,0,571,0,2666,2685,331,-4,11,747,0
6524,0,0,571,0,2670,2689,333,-4,8,740,0
6528,0,0,571,0,2673,2692,336,-4,5,735,0
6532,0,0,569,0,2676,2695,338,-4,12,728,0
6536,0,0,569,0,2680,2699,341,-5,9,722,0
6540,0,0,567,0,2683,2702,343,-5,16,714,0
6544,0,0,566,0,2686,2706,345,-4,17,707,0
6548,0,0,565,0,2689,2709,348,-5,19,699,0
6552,0,0,564,0,2692,2713,350,-5,20,692,0
6556,0,0,563,0,2696,2716,352,-5,22,684,0
6560,0,0,560,0,2699,2719,355,-5,32,675,0
6564,0,0,560,0,2702,2723,357,-5,28,666,0
6568,0,0,558,0,2705,2726,360,-5,34,657,0
6572,0,0,559,0,2708,2730,362,-5,25,649,0
6576,0,0,556,0,2712,2733,364,-5,36,640,0
6580,0,0,554,0,2715,2737,367,-5,41,630,0
6584,0,0,553,0,2718,2740,369,-5,41,620,0
6588,0,0,551,0,2721,2743,371,-5,46,609,0
6592,0,0,550,0,2724,2747,374,-5,46,598,0
6596,0,0,549,0,2728,2751,376,-5,46,588,0
6600,0,0,545,0,2731,2754,379,-6,61,575,0
6604,0,0,545,0,2734,2757,381,-5,55,564,0
6608,0,0,543,0,2737,2761,384,-6,60,552,0
6612,0,0,540,0,2740,2764,386,-6,69,539,0
6616,0,0,538,0,2744,2768,388,-6,72,525,0
6620,0,0,535,0,2747,2771,390,-6,80,510,0
6624,0,0,534,0,2750,2775,393,-6,79,496,0
6628,0,0,533,0,2753,2778,395,-6,77,482,0
6632,0,0,528,0,2756,2781,398,-6,95,465,0
6636,0,0,527,0,2760,2785,400,-6,92,449,0
6640,0,0,525,0,2763,2788,402,-6,94,434,0
6644,0,0,523,0,2766,2792,405,-6,97,417,0
6648,0,0,521,0,2769,2795,407,-6,99,401,0
6652,0,0,519,0,2772,2799,410,-6,100,385,0
6656,0,0,516,0,2776,2802,412,-6,100,368,0
6660,0,0,515,0,2779,2806,414,-6,100,352,0
6664,0,0,512,0,2782,2809,417,-6,100,334,0
6668,0,0,510,0,2785,2813,419,-7,100,317,0
6672,0,0,508,0,2788,2816,422,-7,100,300,0
6676,0,0,507,0,2791,2820,424,-7,100,283,0
6680,0,0,506,0,2794,2823,426,-7,100,268,0
6684,0,0,505,0,2798,2827,429,-7,100,253,0
6688,0,0,504,0,2801,2830,431,-7,100,239,0
6692,0,0,503,0,2804,2834,433,-7,100,225,0
6696,0,0,502,0,2807,2837,436,-7,100,212,0
6700,0,0,500,0,2810,2841,438,-7,100,198,0
6704,0,0,500,0,2814,2844,441,-7,100,186,0
6708,0,0,499,0,2817,2848,443,-7,100,174,0
6712,0,0,498,0,2820,2851,446,-7,100,163,0
6716,0,0,498,0,2823,2855,448,-8,95,153,0
6720,0,0,497,0,2826,2858,450,-8,95,142,0
6724,0,0,497,0,2830,2862,453,-7,90,133,0
6728,0,0,497,0,2833,2865,455,-8,86,125,0
6732,0,0,496,0,2836,2869,458,-8,87,117,0
6736,0,0,496,0,2839,2872,460,-8,83,109,0
6740,0,0,496,0,2843,2876,462,-8,80,103,0
6744,0,0,495,0,2846,2879,465,-8,82,96,0
6748,0,0,495,0,2849,2883,467,-8,79,89,0
6752,0,0,495,0,2852,2886,470,-8,76,84,0
6756,0,0,494,0,2856,2890,472,-8,78,78,0
6760,0,0,493,0,2859,2893,475,-8,80,72,0
6764,0,0,494,0,2862,2897,477,-8,73,67,0
6768,0,0,494,0,2865,2901,479,-8,71,63,0
6772,0,0,494,0,2869,2904,482,-9,69,59,0
6776,0,0,494,0,2872,2907,484,-8,67,56,0
6780,0,0,494,0,2876,2911,487,-9,65,53,0
6784,0,0,494,0,2879,2915,489,-9,64,50,0
6788,0,0,494,0,2882,2918,492,-9,63,47,0
6792,0,0,493,0,2885,2921,494,-9,67,44,0
6796,0,0,494,0,2888,2925,497,-9,60,42,0
6800,0,0,493,0,2892,2929,499,-9,64,40,0
6804,0,0,492,0,2895,2932,502,-9,68,37,0
6808,0,0,493,0,2899,2936,504,-9,62,35,0
6812,0,0,493,0,2902,2939,507,-9,61,33,0
6816,0,0,493,0,2905,2943,509,-9,60,31,0
6820,0,0,493,0,2909,2947,511,-9,59,30,0
6824,0,0,494,0,2912,2950,514,-9,54,29,0
6828,0,0,494,0,2915,2953,516,-9,54,29,0
6832,0,0,494,0,2919,2957,519,-9,53,29,0
6836,0,0,495,0,2922,2961,522,-9,48,29,0
6840,0,0,494,0,2925,2964,524,-9,53,29,0
6844,0,0,494,0,2929,2968,526,-9,53,28,0
6848,0,0,494,0,2932,2971,529,-9,53,28,0
6852,0,0,494,0,2935,2975,531,-10,53,28,0
6856,0,0,494,0,2938,2978,533,-10,53,27,0
6860,0,0,493,0,2942,2982,536,-9,58,26,0
6864,0,0,494,0,2945,2985,538,-10,52,26,0
6868,0,0,494,0,2949,2989,541,-10,52,26,0
6872,0,0,494,0,2952,2993,543,-10,52,26,0
6876,0,0,495,0,2955,2996,546,-10,47,27,0
6880,0,0,494,0,2959,3000,548,-10,52,27,0
6884,0,0,494,0,2962,3003,551,-10,52,26,0
6888,0,0,494,0,2966,3007,553,-10,52,26,0
6892,0,0,495,0,2969,3011,556,-10,47,27,0
6896,0,0,494,0,2972,3014,559,-10,53,27,0
6900,0,0,494,0,2975,3017,561,-10,52,27,0
6904,0,0,494,0,2979,3021,563,-10,52,27,0
6908,0,0,495,0,2982,3025,566,-10,48,27,0
6912,0,0,494,0,2985,3028,568,-10,53,27,0
6916,0,0,495,0,2989,3031,570,-10,48,28,0
6920,0,0,495,0,2992,3035,573,-10,48,28,0
6924,0,0,494,0,2995,3039,576,-10,53,28,0
6928,0,0,495,0,2999,3042,578,-11,48,29,0
6932,0,0,495,0,3002,3046,580,-10,48,29,0
6936,0,0,495,0,3005,3049,583,-11,49,30,0
6940,0,0,495,0,3008,3053,585,-11,49,30,0
6944,0,0,495,0,3012,3056,588,-11,49,30,0
6948,0,0,495,0,3015,3060,590,-11,49,31,0
6952,0,0,495,0,3018,3063,593,-11,49,31,0
6956,0,0,495,0,3022,3067,595,-11,50,31,0
6960,0,0,495,0,3025,3070,598,-11,50,31,0
6964,0,0,495,0,3028,3074,600,-11,50,32,0
6968,0,0,495,0,3032,3077,603,-11,50,32,0
6972,0,0,495,0,3035,3081,605,-11,50,32,0
6976,0,0,495,0,3038,3084,607,-11,50,32,0
6980,0,0,495,0,3042,3088,609,-11,50,32,0
6984,0,0,495,0,3045,3091,612,-11,50,33,0
6988,0,0,495,0,3048,3095,615,-11,50,33,0
6992,0,0,495,0,3052,3098,617,-11,50,33,0
6996,0,0,496,0,3055,3102,619,-11,46,34,0
7000,0,0,495,0,3058,3105,622,-11,51,34,0
7004,0,0,495,0,3062,3109,624,-12,51,34,0
7008,0,0,495,0,3065,3112,627,-12,51,34,0
7012,0,0,494,0,3068,3116,629,-11,56,33,0
7016,0,0,495,0,3071,3119,632,-12,50,33,0
7020,0,0,494,0,3074,3123,634,-12,55,32,0
7024,0,0,495,0,3078,3126,636,-12,50,32,0
7028,0,0,495,0,3081,3129,638,-12,50,32,0
7032,0,0,495,0,3084,3133,641,-12,50,33,0
7036,0,0,494,0,3087,3136,643,-12,55,32,0
7040,0,0,495,0,3090,3139,646,-12,50,32,0
7044,0,0,495,0,3093,3143,648,-12,50,32,0
7048,0,0,494,0,3096,3146,650,-12,55,31,0
7052,0,0,494,0,3099,3149,652,-12,55,31,0
7056,0,0,494,0,3102,3152,655,-12,54,30,0
7060,0,0,494,0,3105,3155,657,-12,54,30,0
7064,0,0,494,0,3108,3159,659,-12,54,29,0
7068,0,0,494,0,3111,3161,661,-12,54,29,0
7072,0,0,493,0,3114,3165,663,-12,58,28,0
7076,0,0,494,0,3116,3167,665,-12,53,27,0
7080,0,0,493,0,3119,3170,667,-12,57,26,0
7084,0,0,494,0,3122,3173,669,-13,52,26,0
7088,0,0,494,0,3124,3176,671,-13,52,26,0
7092,0,0,494,0,3126,3179,673,-13,52,26,0
7096,0,0,495,0,3129,3182,675,-13,47,27,0
7100,0,0,493,0,3131,3184,676,-13,57,26,0
7104,0,0,493,0,3134,3187,679,-13,57,25,0
7108,0,0,493,0,3136,3189,680,-13,56,24,0
7112,0,0,493,0,3138,3191,681,-13,56,23,0
7116,0,0,492,0,3140,3194,683,-13,60,22,0
7120,0,0,493,0,3142,3196,685,-13,55,21,0
7124,0,0,493,0,3144,3198,686,-13,55,21,0
7128,0,0,494,0,3146,3201,688,-13,50,21,0
7132,0,0,493,0,3148,3203,689,-13,55,21,0
7136,0,0,495,0,3149,3205,690,-13,45,22,0
7140,0,0,494,0,3151,3206,691,-13,50,22,0
7144,0,0,494,0,3153,3208,693,-14,50,23,0
7148,0,0,494,0,3154,3210,694,-14,51,23,0
7152,0,0,494,0,3156,3212,695,-14,51,23,0
7156,0,0,495,0,3157,3213,696,-14,46,24,0
7160,0,0,494,0,3158,3215,697,-14,51,24,0
7164,0,0,495,0,3160,3217,698,-14,46,25,0
7168,0,0,495,0,3161,3218,699,-14,47,26,0
7172,0,0,495,0,3162,3220,700,-14,47,27,0
7176,0,0,495,0,3163,3221,701,-14,48,28,0
7180,0,0,495,0,3165,3223,702,-14,48,28,0
7184,0,0,496,0,3166,3224,703,-14,43,30,0
7188,0,0,495,0,3167,3226,704,-14,49,30,0
7192,0,0,494,0,3168,3227,705,-14,54,29,0
7196,0,0,496,0,3170,3228,706,-14,44,31,0
7200,0,0,496,0,3171,3229,707,-14,45,32,0
7204,0,0,495,0,3172,3231,708,-14,50,32,0
7208,0,0,496,0,3173,3232,709,-14,45,33,0
7212,0,0,495,0,3174,3233,709,-14,50,33,0
7216,0,0,496,0,3175,3234,710,-14,46,34,0
7220,0,0,495,0,3176,3235,711,-14,51,34,0
7224,0,0,495,0,3177,3236,712,-14,51,34,0
7228,0,0,496,0,3178,3237,712,-14,46,35,0
7232,0,0,496,0,3179,3238,713,-14,46,36,0
7236,0,0,496,0,3180,3239,714,-14,47,36,0
7240,0,0,496,0,3181,3240,714,-14,47,37,0
7244,0,0,496,0,3182,3241,715,-15,47,37,0
7248,0,0,497,0,3182,3241,715,-14,43,39,0
7252,0,0,496,0,3183,3242,716,-14,48,39,0
7256,0,0,497,0,3184,3243,717,-14,44,40,0
7260,0,0,496,0,3185,3244,717,-14,49,40,0
7264,0,0,496,0,3186,3245,718,-14,49,41,0
7268,0,0,496,0,3187,3245,718,-14,49,41,0
7272,0,0,496,0,3188,3247,719,-14,49,41,0
7276,0,0,496,0,3189,3247,720,-14,49,41,0
7280,0,0,496,0,3190,3248,720,-14,49,41,0
7284,0,0,496,0,3191,3249,721,-14,49,41,0
7288,0,0,496,0,3192,3250,722,-14,49,41,0
7292,0,0,496,0,3192,3251,722,-14,49,41,0
7296,0,0,496,0,3194,3252,723,-14,49,42,0
7300,0,0,496,0,3194,3253,724,-14,49,42,0
7304,0,0,495,0,3196,3254,724,-14,54,41,0
7308,0,0,495,0,3196,3255,725,-14,54,40,0
7312,0,0,495,0,3198,3256,726,-14,54,39,0
7316,0,0,495,0,3199,3257,727,-14,53,39,0
7320,0,0,495,0,3200,3258,728,-14,53,38,0
7324,0,0,495,0,3201,3259,728,-14,53,38,0
7328,0,0,495,0,3203,3261,729,-14,53,37,0
7332,0,0,495,0,3204,3262,731,-14,52,37,0
7336,0,0,496,0,3206,3263,731,-14,47,38,0
7340,0,0,495,0,3207,3265,733,-14,53,37,0
7344,0,0,497,0,3208,3266,733,-14,43,39,0
7348,0,0,496,0,3210,3267,734,-14,48,39,0
7352,0,0,495,0,3212,3269,736,-14,53,38,0
7356,0,0,496,0,3213,3270,737,-14,48,39,0
7360,0,0,496,0,3214,3271,737,-14,48,39,0
7364,0,0,496,0,3216,3273,738,-14,48,39,0
7368,0,0,496,0,3217,3273,739,-14,49,40,0
7372,0,0,496,0,3219,3275,740,-14,49,40,0
7376,0,0,497,0,3220,3276,741,-14,44,41,0
7380,0,0,495,0,3221,3277,742,-14,54,40,0
7384,0,0,495,0,3222,3278,743,-14,54,40,0
7388,0,0,495,0,3223,3279,743,-14,53,39,0
7392,0,0,495,0,3224,3280,744,-14,53,39,0
7396,0,0,495,0,3225,3281,745,-14,53,38,0
7400,0,0,496,0,3226,3282,746,-14,48,38,0
7404,0,0,496,0,3228,3283,747,-13,48,39,0
7408,0,0,498,0,3229,3284,747,-14,39,41,0
7412,0,0,495,0,3230,3285,748,-13,54,40,0
7416,0,0,496,0,3231,3286,749,-13,49,40,0
7420,0,0,496,0,3232,3287,749,-13,49,41,0
7424,0,0,496,0,3233,3288,750,-13,49,41,0
7428,0,0,496,0,3234,3289,751,-13,49,41,0
7432,0,0,495,0,3235,3290,752,-13,54,40,0
7436,0,0,496,0,3236,3291,752,-13,49,40,0
7440,0,0,496,0,3237,3292,753,-13,49,41,0
7444,0,0,496,0,3238,3293,754,-13,49,41,0
7448,0,0,496,0,3238,3294,754,-14,49,41,0
7452,0,0,497,0,3239,3295,755,-14,44,42,0
7456,0,0,496,0,3240,3296,756,-14,50,42,0
7460,0,0,495,0,3241,3297,756,-14,54,41,0
7464,0,0,495,0,3242,3298,757,-14,54,40,0
7468,0,0,495,0,3243,3299,758,-14,54,40,0
7472,0,0,495,0,3244,3301,758,-14,53,39,0
7476,0,0,494,0,3246,3302,759,-14,58,38,0
7480,0,0,495,0,3246,3303,760,-14,53,37,0
7484,0,0,495,0,3248,3304,761,-14,52,37,0
7488,0,0,495,0,3249,3305,762,-14,52,37,0
7492,0,0,495,0,3250,3307,763,-14,52,36,0
7496,0,0,496,0,3252,3308,764,-14,47,37,0
7500,0,0,495,0,3253,3310,765,-14,52,37,0
7504,0,0,495,0,3254,3311,766,-14,52,36,0
7508,0,0,495,0,3256,3313,767,-14,52,36,0
7512,0,0,494,0,3258,3314,768,-14,57,35,0
7516,0,0,494,0,3259,3315,769,-14,56,34,0
7520,0,0,493,0,3261,3317,771,-14,60,32,0
7524,0,0,493,0,3262,3318,771,-14,60,31,0
7528,0,0,493,0,3264,3320,772,-13,59,29,0
7532,0,0,493,0,3265,3321,774,-14,58,28,0
7536,0,0,492,0,3266,3322,774,-14,63,26,0
7540,0,0,492,0,3268,3323,775,-13,62,24,0
7544,0,0,491,0,3269,3324,776,-13,66,22,0
7548,0,0,491,0,3270,3325,777,-13,65,20,0
7552,0,0,491,0,3271,3326,777,-14,64,18,0
7556,0,0,492,0,3271,3327,778,-14,58,17,0
7560,0,0,491,0,3272,3327,778,-13,62,15,0
7564,0,0,492,0,3273,3327,779,-13,57,14,0
7568,0,0,492,0,3273,3328,779,-13,56,14,0
7572,0,0,492,0,3273,3328,779,-13,56,13,0
7576,0,0,493,0,3274,3328,779,-13,51,13,0
7580,0,0,493,0,3274,3328,779,-13,51,14,0
7584,0,0,494,0,3274,3328,779,-13,47,15,0
7588,0,0,494,0,3274,3328,779,-13,47,16,0
7592,0,0,494,0,3274,3327,779,-13,47,17,0
7596,0,0,496,0,3273,3327,779,-13,38,19,0
7600,0,0,496,0,3273,3327,779,-13,39,22,0
7604,0,0,497,0,3272,3326,778,-13,36,25,0
7608,0,0,497,0,3272,3326,778,-13,37,27,0
7612,0,0,497,0,3271,3325,777,-13,38,30,0
7616,0,0,498,0,3270,3325,777,-13,34,33,0
7620,0,0,498,0,3269,3323,776,-13,36,35,0
7624,0,0,498,0,3268,3323,775,-13,37,38,0
7628,0,0,497,0,3267,3321,774,-13,43,39,0
7632,0,0,497,0,3266,3320,774,-13,44,40,0
7636,0,0,496,0,3264,3319,772,-13,49,40,0
7640,0,0,496,0,3263,3317,772,-13,49,41,0
7644,0,0,495,0,3261,3316,770,-13,54,40,0
7648,0,0,495,0,3259,3315,770,-13,54,39,0
7652,0,0,495,0,3258,3313,768,-13,53,39,0
7656,0,0,497,0,3256,3311,767,-13,43,40,0
7660,0,0,497,0,3254,3309,765,-13,44,41,0
7664,0,0,498,0,3252,3308,764,-14,40,43,0
7668,0,0,499,0,3250,3306,763,-14,36,45,0
7672,0,0,499,0,3247,3304,761,-14,37,48,0
7676,0,0,499,0,3245,3302,760,-14,38,50,0
7680,0,0,499,0,3243,3300,758,-14,39,51,0
7684,0,0,499,0,3240,3298,756,-14,40,53,0
7688,0,0,497,0,3238,3296,755,-14,50,53,0
7692,0,0,497,0,3235,3294,753,-14,50,53,0
7696,0,0,496,0,3232,3292,751,-15,54,52,0
7700,0,0,493,0,3229,3290,750,-15,68,48,0
7704,0,0,491,0,3226,3287,748,-15,76,43,0
7708,0,0,489,0,3224,3285,746,-15,84,37,0
7712,0,0,488,0,3221,3283,744,-15,86,31,0
7716,0,0,487,0,3219,3281,743,-15,88,24,0
7720,0,0,487,0,3216,3278,741,-15,85,18,0
7724,0,0,488,0,3214,3276,739,-15,77,14,0
7728,0,0,488,0,3211,3273,738,-15,75,10,0
7732,0,0,489,0,3209,3271,736,-15,69,7,0
7736,0,0,489,0,3206,3269,734,-15,68,5,0
7740,0,0,490,0,3204,3266,732,-15,62,3,0
7744,0,0,490,0,3201,3263,730,-15,61,2,0
7748,0,0,490,0,3198,3261,728,-15,60,1,0
7752,0,0,489,0,3196,3258,726,-15,65,0,0
7756,0,0,488,0,3193,3255,724,-15,69,-2,0
7760,0,0,486,0,3190,3252,723,-15,77,-6,0
7764,0,0,485,0,3188,3249,720,-15,80,-11,0
7768,0,0,484,0,3185,3247,718,-15,83,-16,0
7772,0,0,482,0,3182,3244,716,-15,90,-22,0
7776,0,0,481,0,3179,3241,714,-15,92,-28,0
7780,0,0,482,0,3176,3238,712,-15,85,-33,0
7784,0,0,481,0,3173,3236,710,-15,87,-38,0
7788,0,0,482,0,3170,3233,708,-15,80,-42,0
7792,0,0,483,0,3168,3230,706,-15,74,-45,0
7796,0,0,484,0,3164,3227,704,-15,68,-46,0
7800,0,0,484,0,3162,3225,702,-15,67,-47,0
7804,0,0,484,0,3158,3221,700,-15,66,-49,0
7808,0,0,484,0,3156,3219,698,-15,66,-50,0
7812,0,0,484,0,3153,3216,696,-15,65,-51,0
7816,0,0,484,0,3150,3213,694,-15,65,-51,0
7820,0,0,483,0,3147,3210,692,-16,69,-53,0
7824,0,0,483,0,3144,3207,689,-16,69,-55,0
7828,0,0,483,0,3140,3205,688,-16,68,-56,0
7832,0,0,483,0,3138,3201,685,-16,67,-57,0
7836,0,0,483,0,3134,3199,683,-16,67,-58,0
7840,0,0,483,0,3131,3196,681,-16,66,-59,0
7844,0,0,483,0,3128,3193,679,-16,66,-60,0
7848,0,0,484,0,3125,3190,676,-16,61,-60,0
7852,0,0,485,0,3122,3187,674,-16,56,-59,0
7856,0,0,486,0,3119,3184,672,-16,52,-57,0
7860,0,0,487,0,3115,3181,670,-16,48,-55,0
7864,0,0,489,0,3112,3178,667,-16,39,-51,0
7868,0,0,490,0,3109,3175,665,-16,36,-47,0
7872,0,0,492,0,3106,3171,663,-16,28,-41,0
7876,0,0,495,0,3102,3168,661,-16,17,-34,0
7880,0,0,496,0,3099,3165,658,-16,15,-26,0
7884,0,0,499,0,3096,3162,656,-16,4,-16,0
7888,0,0,501,0,3093,3159,654,-16,0,-6,0
7892,0,0,502,0,3089,3155,651,-16,0,3,0
7896,0,0,507,0,3086,3152,649,-16,-20,16,0
7900,0,0,509,0,3083,3149,647,-16,-23,30,0
7904,0,0,511,0,3079,3145,644,-16,-27,44,0
7908,0,0,515,0,3076,3142,642,-16,-40,60,0
7912,0,0,517,0,3073,3138,639,-16,-42,76,0
7916,0,0,519,0,3069,3135,637,-16,-44,92,0
7920,0,0,521,0,3066,3131,634,-16,-46,109,0
7924,0,0,524,0,3062,3128,632,-16,-53,126,0
7928,0,0,525,0,3059,3125,630,-16,-50,142,0
7932,0,0,526,0,3056,3121,627,-16,-48,158,0
7936,0,0,527,0,3052,3117,625,-16,-46,173,0
7940,0,0,528,0,3049,3114,622,-16,-44,187,0
7944,0,0,529,0,3046,3111,620,-16,-42,201,0
7948,0,0,529,0,3042,3107,617,-16,-36,213,0
7952,0,0,529,0,3039,3103,615,-16,-30,224,0
7956,0,0,530,0,3035,3100,612,-16,-30,235,0
7960,0,0,529,0,3032,3096,610,-16,-20,244,0
7964,0,0,528,0,3028,3093,607,-16,-12,251,0
7968,0,0,527,0,3025,3089,604,-16,-4,257,0
7972,0,0,526,0,3022,3085,602,-16,3,261,0
7976,0,0,525,0,3018,3082,599,-16,9,264,0
7980,0,0,524,0,3014,3078,597,-16,16,266,0
7984,0,0,523,0,3011,3075,594,-16,21,266,0
7988,0,0,521,0,3008,3071,592,-15,31,265,0
7992,0,0,520,0,3004,3067,589,-16,35,264,0
7996,0,0,519,0,3001,3064,587,-15,39,261,0
8000,0,0,517,0,2997,3060,585,-15,48,257,0
8004,0,0,516,0,2994,3057,582,-15,51,253,0
8008,0,0,514,0,2990,3053,579,-15,58,247,0
8012,0,0,512,0,2987,3049,576,-15,66,240,0
8016,0,0,511,0,2983,3045,574,-15,67,233,0
8020,0,0,509,0,2980,3042,571,-15,74,225,0
8024,0,0,508,0,2976,3038,569,-15,75,217,0
8028,0,0,506,0,2972,3034,566,-15,81,208,0
8032,0,0,505,0,2969,3031,564,-15,82,199,0
8036,0,0,506,0,2965,3027,561,-15,73,192,0
8040,0,0,503,0,2962,3023,558,-15,84,183,0
8044,0,0,503,0,2958,3019,556,-15,80,175,0
8048,0,0,502,0,2955,3016,553,-15,81,167,0
8052,0,0,500,0,2951,3012,551,-15,87,158,0
8056,0,0,500,0,2948,3009,548,-15,83,150,0
8060,0,0,498,0,2944,3005,545,-15,89,141,0
8064,0,0,498,0,2940,3001,543,-15,85,133,0
8068,0,0,497,0,2937,2997,540,-15,86,124,0
8072,0,0,496,0,2933,2993,538,-15,87,116,0
8076,0,0,496,0,2930,2990,535,-15,83,109,0
8080,0,0,495,0,2926,2986,533,-15,85,101,0
8084,0,0,494,0,2923,2982,530,-15,86,94,0
8088,0,0,493,0,2919,2979,527,-15,87,86,0
8092,0,0,492,0,2916,2975,524,-14,89,78,0
8096,0,0,492,0,2912,2971,522,-14,85,71,0
8100,0,0,491,0,2908,2967,519,-14,87,64,0
8104,0,0,491,0,2905,2964,517,-14,84,58,0
8108,0,0,489,0,2901,2960,514,-14,90,50,0
8112,0,0,490,0,2898,2956,512,-14,82,44,0
8116,0,0,488,0,2894,2953,509,-14,89,37,0
8120,0,0,487,0,2890,2949,506,-14,91,30,0
8124,0,0,486,0,2887,2945,503,-14,92,23,0
8128,0,0,486,0,2883,2941,501,-14,89,16,0
8132,0,0,485,0,2880,2938,498,-14,91,9,0
8136,0,0,486,0,2876,2934,495,-14,83,4,0
8140,0,0,484,0,2873,2930,493,-14,90,-1,0
8144,0,0,483,0,2869,2927,490,-14,92,-8,0
8148,0,0,484,0,2866,2923,488,-14,84,-13,0
8152,0,0,483,0,2862,2919,485,-14,87,-19,0
8156,0,0,484,0,2858,2915,483,-14,79,-23,0
8160,0,0,481,0,2855,2911,480,-14,92,-29,0
8164,0,0,481,0,2851,2908,478,-14,89,-35,0
8168,0,0,481,0,2847,2904,475,-14,87,-40,0
8172,0,0,479,0,2844,2900,472,-14,94,-46,0
8176,0,0,479,0,2840,2897,470,-14,91,-51,0
8180,0,0,478,0,2837,2893,467,-14,93,-57,0
8184,0,0,478,0,2833,2889,464,-13,91,-63,0
8188,0,0,477,0,2830,2885,462,-14,93,-68,0
8192,0,0,477,0,2826,2882,459,-14,91,-73,0
8196,0,0,477,0,2822,2878,456,-13,88,-78,0
8200,0,0,476,0,2819,2874,454,-14,91,-83,0
8204,0,0,476,0,2815,2871,451,-13,89,-87,0
8208,0,0,476,0,2812,2867,448,-13,87,-91,0
8212,0,0,476,0,2808,2863,446,-13,85,-95,0
8216,0,0,476,0,2805,2859,443,-13,83,-98,0
8220,0,0,475,0,2801,2855,441,-13,87,-102,0
8224,0,0,477,0,2797,2852,438,-13,75,-104,0
8228,0,0,476,0,2794,2848,436,-13,79,-106,0
8232,0,0,476,0,2790,2845,433,-13,78,-108,0
8236,0,0,477,0,2787,2841,430,-13,73,-109,0
8240,0,0,476,0,2783,2837,427,-13,77,-111,0
8244,0,0,477,0,2780,2833,425,-13,71,-112,0
8248,0,0,479,0,2776,2829,422,-13,61,-111,0
8252,0,0,479,0,2772,2825,420,-13,62,-110,0
8256,0,0,480,0,2769,2822,417,-13,57,-109,0
8260,0,0,480,0,2765,2818,414,-13,58,-107,0
8264,0,0,482,0,2762,2814,412,-13,49,-104,0
8268,0,0,481,0,2758,2811,409,-13,55,-102,0
8272,0,0,482,0,2754,2807,407,-13,51,-99,0
8276,0,0,484,0,2751,2803,404,-13,43,-95,0
8280,0,0,483,0,2747,2799,402,-13,50,-93,0
8284,0,0,486,0,2744,2796,399,-13,36,-88,0
8288,0,0,486,0,2740,2792,396,-13,39,-83,0
8292,0,0,486,0,2736,2788,394,-13,41,-79,0
8296,0,0,489,0,2733,2784,391,-13,28,-73,0
8300,0,0,488,0,2729,2781,388,-12,36,-68,0
8304,0,0,490,0,2726,2777,385,-12,28,-62,0
8308,0,0,491,0,2722,2773,383,-13,26,-56,0
8312,0,0,491,0,2719,2769,380,-12,29,-50,0
8316,0,0,492,0,2715,2765,378,-12,27,-44,0
8320,0,0,492,0,2712,2762,375,-12,30,-39,0
8324,0,0,494,0,2708,2758,373,-12,22,-32,0
8328,0,0,495,0,2704,2755,370,-12,20,-26,0
8332,0,0,496,0,2701,2751,367,-12,19,-19,0
8336,0,0,497,0,2697,2747,365,-12,17,-12,0
8340,0,0,498,0,2694,2743,362,-12,15,-5,0
8344,0,0,500,0,2690,2739,359,-12,9,3,0
8348,0,0,501,0,2687,2735,357,-12,8,11,0
8352,0,0,502,0,2683,2732,354,-12,7,19,0
8356,0,0,504,0,2679,2728,352,-12,1,28,0
8360,0,0,503,0,2676,2725,349,-12,10,36,0
8364,0,0,505,0,2672,2721,346,-12,4,44,0
8368,0,0,505,0,2669,2717,344,-12,7,52,0
8372,0,0,505,0,2665,2713,341,-12,11,58,0
8376,0,0,507,0,2662,2709,338,-11,4,66,0
8380,0,0,508,0,2658,2705,336,-12,3,74,0
8384,0,0,510,0,2654,2702,333,-11,-2,83,0
8388,0,0,510,0,2651,2698,330,-11,1,91,0
8392,0,0,510,0,2647,2694,328,-11,5,98,0
8396,0,0,512,0,2644,2690,325,-11,-1,106,0
8400,0,0,513,0,2640,2687,322,-11,-2,114,0
8404,0,0,513,0,2636,2683,320,-11,1,121,0
8408,0,0,514,0,2633,2679,317,-11,0,129,0
8412,0,0,514,0,2629,2675,315,-11,3,136,0
8416,0,0,516,0,2626,2671,312,-11,-3,143,0
8420,0,0,516,0,2622,2668,309,-11,0,150,0
8424,0,0,518,0,2619,2664,307,-11,-6,158,0
8428,0,0,518,0,2615,2660,304,-11,-2,166,0
8432,0,0,518,0,2612,2657,302,-11,0,172,0
8436,0,0,520,0,2608,2653,299,-11,-6,180,0
8440,0,0,520,0,2604,2649,296,-11,-2,186,0
8444,0,0,521,0,2601,2645,293,-11,-4,193,0
8448,0,0,520,0,2597,2641,291,-11,3,199,0
8452,0,0,522,0,2594,2638,288,-11,-3,205,0
8456,0,0,522,0,2590,2634,286,-11,0,211,0
8460,0,0,522,0,2586,2631,283,-11,1,217,0
8464,0,0,524,0,2583,2627,280,-11,-5,223,0
8468,0,0,524,0,2579,2623,278,-10,-2,229,0
8472,0,0,524,0,2576,2619,275,-10,0,234,0
8476,0,0,526,0,2572,2615,273,-11,-6,241,0
8480,0,0,525,0,2569,2612,270,-10,0,246,0
8484,0,0,527,0,2565,2608,267,-10,-6,252,0
8488,0,0,527,0,2562,2605,265,-10,-3,257,0
8492,0,0,527,0,2558,2601,262,-10,-1,262,0
8496,0,0,528,0,2554,2597,260,-10,-3,268,0
8500,0,0,527,0,2551,2593,257,-10,3,272,0
8504,0,0,528,0,2547,2589,255,-10,0,276,0
8508,0,0,528,0,2544,2586,252,-10,2,280,0
8512,0,0,528,0,2540,2582,249,-10,4,284,0
8516,0,0,530,0,2536,2578,247,-10,-3,288,0
8520,0,0,529,0,2533,2575,244,-10,3,292,0
8524,0,0,530,0,2529,2571,241,-10,0,296,0
8528,0,0,529,0,2526,2567,239,-10,6,299,0
8532,0,0,529,0,2522,2563,236,-10,7,301,0
8536,0,0,529,0,2519,2560,233,-10,8,304,0
8540,0,0,529,0,2515,2556,231,-10,10,306,0
8544,0,0,530,0,2511,2552,228,-10,6,309,0
8548,0,0,530,0,2508,2548,226,-10,7,311,0
8552,0,0,530,0,2504,2545,223,-10,8,313,0
8556,0,0,530,0,2501,2541,220,-10,9,315,0
8560,0,0,530,0,2497,2537,217,-10,10,317,0
8564,0,0,531,0,2494,2533,215,-10,6,319,0
8568,0,0,530,0,2490,2530,212,-10,12,321,0
8572,0,0,530,0,2486,2526,209,-10,12,322,0
8576,0,0,529,0,2483,2522,207,-10,18,322,0
8580,0,0,528,0,2479,2519,204,-10,23,321,0
8584,0,0,529,0,2476,2515,202,-9,18,322,0
8588,0,0,528,0,2472,2511,199,-9,22,321,0
8592,0,0,527,0,2468,2507,197,-9,27,320,0
8596,0,0,528,0,2465,2503,194,-9,22,319,0
8600,0,0,527,0,2461,2500,192,-9,26,318,0
8604,0,0,528,0,2458,2496,189,-9,21,318,0
8608,0,0,528,0,2454,2493,186,-9,21,318,0
8612,0,0,528,0,2450,2489,184,-9,21,317,0
8616,0,0,527,0,2447,2485,181,-9,25,316,0
8620,0,0,526,0,2443,2481,178,-9,30,315,0
8624,0,0,527,0,2440,2477,176,-9,24,314,0
8628,0,0,526,0,2436,2474,173,-9,28,312,0
8632,0,0,526,0,2432,2470,170,-9,28,311,0
8636,0,0,527,0,2429,2466,168,-9,22,311,0
8640,0,0,525,0,2425,2463,165,-9,32,309,0
8644,0,0,526,0,2422,2459,163,-9,26,308,0
8648,0,0,526,0,2418,2455,160,-9,26,307,0
8652,0,0,525,0,2414,2451,157,-9,30,305,0
8656,0,0,526,0,2411,2447,155,-9,24,304,0
8660,0,0,524,0,2407,2444,152,-9,34,302,0
8664,0,0,525,0,2404,2440,150,-9,28,301,0
8668,0,0,525,0,2400,2436,147,-9,27,300,0
8672,0,0,524,0,2396,2433,144,-9,32,298,0
8676,0,0,524,0,2393,2429,141,-9,31,296,0
8680,0,0,524,0,2389,2425,139,-8,30,295,0
8684,0,0,524,0,2386,2421,136,-9,29,294,0
8688,0,0,523,0,2382,2418,134,-9,34,291,0
8692,0,0,523,0,2379,2414,131,-8,33,290,0
8696,0,0,523,0,2375,2410,129,-9,32,288,0
8700,0,0,523,0,2372,2406,126,-8,31,286,0
8704,0,0,524,0,2368,2403,123,-8,26,286,0
8708,0,0,523,0,2364,2399,120,-8,30,285,0
8712,0,0,522,0,2361,2395,118,-8,34,283,0
8716,0,0,524,0,2357,2391,115,-8,24,283,0
8720,0,0,523,0,2354,2388,113,-8,29,282,0
8724,0,0,524,0,2350,2384,110,-8,23,282,0
8728,0,0,525,0,2346,2380,107,-8,19,282,0
8732,0,0,524,0,2343,2376,105,-8,24,282,0
8736,0,0,526,0,2339,2373,102,-8,14,284,0
8740,0,0,525,0,2336,2369,99,-8,20,285,0
8744,0,0,526,0,2332,2365,97,-8,15,286,0
8748,0,0,525,0,2329,2361,94,-8,21,286,0
8752,0,0,525,0,2325,2357,92,-8,21,287,0
8756,0,0,525,0,2321,2354,89,-8,21,287,0
8760,0,0,524,0,2318,2350,86,-8,26,287,0
8764,0,0,525,0,2314,2347,84,-8,21,287,0
8768,0,0,525,0,2311,2343,81,-8,21,287,0
8772,0,0,525,0,2307,2339,79,-7,21,288,0
8776,0,0,526,0,2304,2335,76,-7,17,289,0
8780,0,0,525,0,2300,2331,73,-7,22,289,0
8784,0,0,526,0,2296,2327,71,-7,17,290,0
8788,0,0,525,0,2293,2324,68,-7,22,290,0
8792,0,0,526,0,2289,2320,66,-7,18,291,0
8796,0,0,527,0,2286,2317,63,-7,13,292,0
8800,0,0,526,0,2282,2313,60,-7,19,293,0
8804,0,0,528,0,2279,2309,58,-7,9,295,0
8808,0,0,527,0,2275,2305,55,-7,15,296,0
8812,0,0,527,0,2272,2301,53,-7,16,298,0
8816,0,0,528,0,2268,2298,50,-7,11,299,0
8820,0,0,527,0,2264,2294,47,-7,17,300,0
8824,0,0,528,0,2261,2290,45,-7,13,302,0
8828,0,0,528,0,2257,2286,42,-7,13,303,0
8832,0,0,527,0,2254,2283,39,-7,19,303,0
8836,0,0,529,0,2250,2279,36,-7,9,306,0
8840,0,0,527,0,2246,2275,34,-7,20,306,0
8844,0,0,528,0,2243,2272,31,-7,15,307,0
8848,0,0,527,0,2239,2268,29,-7,20,307,0
8852,0,0,527,0,2236,2264,26,-7,20,307,0
8856,0,0,527,0,2232,2260,24,-7,20,307,0
8860,0,0,527,0,2229,2257,21,-7,21,307,0
8864,0,0,528,0,2225,2253,18,-7,16,308,0
8868,0,0,528,0,2222,2249,16,-7,16,309,0
8872,0,0,528,0,2218,2245,13,-7,16,309,0
8876,0,0,528,0,2214,2242,11,-6,17,310,0
8880,0,0,528,0,2211,2238,8,-6,17,311,0
8884,0,0,529,0,2207,2234,6,-6,13,312,0
8888,0,0,528,0,2204,2231,3,-6,18,312,0
,,,,,,,,,,,
