0,0,0,521,0,0,1,100,0,50,0,0
4,0,0,521,0,0,1,100,0,50,3,0
8,0,0,521,0,0,1,100,0,50,3,0
12,0,0,521,0,0,1,100,0,50,3,0
16,0,0,521,0,0,1,100,0,50,3,0
20,0,0,521,0,0,1,100,0,50,3,0
24,0,0,521,0,0,2,100,0,50,3,0
28,0,0,521,0,0,2,100,0,50,7,0
32,0,0,521,0,0,2,100,0,50,7,0
36,0,0,521,0,0,2,100,0,50,7,0
40,0,0,521,0,0,2,100,-1,49,7,0
44,0,0,521,0,0,2,100,-1,49,7,0
48,0,0,521,0,0,3,100,-1,49,7,0
52,0,0,521,0,0,3,94,-1,46,10,0
56,0,0,521,0,0,4,87,-2,42,10,0
60,0,0,521,0,0,4,81,-2,39,14,0
64,0,0,522,0,0,4,76,-2,37,14,0
68,0,0,521,0,0,5,71,-3,34,14,0
72,0,0,521,0,0,5,67,-3,32,17,0
76,0,0,522,0,0,5,63,-3,30,17,0
80,0,0,522,0,0,5,59,-4,27,17,0
84,0,0,522,0,0,6,56,-4,26,17,0
88,0,0,522,0,0,6,53,-5,24,21,0
92,0,0,522,0,0,6,51,-5,23,21,0
96,0,0,523,0,0,6,48,-6,21,21,0
100,0,0,523,0,0,6,46,-6,20,21,0
104,0,0,523,0,0,7,44,-7,18,17,0
108,0,0,523,0,0,7,42,-7,17,21,0
112,0,0,524,0,0,7,41,-7,17,21,0
116,0,0,524,0,0,7,39,-8,15,21,0
120,0,0,524,0,0,8,38,-8,15,21,0
124,0,0,524,0,0,8,37,-9,14,25,0
128,0,0,524,0,0,8,36,-9,13,21,0
132,0,0,524,0,0,8,35,-10,12,21,0
136,0,0,523,0,0,8,34,-10,12,21,0
140,0,0,524,0,0,8,33,-11,11,21,0
144,0,0,524,0,0,8,32,-11,10,21,0
148,0,0,524,0,0,8,32,-12,10,21,0
152,0,0,524,0,0,8,31,-12,9,17,0
156,0,0,524,0,0,8,31,-13,9,17,0
160,0,0,523,0,0,8,30,-13,8,14,0
164,0,0,523,0,0,8,30,-14,8,14,0
168,0,0,523,0,0,8,30,-14,8,14,0
172,0,0,523,0,0,8,29,-15,7,10,0
176,0,0,523,0,0,8,29,-15,7,10,0
180,0,0,523,0,0,8,29,-16,6,10,0
184,0,0,524,0,0,8,29,-16,6,10,0
188,0,0,524,0,0,8,28,-17,5,7,0
192,0,0,524,0,0,8,28,-17,5,7,0
196,0,0,524,0,0,8,28,-18,5,7,0
200,0,0,523,0,0,8,28,-18,5,7,0
204,0,0,523,0,0,8,28,-19,4,7,0
208,0,0,523,0,0,8,28,-19,4,3,0
212,0,0,524,0,0,8,27,-20,3,3,0
216,0,0,523,0,0,8,27,-20,3,3,0
220,0,0,523,0,0,8,27,-21,3,3,0
224,0,0,523,0,0,8,27,-21,3,0,0
228,0,0,523,0,0,8,27,-22,2,0,0
232,0,0,524,0,0,8,27,-22,2,0,0
236,0,0,524,0,0,8,27,-23,2,0,0
240,0,0,524,0,0,8,27,-23,2,0,0
244,0,0,524,0,0,8,27,-24,1,0,0
248,0,0,524,0,0,8,27,-24,1,0,0
252,0,0,524,0,0,8,27,-25,1,0,0
256,0,0,524,0,0,8,27,-25,1,0,0
260,0,0,524,0,0,8,27,-26,0,0,0
264,0,0,524,0,0,8,27,-26,0,0,0
268,0,0,524,0,0,8,27,-27,0,0,0
272,0,0,524,0,0,8,26,-27,0,0,0
276,0,0,524,0,0,8,26,-28,-1,0,0
280,0,0,524,0,0,8,26,-28,-1,0,0
284,0,0,524,0,0,8,26,-29,-1,0,0
288,0,0,524,0,0,8,26,-29,-1,0,0
292,0,0,524,0,0,8,26,-30,-2,0,0
296,0,0,524,0,0,8,26,-30,-2,0,0
300,0,0,524,0,0,8,26,-31,-2,0,0
304,0,0,524,0,0,8,26,-31,-2,0,0
308,0,0,524,0,0,8,26,-32,-3,0,0
312,0,0,524,0,0,8,26,-32,-3,0,0
316,0,0,524,0,0,8,26,-33,-3,0,0
320,0,0,524,0,0,8,26,-33,-3,0,0
324,0,0,524,0,0,8,26,-34,-4,0,0
328,0,0,524,0,0,8,26,-34,-4,0,0
332,0,0,523,0,0,8,26,-35,-4,0,0
336,0,0,524,0,0,8,26,-35,-4,0,0
340,0,0,524,0,0,8,26,-36,-5,0,0
344,0,0,524,0,0,8,26,-36,-5,0,0
348,0,0,524,0,0,8,26,-37,-5,0,0
352,0,0,524,0,0,8,26,-37,-5,0,0
356,0,0,524,0,0,8,26,-38,-6,0,0
360,0,0,524,0,0,8,26,-38,-6,0,0
364,0,0,525,0,0,8,26,-39,-6,0,0
368,0,0,524,0,0,8,26,-39,-6,0,0
372,0,0,524,0,0,8,26,-40,-7,0,0
376,0,0,524,0,0,8,26,-40,-7,0,0
380,0,0,524,0,0,8,26,-41,-7,0,0
384,0,0,524,0,0,8,26,-41,-7,0,0
388,0,0,524,0,0,8,26,-42,-8,0,0
392,0,0,524,0,0,8,26,-42,-8,0,0
396,0,0,524,0,0,8,26,-43,-8,0,0
400,0,0,524,0,0,8,26,-43,-8,0,0
404,0,0,525,0,0,8,26,-44,-9,0,0
408,0,0,524,0,0,8,26,-44,-9,0,0
412,0,0,525,0,0,8,26,-45,-9,0,0
416,0,0,524,0,0,8,26,-45,-9,0,0
420,0,0,524,0,0,8,26,-46,-10,0,0
424,0,0,524,0,0,8,26,-46,-10,0,0
428,0,0,524,0,0,8,26,-47,-10,0,0
432,0,0,524,0,0,8,26,-47,-10,0,0
436,0,0,524,0,0,8,26,-47,-10,0,0
440,0,0,524,0,0,8,26,-48,-11,0,0
444,0,0,525,0,0,8,26,-48,-11,0,0
448,0,0,524,0,0,8,26,-49,-11,0,0
452,0,0,525,0,0,8,26,-49,-11,0,0
456,0,0,524,0,0,8,26,-50,-12,0,0
460,0,0,524,0,0,8,26,-50,-12,0,0
464,0,0,525,0,0,8,26,-51,-12,0,0
468,0,0,524,0,0,8,26,-51,-12,0,0
472,0,0,524,0,0,8,26,-52,-13,0,0
476,0,0,524,0,0,7,26,-52,-13,0,0
480,0,0,525,0,0,7,26,-53,-13,-3,0
484,0,0,525,0,0,7,26,-53,-13,-3,0
488,0,0,525,0,0,7,26,-54,-14,-3,0
492,0,0,524,0,0,7,26,-54,-14,-3,0
496,0,0,524,0,0,7,26,-55,-14,-3,0
500,0,0,523,0,0,7,26,-55,-14,-3,0
504,0,0,524,0,0,6,26,-56,-15,-3,0
508,0,0,523,0,0,6,26,-56,-15,-7,0
512,0,0,523,0,0,6,26,-57,-15,-7,0
516,0,0,523,0,0,6,26,-57,-15,-7,0
520,0,0,523,0,0,6,26,-58,-16,-7,0
524,0,0,523,0,0,6,26,-58,-16,-7,0
528,0,0,523,0,0,5,26,-59,-16,-7,0
532,0,0,523,0,-1,5,26,-59,-16,-10,0
536,0,0,523,0,-1,5,26,-60,-17,-14,0
540,0,0,523,0,-1,5,26,-60,-17,-14,0
544,0,0,522,0,-1,4,27,-61,-17,-14,0
548,0,0,522,0,-1,4,27,-61,-17,-17,0
552,0,0,523,0,-1,3,27,-61,-17,-17,0
556,0,0,523,0,-1,3,27,-62,-17,-21,0
560,0,0,523,0,-1,2,27,-62,-17,-21,0
564,0,0,523,0,-1,2,27,-62,-17,-25,0
568,0,0,522,0,-1,1,27,-63,-18,-25,0
572,0,0,523,0,-2,1,27,-63,-18,-28,0
576,0,0,523,0,-2,0,27,-64,-18,-32,0
580,0,0,523,0,-2,0,27,-64,-18,-32,0
584,0,0,523,0,-3,-1,27,-64,-18,-32,0
588,0,0,522,0,-3,-1,27,-65,-19,-39,0
592,0,0,521,0,-3,-2,27,-65,-19,-39,0
596,0,0,521,0,-4,-2,27,-65,-19,-43,0
600,0,0,521,0,-4,-3,27,-65,-19,-46,0
604,0,0,521,0,-5,-4,27,-66,-19,-50,0
608,0,0,520,0,-5,-4,27,-66,-19,-53,0
612,0,0,518,0,-5,-5,27,-66,-19,-53,0
616,0,0,519,0,-6,-5,28,-66,-19,-57,0
620,0,0,518,0,-6,-6,28,-67,-19,-60,0
624,0,0,518,0,-6,-6,28,-67,-19,-64,0
628,0,0,517,0,-6,-7,28,-67,-19,-64,0
632,0,0,517,0,-7,-7,28,-67,-19,-64,0
636,0,0,516,0,-7,-8,29,-67,-19,-64,0
640,0,0,516,0,-7,-8,29,-68,-19,-68,0
644,0,0,516,0,-7,-8,29,-68,-19,-68,0
648,0,0,516,0,-7,-8,29,-68,-19,-64,0
652,0,0,516,0,-7,-9,29,-68,-19,-64,0
656,0,0,517,0,-7,-9,29,-69,-20,-64,0
660,0,0,516,0,-7,-9,29,-69,-20,-64,0
664,0,0,517,0,-7,-10,30,-69,-19,-60,0
668,0,0,516,0,-7,-10,30,-70,-20,-64,0
672,0,0,516,0,-7,-10,30,-70,-20,-60,0
676,0,0,516,0,-7,-10,30,-70,-20,-57,0
680,0,0,516,0,-7,-10,30,-70,-20,-53,0
684,0,0,516,0,-7,-11,30,-71,-20,-53,0
688,0,0,515,0,-7,-11,30,-71,-20,-50,0
692,0,0,515,0,-7,-11,30,-71,-20,-50,0
696,0,0,514,0,-7,-11,30,-72,-21,-46,0
700,0,0,514,0,-7,-11,30,-72,-21,-42,0
704,0,0,514,0,-6,-11,31,-73,-21,-39,0
708,0,0,514,0,-6,-11,31,-73,-21,-28,0
712,0,0,514,0,-6,-11,31,-73,-21,-28,0
716,0,0,514,0,-6,-11,31,-74,-21,-25,0
720,0,0,514,0,-5,-11,31,-74,-21,-21,0
724,0,0,514,0,-5,-11,31,-74,-21,-14,0
728,0,0,514,0,-5,-11,31,-74,-21,-14,0
732,0,0,513,0,-5,-11,31,-74,-21,-10,0
736,0,0,513,0,-5,-11,31,-75,-22,-7,0
740,0,0,513,0,-4,-11,31,-75,-22,-3,0
744,0,0,513,0,-4,-11,32,-75,-21,0,0
748,0,0,513,0,-4,-11,32,-75,-21,0,0
752,0,0,514,0,-3,-11,32,-75,-21,0,0
756,0,0,514,0,-3,-11,32,-75,-21,7,0
760,0,0,513,0,-3,-10,32,-75,-21,7,0
764,0,0,513,0,-2,-10,32,-75,-21,10,0
768,0,0,513,0,-2,-10,32,-75,-21,17,0
772,0,0,514,0,-1,-10,32,-75,-21,17,0
776,0,0,513,0,-1,-10,32,-74,-21,21,0
780,0,0,512,0,0,-9,32,-74,-21,21,0
784,0,0,513,0,0,-9,32,-74,-21,28,0
788,0,0,513,0,1,-9,32,-74,-21,32,0
792,0,0,513,0,2,-8,32,-73,-20,35,0
796,0,0,513,0,2,-8,32,-73,-20,42,0
800,0,0,513,0,3,-7,32,-73,-20,42,0
804,0,0,513,0,3,-7,32,-72,-20,50,0
808,0,0,513,0,4,-6,32,-72,-20,46,0
812,0,0,513,0,5,-6,32,-72,-20,53,0
816,0,0,513,0,5,-5,32,-71,-19,57,0
820,0,0,512,0,6,-4,32,-71,-19,60,0
824,0,0,513,0,7,-4,32,-71,-19,64,0
828,0,0,512,0,7,-3,32,-70,-19,68,0
832,0,0,511,0,8,-3,32,-70,-19,71,0
836,0,0,511,0,9,-2,32,-70,-19,75,0
840,0,0,511,0,9,-2,33,-70,-18,82,0
844,0,0,509,0,10,-1,33,-69,-18,78,0
848,0,0,510,0,11,-1,33,-69,-18,85,0
852,0,0,510,0,12,0,33,-69,-18,89,0
856,0,0,510,0,12,0,33,-69,-18,93,0
860,0,0,510,0,13,1,33,-69,-18,93,0
864,0,0,510,0,14,1,33,-69,-18,96,0
868,0,0,510,0,14,1,33,-69,-18,96,0
872,0,0,511,0,15,2,33,-68,-17,96,0
876,0,0,511,0,15,2,33,-68,-17,100,0
880,0,0,510,0,16,2,33,-68,-17,100,0
884,0,0,510,0,16,2,33,-68,-17,96,0
888,0,0,510,0,17,2,33,-68,-17,96,0
892,0,0,510,0,17,3,34,-68,-17,96,0
896,0,0,510,0,18,3,34,-68,-17,93,0
900,0,0,510,0,18,3,34,-67,-16,96,0
904,0,0,511,0,19,3,34,-67,-16,89,0
908,0,0,510,0,19,4,34,-67,-16,93,0
912,0,0,510,0,20,4,34,-67,-16,89,0
916,0,0,510,0,20,4,34,-67,-16,89,0
920,0,0,511,0,21,4,34,-67,-16,86,0
924,0,0,510,0,21,4,34,-66,-16,82,0
928,0,0,509,0,21,4,34,-66,-16,78,0
932,0,0,509,0,22,4,34,-66,-16,75,0
936,0,0,510,0,22,4,34,-66,-16,75,0
940,0,0,509,0,22,4,34,-65,-15,68,0
944,0,0,509,0,23,4,34,-65,-15,68,0
948,0,0,509,0,23,4,34,-65,-15,64,0
952,0,0,508,0,23,4,34,-64,-15,60,0
956,0,0,507,0,23,4,34,-64,-15,53,0
960,0,0,507,0,24,4,34,-64,-15,53,0
964,0,0,507,0,24,4,35,-63,-14,50,0
968,0,0,507,0,24,4,35,-63,-14,46,0
972,0,0,507,0,25,4,35,-63,-14,46,0
976,0,0,506,0,25,5,35,-62,-13,42,0
980,0,0,506,0,25,5,35,-62,-13,46,0
984,0,0,506,0,25,5,35,-61,-13,42,0
988,0,0,506,0,25,5,35,-61,-13,42,0
992,0,0,506,0,26,5,35,-61,-13,39,0
996,0,0,506,0,26,5,35,-61,-13,39,0
1000,0,0,506,0,26,5,35,-60,-12,35,0
1004,0,0,506,0,26,5,36,-60,-12,35,0
1008,0,0,505,0,27,5,36,-60,-12,35,0
1012,0,0,505,0,27,5,36,-59,-11,32,0
1016,0,0,505,0,27,5,36,-59,-11,28,0
1020,0,0,504,0,27,5,36,-59,-11,28,0
1024,0,0,504,0,27,5,36,-58,-11,25,0
1028,0,0,504,0,28,5,36,-58,-11,25,0
1032,0,0,504,0,28,5,36,-58,-11,28,0
1036,0,0,505,0,28,5,36,-57,-10,25,0
1040,0,0,504,0,28,5,36,-57,-10,25,0
1044,0,0,505,0,29,5,36,-57,-10,25,0
1048,0,0,504,0,29,5,37,-56,-9,25,0
1052,0,0,504,0,29,5,37,-56,-9,25,0
1056,0,0,504,0,29,5,37,-56,-9,25,0
1060,0,0,503,0,29,5,37,-55,-9,25,0
1064,0,0,503,0,30,5,37,-55,-9,21,0
1068,0,0,502,0,30,5,37,-55,-9,25,0
1072,0,0,503,0,30,5,37,-54,-8,25,0
1076,0,0,503,0,30,5,37,-54,-8,21,0
1080,0,0,502,0,31,5,37,-54,-8,17,0
1084,0,0,503,0,31,5,37,-53,-8,21,0
1088,0,0,502,0,31,5,37,-53,-8,21,0
1092,0,0,503,0,31,5,37,-52,-7,21,0
1096,0,0,501,0,31,5,38,-52,-7,17,0
1100,0,0,501,0,32,5,38,-51,-6,17,0
1104,0,0,501,0,32,5,38,-51,-6,21,0
1108,0,0,501,0,32,5,38,-50,-6,17,0
1112,0,0,501,0,33,5,38,-50,-6,17,0
1116,0,0,501,0,33,5,38,-49,-5,21,0
1120,0,0,500,0,33,5,38,-49,-5,21,0
1124,0,0,499,0,33,5,38,-48,-5,21,0
1128,0,0,500,0,34,5,39,-48,-4,21,0
1132,0,0,500,0,34,5,39,-47,-4,21,0
1136,0,0,500,0,34,5,39,-47,-4,21,0
1140,0,0,500,0,35,6,39,-46,-3,21,0
1144,0,0,500,0,35,6,39,-46,-3,28,0
1148,0,0,499,0,35,6,39,-45,-3,25,0
1152,0,0,498,0,36,6,39,-45,-3,25,0
1156,0,0,498,0,36,6,39,-45,-3,28,0
1160,0,0,497,0,37,6,39,-44,-2,28,0
1164,0,0,497,0,37,7,40,-44,-2,32,0
1168,0,0,497,0,37,7,40,-43,-1,32,0
1172,0,0,497,0,38,7,40,-43,-1,32,0
1176,0,0,497,0,39,8,40,-43,-1,35,0
1180,0,0,497,0,39,8,40,-42,-1,43,0
1184,0,0,496,0,39,8,40,-42,-1,39,0
1188,0,0,496,0,40,8,40,-42,-1,39,0
1192,0,0,496,0,41,9,41,-41,0,46,0
1196,0,0,496,0,41,10,41,-41,0,50,0
1200,0,0,495,0,42,10,41,-41,0,53,0
1204,0,0,495,0,42,10,41,-41,0,53,0
1208,0,0,495,0,43,11,41,-40,0,53,0
1212,0,0,494,0,44,11,41,-40,0,60,0
1216,0,0,494,0,44,12,41,-40,0,60,0
1220,0,0,494,0,45,12,42,-40,1,64,0
1224,0,0,494,0,46,13,42,-40,1,68,0
1228,0,0,494,0,46,14,42,-39,1,75,0
1232,0,0,494,0,47,14,42,-39,1,75,0
1236,0,0,493,0,48,15,42,-39,1,78,0
1240,0,0,493,0,49,15,42,-39,1,86,0
1244,0,0,493,0,49,16,42,-39,1,82,0
1248,0,0,492,0,50,17,42,-39,1,85,0
1252,0,0,492,0,51,17,43,-39,2,93,0
1256,0,0,492,0,52,18,43,-39,2,96,0
1260,0,0,491,0,53,19,43,-39,2,100,0
1264,0,0,491,0,53,20,43,-39,2,103,0
1268,0,0,490,0,54,20,43,-39,2,103,0
1272,0,0,490,0,55,21,43,-38,2,107,0
1276,0,0,490,0,56,22,44,-38,3,111,0
1280,0,0,489,0,57,23,44,-38,3,111,0
1284,0,0,489,0,58,24,44,-38,3,118,0
1288,0,0,489,0,59,24,44,-38,3,125,0
1292,0,0,488,0,59,25,44,-38,3,121,0
1296,0,0,488,0,60,26,45,-38,3,121,0
1300,0,0,488,0,61,27,45,-38,3,125,0
1304,0,0,488,0,62,28,45,-38,3,129,0
1308,0,0,489,0,63,29,45,-38,3,136,0
1312,0,0,488,0,64,30,45,-38,3,136,0
1316,0,0,488,0,65,31,45,-38,3,139,0
1320,0,0,487,0,66,32,45,-38,3,143,0
1324,0,0,487,0,67,32,45,-38,3,146,0
1328,0,0,487,0,68,34,46,-38,4,143,0
1332,0,0,487,0,69,34,46,-38,4,150,0
1336,0,0,486,0,70,36,46,-38,4,150,0
1340,0,0,486,0,71,36,46,-38,4,154,0
1344,0,0,486,0,72,38,46,-38,4,154,0
1348,0,0,485,0,73,38,46,-38,4,164,0
1352,0,0,484,0,74,40,46,-38,4,161,0
1356,0,0,485,0,75,41,47,-38,4,164,0
1360,0,0,484,0,77,42,47,-38,4,168,0
1364,0,0,485,0,78,43,47,-38,4,168,0
1368,0,0,484,0,79,44,47,-38,4,172,0
1372,0,0,484,0,80,45,47,-38,4,175,0
1376,0,0,484,0,81,46,47,-38,4,175,0
1380,0,0,484,0,82,47,47,-38,4,175,0
1384,0,0,485,0,83,48,47,-38,4,175,0
1388,0,0,484,0,84,49,48,-37,5,175,0
1392,0,0,484,0,85,50,48,-38,5,182,0
1396,0,0,483,0,87,52,48,-37,5,182,0
1400,0,0,484,0,88,53,48,-37,5,189,0
1404,0,0,484,0,89,54,48,-37,5,189,0
1408,0,0,484,0,90,55,48,-37,5,189,0
1412,0,0,484,0,91,56,48,-37,5,189,0
1416,0,0,483,0,92,57,48,-37,5,189,0
1420,0,0,483,0,93,58,48,-37,5,189,0
1424,0,0,483,0,95,59,48,-37,5,193,0
1428,0,0,483,0,96,60,48,-37,5,200,0
1432,0,0,483,0,97,62,48,-37,5,193,0
1436,0,0,483,0,98,62,48,-37,5,200,0
1440,0,0,483,0,99,64,48,-37,5,193,0
1444,0,0,483,0,100,65,48,-37,5,200,0
1448,0,0,484,0,101,66,48,-37,5,193,0
1452,0,0,483,0,102,67,49,-37,6,197,0
1456,0,0,484,0,103,68,49,-37,6,193,0
1460,0,0,483,0,104,69,49,-37,6,193,0
1464,0,0,483,0,105,70,49,-37,6,197,0
1468,0,0,482,0,107,71,49,-37,6,197,0
1472,0,0,483,0,108,72,49,-37,6,197,0
1476,0,0,483,0,109,73,49,-37,6,197,0
1480,0,0,483,0,110,74,49,-37,6,200,0
1484,0,0,483,0,111,76,49,-37,6,197,0
1488,0,0,483,0,112,77,49,-37,6,200,0
1492,0,0,483,0,113,78,49,-37,6,197,0
1496,0,0,484,0,114,78,49,-36,6,200,0
1500,0,0,484,0,115,80,49,-36,6,189,0
1504,0,0,485,0,116,80,49,-36,6,193,0
1508,0,0,484,0,117,82,49,-36,6,193,0
1512,0,0,483,0,118,82,49,-36,6,193,0
1516,0,0,483,0,119,84,49,-36,6,197,0
1520,0,0,483,0,120,85,49,-36,6,193,0
1524,0,0,483,0,121,86,49,-36,6,193,0
1528,0,0,483,0,123,86,49,-36,6,186,0
1532,0,0,483,0,123,88,49,-36,6,193,0
1536,0,0,482,0,125,88,49,-36,6,186,0
1540,0,0,483,0,125,90,49,-36,6,193,0
1544,0,0,483,0,126,90,49,-36,6,186,0
1548,0,0,483,0,127,92,49,-36,6,182,0
1552,0,0,483,0,128,92,49,-36,6,186,0
1556,0,0,483,0,129,93,49,-36,6,182,0
1560,0,0,483,0,130,94,49,-36,6,182,0
1564,0,0,484,0,131,95,49,-36,6,179,0
1568,0,0,484,0,132,96,49,-36,6,179,0
1572,0,0,483,0,133,97,49,-36,6,179,0
1576,0,0,483,0,134,98,49,-36,6,179,0
1580,0,0,483,0,135,99,49,-36,6,175,0
1584,0,0,483,0,136,100,49,-36,6,179,0
1588,0,0,482,0,137,101,49,-36,6,175,0
1592,0,0,482,0,137,102,49,-36,6,175,0
1596,0,0,482,0,139,102,49,-36,6,172,0
1600,0,0,482,0,139,103,49,-36,6,175,0
1604,0,0,484,0,140,104,49,-36,6,168,0
1608,0,0,482,0,141,105,49,-36,6,168,0
1612,0,0,483,0,142,106,49,-36,6,168,0
1616,0,0,483,0,143,107,49,-36,6,164,0
1620,0,0,483,0,144,108,49,-36,6,168,0
1624,0,0,483,0,145,109,49,-36,6,164,0
1628,0,0,483,0,146,110,49,-36,6,168,0
1632,0,0,482,0,147,110,49,-36,6,164,0
1636,0,0,482,0,148,112,49,-36,6,168,0
1640,0,0,482,0,149,112,49,-36,6,164,0
1644,0,0,481,0,149,113,49,-36,6,164,0
1648,0,0,481,0,150,114,49,-36,6,168,0
1652,0,0,481,0,151,115,49,-36,6,164,0
1656,0,0,481,0,152,116,49,-36,6,164,0
1660,0,0,482,0,153,117,49,-36,6,164,0
1664,0,0,482,0,154,118,49,-36,6,164,0
1668,0,0,482,0,155,118,49,-37,6,164,0
1672,0,0,482,0,156,120,49,-37,6,164,0
1676,0,0,483,0,157,120,49,-37,6,164,0
1680,0,0,482,0,158,121,49,-37,6,161,0
1684,0,0,483,0,159,122,49,-37,6,161,0
1688,0,0,482,0,160,123,49,-37,6,161,0
1692,0,0,482,0,161,124,49,-37,6,161,0
1696,0,0,482,0,161,125,49,-36,6,164,0
1700,0,0,482,0,163,126,49,-36,6,164,0
1704,0,0,482,0,163,127,49,-36,6,168,0
1708,0,0,481,0,164,128,49,-36,6,168,0
1712,0,0,481,0,165,129,50,-36,7,168,0
1716,0,0,481,0,166,130,50,-36,7,164,0
1720,0,0,481,0,167,131,50,-36,7,164,0
1724,0,0,481,0,168,132,50,-36,7,164,0
1728,0,0,481,0,169,133,50,-36,7,164,0
1732,0,0,481,0,170,134,50,-36,7,164,0
1736,0,0,482,0,171,135,50,-36,7,164,0
1740,0,0,482,0,172,136,50,-36,7,164,0
1744,0,0,482,0,173,137,50,-36,7,168,0
1748,0,0,482,0,174,138,50,-36,7,168,0
1752,0,0,482,0,175,139,50,-36,7,168,0
1756,0,0,482,0,176,140,50,-36,7,172,0
1760,0,0,481,0,177,141,50,-36,7,171,0
1764,0,0,481,0,178,142,50,-36,7,171,0
1768,0,0,481,0,179,144,50,-36,7,171,0
1772,0,0,481,0,180,144,50,-36,7,175,0
1776,0,0,481,0,181,146,50,-36,7,175,0
1780,0,0,481,0,182,147,50,-36,7,179,0
1784,0,0,482,0,183,148,50,-36,7,179,0
1788,0,0,481,0,184,149,50,-36,7,179,0
1792,0,0,482,0,185,150,50,-36,7,179,0
1796,0,0,482,0,187,152,50,-36,7,182,0
1800,0,0,482,0,188,152,50,-36,7,186,0
1804,0,0,482,0,189,154,50,-36,7,186,0
1808,0,0,482,0,190,155,50,-36,7,186,0
1812,0,0,482,0,191,156,50,-36,7,186,0
1816,0,0,481,0,192,158,50,-36,7,189,0
1820,0,0,481,0,193,159,50,-36,7,193,0
1824,0,0,481,0,194,160,50,-36,7,193,0
1828,0,0,481,0,195,162,50,-36,7,193,0
1832,0,0,481,0,197,163,50,-36,7,200,0
1836,0,0,481,0,198,164,50,-36,7,200,0
1840,0,0,481,0,199,165,50,-36,7,200,0
1844,0,0,482,0,200,167,50,-36,7,200,0
1848,0,0,482,0,201,168,50,-36,7,204,0
1852,0,0,481,0,202,169,50,-36,7,204,0
1856,0,0,482,0,204,171,50,-36,7,207,0
1860,0,0,482,0,205,172,50,-36,7,211,0
1864,0,0,482,0,206,174,50,-36,7,211,0
1868,0,0,482,0,207,175,50,-36,7,215,0
1872,0,0,482,0,209,176,50,-36,7,211,0
1876,0,0,482,0,210,178,50,-36,7,214,0
1880,0,0,482,0,211,179,50,-36,7,218,0
1884,0,0,481,0,213,181,50,-36,7,222,0
1888,0,0,481,0,214,182,50,-36,7,225,0
1892,0,0,482,0,215,184,50,-36,7,225,0
1896,0,0,482,0,217,185,50,-36,7,225,0
1900,0,0,482,0,218,187,50,-37,6,225,0
1904,0,0,482,0,219,188,50,-37,6,229,0
1908,0,0,482,0,221,190,50,-37,6,229,0
1912,0,0,482,0,222,191,50,-37,6,236,0
1916,0,0,482,0,223,193,50,-37,6,236,0
1920,0,0,483,0,225,194,50,-37,6,236,0
1924,0,0,482,0,226,196,49,-37,6,240,0
1928,0,0,482,0,228,198,49,-37,6,243,0
1932,0,0,482,0,229,200,49,-37,6,243,0
1936,0,0,482,0,231,201,49,-37,6,247,0
1940,0,0,482,0,232,203,49,-37,6,250,0
1944,0,0,482,0,233,204,49,-37,6,254,0
1948,0,0,482,0,235,206,49,-37,6,254,0
1952,0,0,482,0,237,208,49,-37,6,257,0
1956,0,0,482,0,238,210,49,-37,6,261,0
1960,0,0,482,0,240,211,49,-37,6,261,0
1964,0,0,482,0,241,213,49,-37,6,265,0
1968,0,0,482,0,243,214,49,-37,6,265,0
1972,0,0,482,0,245,216,49,-37,6,272,0
1976,0,0,482,0,246,218,49,-37,6,272,0
1980,0,0,482,0,248,220,49,-37,6,272,0
1984,0,0,482,0,249,222,49,-37,6,275,0
1988,0,0,483,0,251,224,49,-37,6,275,0
1992,0,0,482,0,253,226,49,-37,6,283,0
1996,0,0,483,0,254,227,49,-37,6,286,0
2000,0,0,482,0,256,229,49,-37,6,290,0
2004,0,0,483,0,258,231,49,-37,6,286,0
2008,0,0,482,0,260,233,49,-37,6,293,0
2012,0,0,483,0,261,235,49,-37,6,293,0
2016,0,0,482,0,263,236,49,-37,6,297,0
2020,0,0,483,0,265,238,49,-37,6,297,0
2024,0,0,483,0,267,240,49,-37,6,301,0
2028,0,0,483,0,268,242,49,-37,6,304,0
2032,0,0,484,0,270,244,49,-37,6,301,0
2036,0,0,484,0,272,246,49,-37,6,304,0
2040,0,0,484,0,273,248,49,-37,6,308,0
2044,0,0,484,0,275,250,49,-37,6,311,0
2048,0,0,484,0,277,252,49,-37,6,311,0
2052,0,0,484,0,279,254,49,-38,5,315,0
2056,0,0,484,0,280,256,49,-38,5,315,0
2060,0,0,485,0,282,257,49,-38,5,318,0
2064,0,0,485,0,284,259,49,-38,5,318,0
2068,0,0,485,0,286,261,48,-38,5,318,0
2072,0,0,485,0,287,263,48,-38,5,318,0
2076,0,0,485,0,289,265,48,-38,5,318,0
2080,0,0,485,0,291,267,48,-38,5,322,0
2084,0,0,486,0,292,269,48,-38,5,322,0
2088,0,0,485,0,294,270,48,-38,5,326,0
2092,0,0,485,0,296,272,48,-38,5,318,0
2096,0,0,485,0,297,274,48,-38,5,318,0
2100,0,0,486,0,299,276,48,-38,5,315,0
2104,0,0,486,0,300,278,48,-38,5,322,0
2108,0,0,486,0,302,280,48,-38,5,322,0
2112,0,0,486,0,304,282,48,-38,5,318,0
2116,0,0,486,0,305,283,48,-38,5,322,0
2120,0,0,486,0,307,285,48,-38,5,318,0
2124,0,0,486,0,308,287,48,-38,5,318,0
2128,0,0,486,0,310,288,48,-38,5,315,0
2132,0,0,486,0,311,290,48,-38,5,318,0
2136,0,0,486,0,313,292,48,-38,5,311,0
2140,0,0,486,0,314,294,48,-38,5,311,0
2144,0,0,486,0,315,296,47,-38,4,308,0
2148,0,0,486,0,317,297,47,-38,4,308,0
2152,0,0,486,0,318,299,47,-38,4,308,0
2156,0,0,487,0,319,301,47,-38,4,300,0
2160,0,0,487,0,321,302,47,-38,4,297,0
2164,0,0,487,0,322,304,47,-38,4,297,0
2168,0,0,486,0,323,306,47,-38,4,297,0
2172,0,0,486,0,325,307,47,-38,4,293,0
2176,0,0,486,0,326,309,47,-39,4,297,0
2180,0,0,486,0,327,310,47,-39,4,290,0
2184,0,0,486,0,328,312,47,-39,4,283,0
2188,0,0,487,0,329,314,47,-39,4,279,0
2192,0,0,487,0,331,315,47,-39,4,286,0
2196,0,0,487,0,332,317,47,-39,4,279,0
2200,0,0,487,0,333,318,47,-39,4,279,0
2204,0,0,487,0,334,320,47,-39,4,272,0
2208,0,0,486,0,335,321,47,-39,4,268,0
2212,0,0,486,0,337,323,47,-39,4,268,0
2216,0,0,486,0,338,324,47,-39,4,265,0
2220,0,0,486,0,339,326,47,-39,4,265,0
2224,0,0,486,0,340,327,47,-39,4,261,0
2228,0,0,487,0,341,329,47,-39,4,257,0
2232,0,0,486,0,342,330,47,-39,4,254,0
2236,0,0,486,0,343,332,47,-39,4,254,0
2240,0,0,486,0,344,333,47,-39,4,250,0
2244,0,0,487,0,345,334,47,-39,4,247,0
2248,0,0,486,0,347,336,47,-40,3,243,0
2252,0,0,486,0,347,337,47,-40,3,243,0
2256,0,0,486,0,349,338,47,-40,3,243,0
2260,0,0,486,0,350,340,47,-40,3,240,0
2264,0,0,485,0,351,341,47,-40,3,240,0
2268,0,0,485,0,352,342,47,-40,3,236,0
2272,0,0,485,0,353,344,47,-40,3,232,0
2276,0,0,485,0,354,345,47,-40,3,229,0
2280,0,0,485,0,355,346,47,-40,3,229,0
2284,0,0,485,0,356,348,47,-40,3,229,0
2288,0,0,485,0,357,349,47,-40,3,229,0
2292,0,0,485,0,358,350,48,-40,4,222,0
2296,0,0,485,0,359,352,48,-40,4,225,0
2300,0,0,485,0,361,353,48,-40,4,222,0
2304,0,0,485,0,362,354,48,-40,4,225,0
2308,0,0,484,0,363,355,48,-40,4,222,0
2312,0,0,484,0,364,356,48,-40,4,218,0
2316,0,0,484,0,365,358,48,-40,4,215,0
2320,0,0,483,0,366,359,48,-40,4,218,0
2324,0,0,484,0,367,360,48,-40,4,214,0
2328,0,0,484,0,368,362,48,-41,3,215,0
2332,0,0,483,0,369,363,48,-41,3,215,0
2336,0,0,483,0,371,364,48,-41,3,214,0
2340,0,0,484,0,372,365,48,-41,3,215,0
2344,0,0,484,0,373,366,48,-41,3,215,0
2348,0,0,484,0,374,368,48,-41,3,214,0
2352,0,0,484,0,375,369,48,-41,3,211,0
2356,0,0,483,0,376,370,48,-41,3,211,0
2360,0,0,483,0,377,372,48,-41,3,211,0
2364,0,0,483,0,379,373,48,-41,3,215,0
2368,0,0,483,0,380,374,48,-41,3,215,0
2372,0,0,483,0,381,376,48,-41,3,214,0
2376,0,0,483,0,382,377,49,-41,4,215,0
2380,0,0,483,0,384,378,49,-41,4,218,0
2384,0,0,483,0,385,379,49,-41,4,218,0
2388,0,0,483,0,386,380,49,-41,4,215,0
2392,0,0,483,0,387,382,49,-41,4,215,0
2396,0,0,483,0,389,383,49,-41,4,214,0
2400,0,0,483,0,390,384,49,-41,4,218,0
2404,0,0,483,0,391,386,49,-41,4,215,0
2408,0,0,483,0,393,387,49,-41,4,218,0
2412,0,0,483,0,394,389,49,-41,4,222,0
2416,0,0,483,0,395,390,49,-41,4,225,0
2420,0,0,483,0,397,391,49,-41,4,222,0
2424,0,0,483,0,398,393,49,-41,4,229,0
2428,0,0,483,0,399,394,49,-41,4,229,0
2432,0,0,483,0,401,396,49,-41,4,229,0
2436,0,0,483,0,402,397,49,-41,4,232,0
2440,0,0,483,0,404,398,49,-41,4,229,0
2444,0,0,483,0,405,400,49,-41,4,232,0
2448,0,0,483,0,407,401,49,-41,4,236,0
2452,0,0,483,0,408,402,49,-41,4,236,0
2456,0,0,483,0,409,404,49,-41,4,236,0
2460,0,0,483,0,411,405,49,-41,4,240,0
2464,0,0,483,0,412,407,49,-41,4,236,0
2468,0,0,483,0,414,408,49,-41,4,240,0
2472,0,0,483,0,415,410,49,-41,4,243,0
2476,0,0,483,0,417,411,49,-41,4,243,0
2480,0,0,482,0,418,413,49,-41,4,243,0
2484,0,0,483,0,420,414,49,-41,4,247,0
2488,0,0,483,0,421,416,49,-41,4,250,0
2492,0,0,482,0,423,417,49,-41,4,254,0
2496,0,0,483,0,424,419,49,-41,4,254,0
2500,0,0,483,0,426,420,49,-41,4,254,0
2504,0,0,483,0,427,422,49,-41,4,257,0
2508,0,0,483,0,429,423,49,-41,4,258,0
2512,0,0,484,0,430,425,49,-41,4,257,0
2516,0,0,484,0,432,426,49,-41,4,261,0
2520,0,0,484,0,433,428,49,-41,4,261,0
2524,0,0,483,0,435,429,49,-41,4,261,0
2528,0,0,483,0,437,430,49,-41,4,261,0
2532,0,0,483,0,438,432,49,-41,4,265,0
2536,0,0,484,0,440,434,49,-41,4,261,0
2540,0,0,483,0,441,435,49,-41,4,268,0
2544,0,0,484,0,443,437,49,-41,4,265,0
2548,0,0,484,0,444,438,49,-41,4,268,0
2552,0,0,484,0,446,440,49,-41,4,265,0
2556,0,0,484,0,447,441,49,-41,4,272,0
2560,0,0,484,0,449,442,49,-41,4,268,0
2564,0,0,485,0,451,444,49,-41,4,268,0
2568,0,0,485,0,452,445,48,-41,3,272,0
2572,0,0,485,0,454,446,48,-41,3,268,0
2576,0,0,485,0,455,448,48,-41,3,272,0
2580,0,0,484,0,457,449,48,-41,3,268,0
2584,0,0,484,0,458,451,48,-41,3,272,0
2588,0,0,484,0,460,452,48,-41,3,268,0
2592,0,0,484,0,461,454,48,-41,3,268,0
2596,0,0,485,0,462,455,48,-41,3,268,0
2600,0,0,485,0,464,456,48,-41,3,268,0
2604,0,0,484,0,465,457,48,-41,3,265,0
2608,0,0,484,0,467,459,48,-41,3,265,0
2612,0,0,484,0,468,460,48,-41,3,265,0
2616,0,0,485,0,470,462,48,-41,3,257,0
2620,0,0,485,0,471,463,48,-41,3,265,0
2624,0,0,484,0,473,464,48,-41,3,257,0
2628,0,0,484,0,474,465,48,-41,3,261,0
2632,0,0,485,0,475,467,48,-41,3,254,0
2636,0,0,485,0,477,468,48,-41,3,257,0
2640,0,0,484,0,478,469,48,-41,3,254,0
2644,0,0,485,0,479,470,48,-41,3,254,0
2648,0,0,484,0,481,472,48,-41,3,247,0
2652,0,0,485,0,482,473,48,-41,3,254,0
2656,0,0,484,0,483,474,48,-41,3,247,0
2660,0,0,484,0,485,475,48,-41,3,247,0
2664,0,0,484,0,486,476,48,-41,3,247,0
2668,0,0,484,0,487,477,48,-41,3,240,0
2672,0,0,484,0,488,478,48,-41,3,243,0
2676,0,0,484,0,490,480,48,-41,3,236,0
2680,0,0,484,0,491,481,48,-41,3,240,0
2684,0,0,485,0,492,482,48,-41,3,232,0
2688,0,0,485,0,493,483,48,-41,3,232,0
2692,0,0,485,0,495,484,48,-41,3,229,0
2696,0,0,485,0,496,485,48,-41,3,229,0
2700,0,0,484,0,497,486,48,-41,3,225,0
2704,0,0,484,0,498,487,48,-41,3,225,0
2708,0,0,484,0,499,488,48,-41,3,225,0
2712,0,0,483,0,500,490,48,-41,3,218,0
2716,0,0,484,0,502,490,48,-41,3,225,0
2720,0,0,483,0,503,492,48,-40,4,215,0
2724,0,0,484,0,504,492,48,-40,4,218,0
2728,0,0,484,0,505,494,48,-40,4,211,0
2732,0,0,484,0,506,495,48,-40,4,215,0
2736,0,0,484,0,507,496,48,-40,4,211,0
2740,0,0,484,0,508,497,48,-40,4,207,0
2744,0,0,485,0,509,498,48,-40,4,211,0
2748,0,0,484,0,511,499,48,-40,4,207,0
2752,0,0,484,0,512,500,48,-40,4,204,0
2756,0,0,483,0,513,501,48,-40,4,204,0
2760,0,0,483,0,514,502,48,-40,4,204,0
2764,0,0,483,0,515,503,48,-40,4,200,0
2768,0,0,483,0,516,504,48,-40,4,200,0
2772,0,0,483,0,517,505,49,-40,4,197,0
2776,0,0,483,0,518,506,49,-40,4,197,0
2780,0,0,483,0,519,507,49,-40,4,193,0
2784,0,0,483,0,520,508,49,-40,4,193,0
2788,0,0,483,0,522,509,49,-40,4,197,0
2792,0,0,484,0,523,510,49,-40,4,197,0
2796,0,0,484,0,524,511,49,-40,4,193,0
2800,0,0,483,0,525,512,49,-40,4,193,0
2804,0,0,483,0,526,513,49,-40,4,193,0
2808,0,0,483,0,527,514,49,-40,4,189,0
2812,0,0,483,0,528,515,49,-40,4,193,0
2816,0,0,483,0,529,516,49,-39,5,186,0
2820,0,0,482,0,530,517,49,-39,5,189,0
2824,0,0,482,0,531,518,49,-39,5,186,0
2828,0,0,482,0,532,519,49,-39,5,189,0
2832,0,0,483,0,533,520,49,-39,5,186,0
2836,0,0,483,0,534,521,49,-39,5,186,0
2840,0,0,483,0,535,522,49,-39,5,186,0
2844,0,0,483,0,536,523,49,-39,5,182,0
2848,0,0,484,0,537,524,49,-39,5,-3601,0
2852,0,0,483,0,538,525,49,-39,5,-3611,0
2856,0,0,484,0,539,526,49,-39,5,-3611,0
2860,0,0,483,0,540,527,49,-39,5,-3611,0
2864,0,0,483,0,541,528,49,-39,5,-3611,0
2868,0,0,482,0,542,529,49,-39,5,-3611,0
2872,0,0,482,0,543,530,49,-39,5,-3608,0
2876,0,0,482,0,545,532,49,-39,5,-3611,0
2880,0,0,482,0,545,533,49,-39,5,-3604,0
2884,0,0,482,0,547,534,49,-39,5,-3608,0
2888,0,0,483,0,548,535,49,-39,5,-3608,0
2892,0,0,482,0,549,536,49,-39,5,-3608,0
2896,0,0,483,0,550,537,49,-38,5,-3608,0
2900,0,0,483,0,551,538,49,-38,5,-3608,0
2904,0,0,483,0,552,540,49,-38,5,-3608,0
2908,0,0,483,0,553,541,49,-38,5,-3604,0
2912,0,0,483,0,554,542,49,-38,5,-3604,0
2916,0,0,483,0,555,543,49,-38,5,-3604,0
2920,0,0,483,0,556,544,49,-38,5,-3604,0
2924,0,0,482,0,557,546,49,-38,5,-3601,0
2928,0,0,482,0,559,547,49,-38,5,-3597,0
2932,0,0,482,0,560,548,49,-38,5,-3597,0
2936,0,0,482,0,561,549,49,-38,5,-3597,0
2940,0,0,482,0,562,550,49,-38,5,-3597,0
2944,0,0,482,0,563,552,49,-38,5,-3597,0
2948,0,0,482,0,564,553,49,-38,5,193,0
2952,0,0,482,0,565,554,49,-38,5,200,0
2956,0,0,482,0,567,556,49,-38,5,200,0
2960,0,0,483,0,568,557,49,-38,5,207,0
2964,0,0,483,0,569,558,49,-38,5,207,0
2968,0,0,482,0,570,560,49,-38,5,207,0
2972,0,0,482,0,571,561,49,-37,6,207,0
2976,0,0,481,0,573,562,49,-37,6,211,0
2980,0,0,481,0,574,564,49,-37,6,207,0
2984,0,0,481,0,575,565,49,-37,6,214,0
2988,0,0,481,0,577,567,50,-37,6,211,0
2992,0,0,481,0,578,568,50,-37,6,218,0
2996,0,0,481,0,579,570,50,-37,6,218,0
3000,0,0,482,0,580,571,50,-37,6,222,0
3004,0,0,482,0,582,572,50,-37,6,222,0
3008,0,0,483,0,583,574,50,-37,6,222,0
3012,0,0,482,0,584,576,49,-37,6,225,0
3016,0,0,482,0,586,577,49,-37,6,229,0
3020,0,0,482,0,587,579,49,-37,6,232,0
3024,0,0,482,0,589,581,49,-37,6,232,0
3028,0,0,481,0,590,582,50,-37,6,236,0
3032,0,0,482,0,591,584,50,-37,6,236,0
3036,0,0,482,0,593,586,50,-37,6,243,0
3040,0,0,482,0,595,587,50,-37,6,247,0
3044,0,0,482,0,596,589,50,-37,6,254,0
3048,0,0,483,0,598,591,49,-37,6,250,0
3052,0,0,483,0,599,592,49,-37,6,258,0
3056,0,0,483,0,601,594,49,-37,6,261,0
3060,0,0,482,0,603,596,49,-37,6,258,0
3064,0,0,483,0,604,598,49,-37,6,265,0
3068,0,0,483,0,606,600,49,-37,6,268,0
3072,0,0,483,0,608,602,49,-37,6,272,0
3076,0,0,483,0,609,604,49,-37,6,279,0
3080,0,0,483,0,611,606,49,-37,6,279,0
3084,0,0,484,0,613,608,49,-37,6,283,0
3088,0,0,483,0,614,610,49,-37,6,290,0
3092,0,0,484,0,616,611,49,-37,6,290,0
3096,0,0,484,0,618,613,49,-37,6,293,0
3100,0,0,484,0,620,615,49,-37,6,297,0
3104,0,0,484,0,621,617,49,-37,6,300,0
3108,0,0,484,0,623,619,49,-37,6,300,0
3112,0,0,484,0,625,621,49,-37,6,304,0
3116,0,0,485,0,627,623,49,-37,6,308,0
3120,0,0,485,0,628,625,49,-37,6,311,0
3124,0,0,485,0,630,627,48,-37,5,315,0
3128,0,0,485,0,632,629,48,-37,5,311,0
3132,0,0,486,0,633,631,48,-37,5,318,0
3136,0,0,485,0,635,633,48,-37,5,318,0
3140,0,0,485,0,637,635,48,-37,5,318,0
3144,0,0,486,0,639,637,48,-37,5,318,0
3148,0,0,485,0,640,639,48,-37,5,326,0
3152,0,0,486,0,642,641,48,-36,6,326,0
3156,0,0,486,0,644,643,48,-36,6,326,0
3160,0,0,486,0,645,645,48,-36,6,329,0
3164,0,0,487,0,647,647,48,-36,6,329,0
3168,0,0,487,0,649,649,48,-36,6,329,0
3172,0,0,487,0,650,651,48,-36,6,329,0
3176,0,0,487,0,652,653,47,-36,5,329,0
3180,0,0,488,0,654,655,47,-36,5,329,0
3184,0,0,488,0,655,657,47,-36,5,329,0
3188,0,0,488,0,657,659,47,-36,5,326,0
3192,0,0,487,0,658,661,47,-36,5,326,0
3196,0,0,488,0,660,662,47,-36,5,326,0
3200,0,0,488,0,661,664,47,-36,5,326,0
3204,0,0,489,0,663,666,47,-36,5,326,0
3208,0,0,489,0,664,668,47,-36,5,326,0
3212,0,0,488,0,665,670,47,-36,5,322,0
3216,0,0,489,0,667,672,46,-36,5,318,0
3220,0,0,489,0,668,674,46,-36,5,318,0
3224,0,0,491,0,670,675,46,-36,5,315,0
3228,0,0,489,0,671,677,46,-36,5,318,0
3232,0,0,490,0,672,679,46,-36,5,311,0
3236,0,0,490,0,673,680,46,-36,5,308,0
3240,0,0,490,0,675,682,46,-36,5,304,0
3244,0,0,490,0,676,684,46,-36,5,304,0
3248,0,0,490,0,677,686,46,-36,5,300,0
3252,0,0,490,0,678,687,46,-36,5,297,0
3256,0,0,489,0,679,688,46,-36,5,293,0
3260,0,0,490,0,681,690,46,-37,4,286,0
3264,0,0,490,0,682,692,45,-37,4,286,0
3268,0,0,490,0,683,693,45,-37,4,286,0
3272,0,0,490,0,684,694,45,-37,4,279,0
3276,0,0,490,0,685,696,45,-37,4,275,0
3280,0,0,490,0,686,697,45,-37,4,272,0
3284,0,0,491,0,687,699,45,-37,4,268,0
3288,0,0,490,0,688,700,45,-37,4,265,0
3292,0,0,491,0,689,701,45,-37,4,258,0
3296,0,0,491,0,690,702,45,-37,4,254,0
3300,0,0,492,0,691,704,45,-37,4,250,0
3304,0,0,491,0,692,705,45,-37,4,247,0
3308,0,0,491,0,693,706,45,-37,4,243,0
3312,0,0,490,0,694,708,45,-37,4,240,0
3316,0,0,491,0,695,708,45,-37,4,240,0
3320,0,0,490,0,696,710,45,-37,4,232,0
3324,0,0,491,0,697,711,45,-37,4,229,0
3328,0,0,490,0,698,712,45,-37,4,222,0
3332,0,0,490,0,699,713,45,-37,4,222,0
3336,0,0,490,0,699,714,45,-37,4,218,0
3340,0,0,490,0,700,715,45,-37,4,218,0
3344,0,0,490,0,701,716,45,-37,4,207,0
3348,0,0,490,0,702,717,45,-37,4,204,0
3352,0,0,490,0,703,718,45,-37,4,200,0
3356,0,0,491,0,703,719,45,-37,4,200,0
3360,0,0,491,0,704,720,45,-37,4,197,0
3364,0,0,491,0,705,720,45,-37,4,189,0
3368,0,0,491,0,706,721,45,-37,4,182,0
3372,0,0,491,0,706,722,45,-37,4,186,0
3376,0,0,491,0,707,723,45,-37,4,175,0
3380,0,0,491,0,708,724,45,-37,4,175,0
3384,0,0,490,0,708,725,45,-37,4,172,0
3388,0,0,490,0,709,725,45,-37,4,168,0
3392,0,0,490,0,710,726,45,-37,4,164,0
3396,0,0,490,0,710,727,45,-37,4,164,0
3400,0,0,490,0,711,728,45,-37,4,157,0
3404,0,0,490,0,711,728,45,-37,4,157,0
3408,0,0,490,0,712,729,45,-37,4,150,0
3412,0,0,490,0,713,729,45,-37,4,150,0
3416,0,0,490,0,713,730,45,-37,4,146,0
3420,0,0,489,0,713,730,45,-37,4,139,0
3424,0,0,490,0,714,731,45,-37,4,136,0
3428,0,0,490,0,715,732,45,-37,4,132,0
3432,0,0,490,0,715,732,45,-37,4,132,0
3436,0,0,489,0,716,733,45,-37,4,125,0
3440,0,0,490,0,716,733,45,-37,4,125,0
3444,0,0,491,0,717,734,45,-37,4,121,0
3448,0,0,490,0,717,734,45,-37,4,121,0
3452,0,0,489,0,718,735,45,-37,4,114,0
3456,0,0,489,0,718,735,45,-37,4,114,0
3460,0,0,490,0,719,736,45,-37,4,111,0
3464,0,0,490,0,719,736,45,-37,4,111,0
3468,0,0,489,0,719,736,45,-37,4,107,0
3472,0,0,489,0,720,737,45,-37,4,96,0
3476,0,0,489,0,720,737,45,-37,4,103,0
3480,0,0,490,0,721,738,45,-37,4,96,0
3484,0,0,490,0,721,738,45,-36,4,96,0
3488,0,0,489,0,721,738,45,-36,4,93,0
3492,0,0,488,0,722,738,45,-36,4,89,0
3496,0,0,489,0,722,739,45,-36,4,86,0
3500,0,0,489,0,723,739,45,-36,4,86,0
3504,0,0,489,0,723,740,45,-36,4,82,0
3508,0,0,489,0,723,740,45,-36,4,85,0
3512,0,0,488,0,724,740,45,-36,4,78,0
3516,0,0,488,0,724,740,46,-36,5,75,0
3520,0,0,488,0,724,740,46,-36,5,75,0
3524,0,0,489,0,725,741,46,-36,5,71,0
3528,0,0,488,0,725,741,46,-36,5,75,0
3532,0,0,488,0,725,741,46,-36,5,68,0
3536,0,0,488,0,725,742,46,-36,5,68,0
3540,0,0,488,0,726,742,46,-36,5,64,0
3544,0,0,488,0,726,742,46,-36,5,68,0
3548,0,0,487,0,726,742,46,-35,5,60,0
3552,0,0,487,0,726,742,46,-35,5,60,0
3556,0,0,488,0,727,742,46,-35,5,53,0
3560,0,0,488,0,727,743,46,-35,5,57,0
3564,0,0,488,0,727,743,46,-35,5,53,0
3568,0,0,488,0,727,743,46,-35,5,53,0
3572,0,0,488,0,727,743,46,-35,5,53,0
3576,0,0,488,0,727,743,46,-34,6,46,0
3580,0,0,487,0,728,744,46,-34,6,46,0
3584,0,0,488,0,728,744,46,-34,6,46,0
3588,0,0,487,0,728,744,46,-34,6,46,0
3592,0,0,487,0,728,744,46,-34,6,46,0
3596,0,0,487,0,728,744,46,-34,6,43,0
3600,0,0,487,0,728,744,46,-34,6,39,0
3604,0,0,487,0,729,744,46,-34,6,35,0
3608,0,0,487,0,729,744,46,-34,6,35,0
3612,0,0,487,0,729,744,46,-34,6,35,0
3616,0,0,487,0,729,744,46,-34,6,32,0
3620,0,0,487,0,729,744,46,-34,6,32,0
3624,0,0,487,0,729,745,46,-33,6,32,0
3628,0,0,487,0,729,745,46,-33,6,28,0
3632,0,0,487,0,729,745,47,-33,7,28,0
3636,0,0,486,0,729,745,47,-33,7,28,0
3640,0,0,486,0,729,745,47,-33,7,25,0
3644,0,0,486,0,729,745,47,-33,7,21,0
3648,0,0,487,0,729,745,47,-33,7,21,0
3652,0,0,486,0,730,745,47,-33,7,21,0
3656,0,0,487,0,730,745,47,-33,7,25,0
3660,0,0,487,0,730,745,47,-33,7,21,0
3664,0,0,487,0,730,745,47,-33,7,17,0
3668,0,0,487,0,730,745,47,-33,7,17,0
3672,0,0,487,0,730,745,47,-33,7,17,0
3676,0,0,487,0,730,745,47,-33,7,17,0
3680,0,0,487,0,730,745,47,-33,7,17,0
3684,0,0,487,0,730,745,47,-33,7,10,0
3688,0,0,487,0,730,745,47,-32,7,10,0
3692,0,0,487,0,730,746,47,-32,7,10,0
3696,0,0,487,0,731,746,47,-32,7,14,0
3700,0,0,486,0,731,746,47,-32,7,17,0
3704,0,0,486,0,731,746,47,-32,7,17,0
3708,0,0,486,0,731,746,47,-31,8,14,0
3712,0,0,486,0,731,746,47,-31,8,14,0
3716,0,0,486,0,731,746,47,-31,8,14,0
3720,0,0,485,0,731,746,47,-31,8,14,0
3724,0,0,485,0,731,746,47,-30,8,14,0
3728,0,0,486,0,731,746,47,-30,8,10,0
3732,0,0,486,0,731,746,47,-30,8,10,0
3736,0,0,485,0,731,746,47,-30,8,10,0
3740,0,0,485,0,731,746,47,-29,9,10,0
3744,0,0,485,0,731,746,47,-29,9,10,0
3748,0,0,485,0,731,746,47,-28,9,10,0
3752,0,0,485,0,731,746,47,-28,9,10,0
3756,0,0,484,0,731,746,47,-27,10,7,0
3760,0,0,483,0,731,746,48,-27,10,7,0
3764,0,0,484,0,731,746,48,-26,11,7,0
3768,0,0,484,0,731,746,48,-26,11,7,0
3772,0,0,484,0,731,746,48,-25,11,7,0
3776,0,0,484,0,731,746,48,-25,11,7,0
3780,0,0,485,0,731,746,48,-24,12,7,0
3784,0,0,484,0,731,746,48,-24,12,7,0
3788,0,0,484,0,731,746,48,-23,12,7,0
3792,0,0,484,0,731,746,48,-23,12,7,0
3796,0,0,484,0,731,746,48,-22,13,3,0
3800,0,0,484,0,731,746,48,-22,13,0,0
3804,0,0,485,0,731,746,48,-21,13,0,0
3808,0,0,484,0,731,746,48,-20,14,0,0
3812,0,0,484,0,731,746,48,-20,14,0,0
3816,0,0,484,0,731,746,48,-19,14,0,0
3820,0,0,484,0,731,746,48,-19,14,0,0
3824,0,0,485,0,731,746,48,-18,15,0,0
3828,0,0,484,0,731,746,48,-18,15,0,0
3832,0,0,484,0,731,746,48,-17,15,0,0
3836,0,0,485,0,731,746,48,-17,15,0,0
3840,0,0,483,0,731,746,48,-16,16,0,0
3844,0,0,484,0,731,746,48,-16,16,0,0
3848,0,0,483,0,731,746,48,-15,16,0,0
3852,0,0,484,0,731,746,48,-14,17,0,0
3856,0,0,484,0,731,746,48,-14,17,0,0
3860,0,0,484,0,731,746,48,-13,17,0,0
3864,0,0,484,0,731,746,48,-13,17,0,0
3868,0,0,484,0,731,746,48,-12,18,0,0
3872,0,0,484,0,731,746,48,-12,18,0,0
3876,0,0,484,0,731,746,48,-11,18,0,0
3880,0,0,483,0,731,746,48,-11,18,0,0
3884,0,0,483,0,731,746,48,-10,19,0,0
3888,0,0,483,0,731,746,48,-10,19,0,0
3892,0,0,483,0,731,746,49,-9,20,0,0
3896,0,0,484,0,731,746,48,-8,20,0,0
3900,0,0,484,0,731,746,48,-8,20,0,0
3904,0,0,484,0,731,746,48,-7,20,0,0
3908,0,0,484,0,731,746,48,-7,20,0,0
3912,0,0,485,0,731,746,48,-6,21,0,0
3916,0,0,484,0,731,746,48,-6,21,0,0
3920,0,0,483,0,731,746,48,-5,21,0,0
3924,0,0,483,0,731,746,48,-5,21,0,0
3928,0,0,483,0,731,746,49,-4,22,0,0
3932,0,0,484,0,731,746,48,-4,22,0,0
3936,0,0,484,0,731,746,48,-3,22,0,0
3940,0,0,483,0,731,746,49,-2,23,0,0
3944,0,0,484,0,731,746,49,-2,23,0,0
3948,0,0,483,0,731,746,49,-1,24,0,0
3952,0,0,483,0,731,746,49,-1,24,0,0
3956,0,0,483,0,731,746,49,0,24,0,0
3960,0,0,483,0,731,746,49,0,24,0,0
3964,0,0,484,0,731,746,49,0,24,0,0
3968,0,0,484,0,731,746,49,0,24,0,0
3972,0,0,484,0,731,746,49,1,25,0,0
3976,0,0,484,0,731,746,49,1,25,0,0
3980,0,0,484,0,731,746,49,2,25,0,0
3984,0,0,484,0,731,746,48,3,25,0,0
3988,0,0,484,0,731,746,48,3,25,0,0
3992,0,0,484,0,731,746,48,4,26,0,0
3996,0,0,484,0,731,746,48,4,26,0,0
4000,0,0,484,0,731,746,48,5,26,0,0
4004,0,0,483,0,731,746,48,5,26,0,0
4008,0,0,484,0,731,746,48,6,27,0,0
4012,0,0,483,0,731,746,49,6,27,0,0
4016,0,0,484,0,731,746,48,7,27,0,0
4020,0,0,483,0,731,746,49,7,28,0,0
4024,0,0,484,0,731,746,49,8,28,0,0
4028,0,0,483,0,731,746,49,9,29,0,0
4032,0,0,483,0,731,746,49,9,29,0,0
4036,0,0,484,0,731,746,49,10,29,0,0
4040,0,0,484,0,731,746,49,10,29,0,0
4044,0,0,484,0,731,746,49,11,30,0,0
4048,0,0,484,0,731,746,48,11,29,0,0
4052,0,0,484,0,731,746,48,12,30,0,0
4056,0,0,484,0,731,746,48,12,30,0,0
4060,0,0,484,0,731,746,48,13,30,0,0
4064,0,0,485,0,730,746,48,13,30,0,0
4068,0,0,485,0,730,746,48,14,31,-3,0
4072,0,0,485,0,730,746,48,15,31,-3,0
4076,0,0,485,0,730,746,48,15,31,-3,0
4080,0,0,484,0,730,746,48,16,32,-3,0
4084,0,0,484,0,730,746,48,16,32,-3,0
4088,0,0,484,0,730,746,48,17,32,-3,0
4092,0,0,484,0,729,746,48,17,32,-3,0
4096,0,0,484,0,729,746,48,18,33,-7,0
4100,0,0,484,0,729,746,48,18,33,-7,0
4104,0,0,484,0,729,746,48,19,33,-7,0
4108,0,0,485,0,729,746,48,19,33,-7,0
4112,0,0,485,0,728,746,48,20,34,-7,0
4116,0,0,485,0,728,746,48,21,34,-10,0
4120,0,0,485,0,728,746,48,21,34,-10,0
4124,0,0,485,0,727,746,48,22,35,-10,0
4128,0,0,485,0,727,746,48,22,35,-14,0
4132,0,0,485,0,727,746,48,23,35,-14,0
4136,0,0,485,0,726,746,48,23,35,-14,0
4140,0,0,485,0,726,746,48,24,36,-17,0
4144,0,0,486,0,725,746,48,24,36,-17,0
4148,0,0,485,0,725,745,48,25,36,-21,0
4152,0,0,486,0,724,745,48,25,36,-25,0
4156,0,0,486,0,724,745,48,26,37,-28,0
4160,0,0,485,0,723,745,48,26,37,-28,0
4164,0,0,485,0,723,744,48,27,37,-32,0
4168,0,0,485,0,722,744,48,27,37,-32,0
4172,0,0,485,0,721,744,48,28,38,-35,0
4176,0,0,485,0,721,744,48,28,38,-39,0
4180,0,0,485,0,720,743,48,29,38,-39,0
4184,0,0,486,0,720,743,48,29,38,-46,0
4188,0,0,485,0,719,742,48,30,39,-46,0
4192,0,0,484,0,719,742,48,30,39,-53,0
4196,0,0,484,0,718,742,48,30,39,-50,0
4200,0,0,484,0,717,741,48,31,39,-53,0
4204,0,0,484,0,717,741,48,31,39,-60,0
4208,0,0,484,0,716,741,48,31,39,-60,0
4212,0,0,484,0,715,740,48,32,40,-68,0
4216,0,0,484,0,715,740,48,32,40,-68,0
4220,0,0,483,0,714,740,48,32,40,-68,0
4224,0,0,484,0,713,739,48,33,40,-71,0
4228,0,0,484,0,713,739,48,33,40,-75,0
4232,0,0,483,0,712,738,48,33,40,-75,0
4236,0,0,483,0,711,738,48,34,41,-82,0
4240,0,0,482,0,711,738,48,34,41,-82,0
4244,0,0,483,0,710,737,48,34,41,-82,0
4248,0,0,483,0,709,737,49,34,41,-85,0
4252,0,0,483,0,709,736,49,35,42,-85,0
4256,0,0,483,0,708,736,49,35,42,-86,0
4260,0,0,483,0,707,736,49,35,42,-89,0
4264,0,0,482,0,706,736,49,35,42,-89,0
4268,0,0,482,0,706,736,49,36,42,-89,0
4272,0,0,482,0,705,736,49,36,42,-85,0
4276,0,0,482,0,705,735,49,36,42,-86,0
4280,0,0,482,0,704,735,49,37,43,-89,0
4284,0,0,483,0,704,735,49,37,43,-85,0
4288,0,0,482,0,703,735,49,37,43,-85,0
4292,0,0,482,0,703,735,49,37,43,-82,0
4296,0,0,482,0,702,736,49,38,43,-82,0
4300,0,0,482,0,702,736,49,38,43,-78,0
4304,0,0,482,0,701,736,49,38,43,-71,0
4308,0,0,481,0,701,736,49,39,44,-75,0
4312,0,0,481,0,700,736,49,39,44,-68,0
4316,0,0,482,0,700,736,49,39,44,-68,0
4320,0,0,481,0,699,736,49,40,44,-68,0
4324,0,0,481,0,699,736,49,40,44,-68,0
4328,0,0,481,0,699,736,50,40,45,-60,0
4332,0,0,481,0,699,736,50,41,45,-60,0
4336,0,0,481,0,698,736,50,41,45,-53,0
4340,0,0,481,0,698,736,50,42,46,-53,0
4344,0,0,481,0,698,736,50,42,46,-53,0
4348,0,0,480,0,697,736,50,43,46,-50,0
4352,0,0,480,0,697,736,50,43,46,-46,0
4356,0,0,480,0,697,736,50,43,46,-43,0
4360,0,0,480,0,696,736,50,44,47,-39,0
4364,0,0,481,0,696,736,50,44,47,-39,0
4368,0,0,480,0,696,736,50,45,47,-35,0
4372,0,0,480,0,696,736,50,45,47,-35,0
4376,0,0,480,0,695,736,50,46,48,-32,0
4380,0,0,480,0,695,736,50,46,48,-32,0
4384,0,0,480,0,695,736,50,47,48,-28,0
4388,0,0,479,0,695,736,50,47,48,-28,0
4392,0,0,479,0,695,736,50,48,49,-25,0
4396,0,0,480,0,695,736,50,48,49,-25,0
4400,0,0,480,0,694,737,50,49,49,-25,0
4404,0,0,480,0,694,737,50,49,49,-25,0
4408,0,0,481,0,694,737,50,50,50,-21,0
4412,0,0,480,0,694,737,50,50,50,-21,0
4416,0,0,481,0,694,737,50,51,50,-17,0
4420,0,0,481,0,694,737,50,52,51,-17,0
4424,0,0,481,0,694,738,50,52,51,-14,0
4428,0,0,480,0,694,738,50,53,51,-10,0
4432,0,0,480,0,694,738,50,53,51,-10,0
4436,0,0,481,0,694,738,50,53,51,-10,0
4440,0,0,480,0,694,738,50,54,52,-7,0
4444,0,0,480,0,694,738,50,54,52,-7,0
4448,0,0,480,0,694,739,50,55,52,-3,0
4452,0,0,480,0,694,739,50,55,52,0,0
4456,0,0,480,0,694,739,50,55,52,0,0
4460,0,0,480,0,694,740,50,55,52,0,0
4464,0,0,480,0,694,740,50,55,52,7,0
4468,0,0,480,0,694,740,50,55,52,7,0
4472,0,0,479,0,694,741,51,55,53,7,0
4476,0,0,479,0,694,741,51,56,53,10,0
4480,0,0,479,0,694,742,51,56,53,14,0
4484,0,0,480,0,694,742,51,55,53,17,0
4488,0,0,480,0,694,742,51,55,53,17,0
4492,0,0,479,0,694,743,51,55,53,17,0
4496,0,0,479,0,694,743,51,55,53,21,0
4500,0,0,480,0,694,744,51,55,53,21,0
4504,0,0,479,0,694,744,51,55,53,25,0
4508,0,0,479,0,694,744,51,54,52,25,0
4512,0,0,479,0,694,745,51,54,52,25,0
4516,0,0,480,0,694,745,51,54,52,28,0
4520,0,0,479,0,694,746,51,53,52,28,0
4524,0,0,480,0,694,746,51,53,52,32,0
4528,0,0,479,0,694,746,51,52,51,28,0
4532,0,0,479,0,694,746,51,52,51,28,0
4536,0,0,479,0,694,747,51,51,51,28,0
4540,0,0,479,0,694,747,51,51,51,32,0
4544,0,0,480,0,694,747,51,51,51,32,0
4548,0,0,479,0,694,748,51,50,50,32,0
4552,0,0,479,0,693,748,51,50,50,32,0
4556,0,0,479,0,693,748,51,49,50,28,0
4560,0,0,479,0,693,748,51,49,50,28,0
4564,0,0,479,0,693,748,51,49,50,25,0
4568,0,0,478,0,693,748,51,48,49,25,0
4572,0,0,478,0,694,749,51,48,49,25,0
4576,0,0,480,0,694,749,51,48,49,28,0
4580,0,0,478,0,694,749,51,48,49,28,0
4584,0,0,478,0,694,749,51,47,49,25,0
4588,0,0,478,0,694,749,51,47,49,25,0
4592,0,0,479,0,694,749,51,47,49,25,0
4596,0,0,478,0,694,749,51,47,49,21,0
4600,0,0,477,0,694,750,51,47,49,21,0
4604,0,0,478,0,694,750,51,47,49,21,0
4608,0,0,478,0,694,750,51,47,49,21,0
4612,0,0,478,0,694,750,51,47,49,21,0
4616,0,0,478,0,694,750,51,46,48,17,0
4620,0,0,477,0,694,750,52,46,49,17,0
4624,0,0,477,0,694,750,52,46,49,14,0
4628,0,0,477,0,694,751,52,46,49,14,0
4632,0,0,477,0,694,751,52,46,49,17,0
4636,0,0,477,0,694,751,52,46,49,17,0
4640,0,0,477,0,694,751,52,46,49,14,0
4644,0,0,477,0,694,752,52,46,49,14,0
4648,0,0,477,0,694,752,52,46,49,17,0
4652,0,0,477,0,694,752,52,46,49,14,0
4656,0,0,477,0,694,752,52,45,48,17,0
4660,0,0,476,0,694,752,52,45,48,17,0
4664,0,0,476,0,694,753,52,45,48,17,0
4668,0,0,476,0,694,753,52,45,48,21,0
4672,0,0,476,0,694,754,52,44,48,21,0
4676,0,0,477,0,694,754,52,44,48,17,0
4680,0,0,476,0,694,754,52,44,48,17,0
4684,0,0,476,0,694,754,52,43,47,17,0
4688,0,0,476,0,694,755,52,43,47,21,0
4692,0,0,476,0,695,755,52,43,47,21,0
4696,0,0,476,0,695,756,52,42,47,28,0
4700,0,0,476,0,695,756,52,42,47,28,0
4704,0,0,475,0,695,757,53,41,47,25,0
4708,0,0,475,0,695,757,53,41,47,28,0
4712,0,0,475,0,696,758,53,41,47,28,0
4716,0,0,475,0,696,758,53,40,46,35,0
4720,0,0,474,0,696,759,53,40,46,35,0
4724,0,0,475,0,697,760,53,40,46,39,0
4728,0,0,474,0,697,760,53,39,46,46,0
4732,0,0,474,0,698,761,53,39,46,43,0
4736,0,0,474,0,698,762,53,39,46,50,0
4740,0,0,474,0,699,763,53,38,45,53,0
4744,0,0,474,0,699,764,53,38,45,60,0
4748,0,0,474,0,700,764,53,38,45,60,0
4752,0,0,474,0,701,765,53,38,45,64,0
4756,0,0,474,0,701,766,53,37,45,75,0
4760,0,0,473,0,702,767,54,37,45,78,0
4764,0,0,473,0,703,768,54,37,45,85,0
4768,0,0,473,0,704,770,54,37,45,85,0
4772,0,0,473,0,704,771,54,37,45,96,0
4776,0,0,473,0,705,772,54,37,45,100,0
4780,0,0,474,0,706,774,54,37,45,107,0
4784,0,0,475,0,707,775,54,36,45,114,0
4788,0,0,475,0,707,776,54,36,45,118,0
4792,0,0,475,0,708,778,54,36,45,121,0
4796,0,0,476,0,709,779,54,36,45,125,0
4800,0,0,476,0,709,781,54,36,45,132,0
4804,0,0,476,0,710,782,53,36,44,143,0
4808,0,0,477,0,711,783,53,36,44,143,0
4812,0,0,476,0,712,785,53,36,44,154,0
4816,0,0,476,0,712,786,53,36,44,154,0
4820,0,0,477,0,713,787,53,36,44,157,0
4824,0,0,476,0,714,789,53,36,44,164,0
4828,0,0,476,0,715,790,53,36,44,164,0
4832,0,0,476,0,716,792,53,35,44,171,0
4836,0,0,476,0,717,793,53,35,44,175,0
4840,0,0,476,0,717,794,53,35,44,179,0
4844,0,0,477,0,718,796,53,35,44,175,0
4848,0,0,478,0,719,798,53,35,44,182,0
4852,0,0,479,0,720,799,53,35,44,189,0
4856,0,0,481,0,721,801,52,35,43,186,0
4860,0,0,483,0,722,802,52,35,43,193,0
4864,0,0,486,0,723,804,52,35,43,193,0
4868,0,0,491,0,724,806,51,35,43,200,0
4872,0,0,494,0,725,807,50,35,42,200,0
4876,0,0,499,0,726,809,49,34,41,200,0
4880,0,0,502,0,727,810,48,34,41,204,0
4884,0,0,505,0,728,812,47,34,40,204,0
4888,0,0,512,0,729,814,45,34,39,207,0
4892,0,0,515,0,730,815,44,34,39,214,0
4896,0,0,519,0,731,817,42,34,38,211,0
4900,0,0,527,0,732,818,41,34,37,214,0
4904,0,0,532,0,733,820,39,34,36,211,0
4908,0,0,537,0,734,822,37,34,35,218,0
4912,0,0,548,0,735,823,34,34,34,218,0
4916,0,0,555,0,736,825,32,34,33,218,0
4920,0,0,568,0,737,827,29,33,31,225,0
4924,0,0,575,0,738,828,26,33,29,225,0
4928,0,0,582,0,740,830,23,33,28,229,0
4932,0,0,595,0,741,832,19,33,26,232,0
4936,0,0,601,0,742,834,15,33,24,232,0
4940,0,0,606,0,743,835,12,33,22,236,0
4944,0,0,615,0,744,837,8,33,20,240,0
4948,0,0,619,0,746,838,5,33,19,243,0
4952,0,0,624,0,747,840,1,33,17,240,0
4956,0,0,626,0,748,842,-1,33,16,243,0
4960,0,0,628,0,749,844,-4,33,14,243,0
4964,0,0,631,0,751,845,-7,33,13,247,0
4968,0,0,632,0,752,847,-9,33,12,247,0
4972,0,0,632,0,753,849,-12,33,10,247,0
4976,0,0,634,0,755,850,-14,33,9,250,0
4980,0,0,633,0,756,852,-16,33,8,250,0
4984,0,0,633,0,757,854,-18,33,7,254,0
4988,0,0,631,0,759,856,-19,33,7,254,0
4992,0,0,629,0,760,857,-20,33,6,257,0
4996,0,0,624,0,761,859,-21,33,6,257,0
5000,0,0,619,0,763,860,-21,33,6,261,0
5004,0,0,613,0,765,862,-22,33,5,261,0
5008,0,0,598,0,766,864,-21,33,6,265,0
5012,0,0,590,0,768,866,-20,33,6,265,0
5016,0,0,581,0,769,867,-18,33,7,272,0
5020,0,0,565,0,771,869,-16,33,8,268,0
5024,0,0,557,0,772,871,-13,33,10,272,0
5028,0,0,549,0,774,872,-11,33,11,272,0
5032,0,0,533,0,775,874,-7,33,13,272,0
5036,0,0,526,0,777,876,-4,33,14,272,0
5040,0,0,515,0,779,878,0,33,16,275,0
5044,0,0,510,0,780,879,2,33,17,283,0
5048,0,0,505,0,782,881,6,33,19,279,0
5052,0,0,497,0,784,883,9,33,21,283,0
5056,0,0,494,0,785,884,12,33,22,286,0
5060,0,0,491,0,787,886,16,33,24,286,0
5064,0,0,487,0,789,888,19,33,26,286,0
5068,0,0,486,0,790,890,22,33,27,290,0
5072,0,0,485,0,792,892,24,33,28,290,0
5076,0,0,484,0,794,894,27,33,30,293,0
5080,0,0,483,0,795,896,29,33,31,297,0
5084,0,0,484,0,797,897,31,33,32,297,0
5088,0,0,484,0,799,899,33,33,33,300,0
5092,0,0,483,0,801,901,34,33,33,297,0
5096,0,0,484,0,802,903,36,33,34,304,0
5100,0,0,485,0,804,905,37,33,35,301,0
5104,0,0,485,0,806,907,38,33,35,308,0
5108,0,0,485,0,807,909,39,33,36,308,0
5112,0,0,485,0,809,911,40,33,36,308,0
5116,0,0,485,0,811,913,41,33,37,308,0
5120,0,0,484,0,813,914,41,33,37,315,0
5124,0,0,484,0,814,917,42,33,37,315,0
5128,0,0,484,0,816,918,43,33,38,318,0
5132,0,0,483,0,818,921,43,33,38,318,0
5136,0,0,483,0,819,923,44,33,38,322,0
5140,0,0,483,0,821,925,44,33,38,322,0
5144,0,0,482,0,823,927,45,33,39,318,0
5148,0,0,483,0,825,929,45,33,39,322,0
5152,0,0,483,0,826,931,46,33,39,326,0
5156,0,0,483,0,828,933,46,33,39,326,0
5160,0,0,483,0,830,935,46,33,39,326,0
5164,0,0,483,0,831,937,47,33,40,329,0
5168,0,0,483,0,833,939,47,33,40,329,0
5172,0,0,483,0,835,941,47,33,40,329,0
5176,0,0,483,0,837,943,47,33,40,329,0
5180,0,0,483,0,838,945,47,33,40,333,0
5184,0,0,483,0,840,948,47,33,40,336,0
5188,0,0,483,0,842,950,48,33,40,333,0
5192,0,0,482,0,843,952,48,33,40,336,0
5196,0,0,483,0,845,954,48,33,40,333,0
5200,0,0,482,0,846,956,48,33,40,336,0
5204,0,0,482,0,848,958,48,33,40,336,0
5208,0,0,482,0,850,960,48,33,40,333,0
5212,0,0,483,0,851,962,48,33,40,336,0
5216,0,0,483,0,853,964,48,33,40,333,0
5220,0,0,483,0,855,966,48,33,40,333,0
5224,0,0,483,0,856,968,49,33,41,333,0
5228,0,0,483,0,858,970,49,33,41,329,0
5232,0,0,483,0,859,972,49,33,41,333,0
5236,0,0,483,0,861,974,49,33,41,333,0
5240,0,0,483,0,863,976,49,33,41,333,0
5244,0,0,483,0,864,978,49,33,41,336,0
5248,0,0,483,0,866,980,49,33,41,333,0
5252,0,0,483,0,867,982,49,33,41,333,0
5256,0,0,482,0,869,984,49,33,41,329,0
5260,0,0,482,0,870,987,49,33,41,333,0
5264,0,0,483,0,871,989,49,33,41,329,0
5268,0,0,482,0,873,991,49,33,41,329,0
5272,0,0,483,0,874,993,49,33,41,329,0
5276,0,0,483,0,876,995,49,33,41,329,0
5280,0,0,483,0,877,997,49,33,41,322,0
5284,0,0,484,0,879,999,49,33,41,318,0
5288,0,0,485,0,880,1001,49,33,41,322,0
5292,0,0,485,0,882,1003,49,33,41,318,0
5296,0,0,485,0,883,1005,49,33,41,322,0
5300,0,0,485,0,885,1007,48,33,40,318,0
5304,0,0,485,0,886,1009,48,33,40,318,0
5308,0,0,485,0,887,1011,48,33,40,318,0
5312,0,0,485,0,889,1013,48,33,40,315,0
5316,0,0,485,0,890,1015,48,33,40,318,0
5320,0,0,485,0,891,1017,48,33,40,315,0
5324,0,0,485,0,892,1019,48,33,40,311,0
5328,0,0,485,0,893,1021,48,33,40,311,0
5332,0,0,484,0,895,1023,48,33,40,308,0
5336,0,0,485,0,896,1025,48,32,40,308,0
5340,0,0,485,0,897,1027,48,32,40,304,0
5344,0,0,485,0,898,1028,48,32,40,301,0
5348,0,0,485,0,899,1030,48,32,40,301,0
5352,0,0,485,0,900,1032,48,32,40,297,0
5356,0,0,485,0,901,1034,48,32,40,297,0
5360,0,0,485,0,903,1036,48,32,40,293,0
5364,0,0,485,0,904,1038,48,32,40,297,0
5368,0,0,484,0,905,1040,48,32,40,290,0
5372,0,0,484,0,906,1042,48,32,40,290,0
5376,0,0,484,0,907,1044,48,32,40,286,0
5380,0,0,484,0,908,1046,48,32,40,286,0
5384,0,0,484,0,909,1047,48,32,40,286,0
5388,0,0,484,0,910,1049,48,32,40,283,0
5392,0,0,484,0,911,1051,48,32,40,279,0
5396,0,0,484,0,912,1053,48,32,40,275,0
5400,0,0,484,0,913,1054,48,32,40,275,0
5404,0,0,484,0,914,1056,48,31,39,272,0
5408,0,0,484,0,915,1058,48,31,39,268,0
5412,0,0,484,0,916,1060,48,31,39,268,0
5416,0,0,484,0,917,1062,48,31,39,265,0
5420,0,0,483,0,918,1064,48,31,39,265,0
5424,0,0,483,0,919,1066,48,31,39,265,0
5428,0,0,482,0,920,1067,48,31,39,265,0
5432,0,0,482,0,921,1069,49,31,40,261,0
5436,0,0,482,0,922,1071,49,31,40,258,0
5440,0,0,482,0,923,1072,49,31,40,257,0
5444,0,0,483,0,924,1074,49,31,40,257,0
5448,0,0,482,0,925,1076,49,31,40,254,0
5452,0,0,482,0,926,1078,49,31,40,254,0
5456,0,0,482,0,927,1080,49,30,39,254,0
5460,0,0,482,0,928,1082,49,30,39,254,0
5464,0,0,482,0,929,1084,49,30,39,250,0
5468,0,0,481,0,930,1086,49,30,39,254,0
5472,0,0,481,0,931,1088,49,30,39,254,0
5476,0,0,481,0,932,1089,49,30,39,254,0
5480,0,0,480,0,933,1091,49,30,39,254,0
5484,0,0,481,0,935,1093,49,30,39,254,0
5488,0,0,481,0,936,1095,50,30,40,254,0
5492,0,0,481,0,937,1097,50,30,40,257,0
5496,0,0,481,0,938,1099,50,30,40,257,0
5500,0,0,481,0,939,1101,50,30,40,258,0
5504,0,0,481,0,940,1102,50,29,39,257,0
5508,0,0,481,0,941,1104,50,29,39,261,0
5512,0,0,481,0,943,1106,50,29,39,265,0
5516,0,0,480,0,944,1109,50,29,39,265,0
5520,0,0,480,0,945,1111,50,29,39,265,0
5524,0,0,480,0,946,1113,50,29,39,265,0
5528,0,0,480,0,948,1115,50,29,39,265,0
5532,0,0,479,0,949,1117,50,29,39,272,0
5536,0,0,479,0,950,1119,50,29,39,272,0
5540,0,0,479,0,952,1121,50,29,39,272,0
5544,0,0,479,0,953,1123,50,29,39,275,0
5548,0,0,480,0,954,1125,50,29,39,279,0
5552,0,0,480,0,956,1127,50,29,39,283,0
5556,0,0,480,0,957,1130,50,28,39,286,0
5560,0,0,479,0,959,1132,50,28,39,286,0
5564,0,0,480,0,960,1134,51,28,39,290,0
5568,0,0,479,0,962,1136,51,28,39,290,0
5572,0,0,479,0,963,1139,51,28,39,293,0
5576,0,0,479,0,965,1141,51,28,39,297,0
5580,0,0,479,0,966,1143,51,28,39,300,0
5584,0,0,479,0,968,1146,51,28,39,308,0
5588,0,0,479,0,970,1148,51,28,39,308,0
5592,0,0,479,0,971,1150,51,28,39,311,0
5596,0,0,479,0,973,1153,51,28,39,311,0
5600,0,0,479,0,975,1155,51,28,39,318,0
5604,0,0,480,0,976,1158,51,28,39,322,0
5608,0,0,480,0,978,1160,51,28,39,326,0
5612,0,0,480,0,980,1162,51,28,39,326,0
5616,0,0,480,0,982,1165,51,27,39,329,0
5620,0,0,480,0,983,1167,51,27,39,336,0
5624,0,0,482,0,985,1170,51,27,39,340,0
5628,0,0,482,0,987,1172,50,27,38,343,0
5632,0,0,485,0,989,1175,50,27,38,343,0
5636,0,0,497,0,990,1177,49,27,38,351,0
5640,0,0,506,0,992,1180,48,27,37,358,0
5644,0,0,527,0,994,1182,46,27,36,354,0
5648,0,0,540,0,996,1185,43,27,35,358,0
5652,0,0,553,0,997,1188,40,27,33,361,0
5656,0,0,581,0,999,1190,35,27,31,365,0
5660,0,0,593,0,1001,1192,30,27,28,365,0
5664,0,0,605,0,1003,1195,25,27,26,365,0
5668,0,0,620,0,1005,1197,20,27,23,372,0
5672,0,0,623,0,1007,1200,15,27,21,376,0
5676,0,0,626,0,1008,1202,11,27,19,376,0
5680,0,0,628,0,1010,1205,6,27,16,376,0
5684,0,0,628,0,1012,1207,3,27,15,372,0
5688,0,0,628,0,1014,1210,0,27,13,379,0
5692,0,0,628,0,1015,1212,-3,27,12,379,0
5696,0,0,628,0,1017,1214,-6,27,10,383,0
5700,0,0,628,0,1019,1217,-8,27,9,379,0
5704,0,0,628,0,1021,1219,-10,27,8,379,0
5708,0,0,629,0,1023,1222,-12,27,7,379,0
5712,0,0,629,0,1024,1224,-14,27,6,383,0
5716,0,0,629,0,1026,1226,-16,27,5,383,0
5720,0,0,629,0,1028,1229,-18,27,4,376,0
5724,0,0,629,0,1030,1231,-19,26,3,379,0
5728,0,0,629,0,1032,1233,-20,26,3,379,0
5732,0,0,629,0,1033,1236,-21,26,2,379,0
5736,0,0,629,0,1035,1238,-22,26,2,379,0
5740,0,0,630,0,1037,1240,-23,26,1,372,0
5744,0,0,629,0,1039,1242,-24,26,1,376,0
5748,0,0,629,0,1041,1244,-25,26,0,376,0
5752,0,0,629,0,1043,1246,-25,26,0,372,0
5756,0,0,629,0,1044,1249,-26,26,0,372,0
5760,0,0,629,0,1046,1251,-26,26,0,372,0
5764,0,0,629,0,1048,1253,-27,26,0,372,0
5768,0,0,629,0,1050,1255,-27,26,0,369,0
5772,0,0,630,0,1052,1258,-28,26,-1,369,0
5776,0,0,630,0,1054,1260,-28,26,-1,369,0
5780,0,0,629,0,1055,1262,-28,26,-1,369,0
5784,0,0,630,0,1057,1264,-29,26,-1,369,0
5788,0,0,629,0,1059,1266,-29,26,-1,361,0
5792,0,0,629,0,1061,1268,-29,26,-1,361,0
5796,0,0,629,0,1063,1270,-29,26,-1,361,0
5800,0,0,629,0,1065,1272,-30,26,-2,361,0
5804,0,0,629,0,1067,1274,-30,26,-2,361,0
5808,0,0,629,0,1069,1277,-30,26,-2,361,0
5812,0,0,629,0,1070,1278,-30,26,-2,361,0
5816,0,0,630,0,1072,1281,-30,26,-2,361,0
5820,0,0,629,0,1074,1283,-30,26,-2,365,0
5824,0,0,629,0,1076,1285,-30,26,-2,358,0
5828,0,0,629,0,1078,1287,-30,26,-2,358,0
5832,0,0,629,0,1080,1289,-30,26,-2,358,0
5836,0,0,630,0,1082,1291,-31,26,-2,354,0
5840,0,0,629,0,1084,1293,-31,26,-2,358,0
5844,0,0,630,0,1086,1295,-31,26,-2,358,0
5848,0,0,630,0,1088,1297,-31,26,-2,358,0
5852,0,0,630,0,1090,1299,-31,26,-2,358,0
5856,0,0,630,0,1092,1301,-31,26,-2,358,0
5860,0,0,631,0,1094,1303,-31,26,-2,361,0
5864,0,0,630,0,1096,1305,-31,26,-2,361,0
5868,0,0,630,0,1098,1308,-31,26,-2,361,0
5872,0,0,630,0,1100,1310,-31,27,-2,358,0
5876,0,0,630,0,1102,1312,-31,27,-2,358,0
5880,0,0,630,0,1104,1314,-31,27,-2,358,0
5884,0,0,630,0,1106,1316,-31,27,-2,358,0
5888,0,0,631,0,1108,1318,-31,27,-2,361,0
5892,0,0,631,0,1110,1320,-32,27,-2,361,0
5896,0,0,631,0,1112,1322,-32,27,-2,361,0
5900,0,0,631,0,1114,1324,-32,27,-2,361,0
5904,0,0,632,0,1116,1326,-32,27,-2,361,0
5908,0,0,631,0,1118,1328,-32,27,-2,361,0
5912,0,0,631,0,1120,1330,-32,27,-2,358,0
5916,0,0,631,0,1122,1332,-32,27,-2,361,0
5920,0,0,631,0,1125,1334,-32,27,-2,361,0
5924,0,0,632,0,1127,1336,-32,27,-2,365,0
5928,0,0,632,0,1129,1338,-32,27,-2,365,0
5932,0,0,631,0,1131,1340,-32,27,-2,365,0
5936,0,0,632,0,1133,1341,-32,27,-2,365,0
5940,0,0,631,0,1135,1343,-32,27,-2,365,0
5944,0,0,632,0,1137,1345,-32,27,-2,365,0
5948,0,0,632,0,1139,1347,-32,27,-2,361,0
5952,0,0,632,0,1141,1349,-32,27,-2,361,0
5956,0,0,632,0,1143,1351,-32,27,-2,358,0
5960,0,0,631,0,1145,1353,-32,28,-2,358,0
5964,0,0,632,0,1147,1355,-32,28,-2,358,0
5968,0,0,632,0,1149,1357,-32,28,-2,358,0
5972,0,0,632,0,1151,1359,-32,28,-2,358,0
5976,0,0,633,0,1153,1360,-33,28,-2,358,0
5980,0,0,632,0,1155,1362,-33,28,-2,358,0
5984,0,0,633,0,1157,1364,-33,28,-2,354,0
5988,0,0,632,0,1159,1366,-33,28,-2,354,0
5992,0,0,631,0,1161,1368,-33,28,-2,354,0
5996,0,0,632,0,1162,1370,-33,28,-2,354,0
6000,0,0,631,0,1164,1372,-33,28,-2,354,0
6004,0,0,633,0,1166,1373,-33,28,-2,351,0
6008,0,0,632,0,1168,1375,-33,28,-2,347,0
6012,0,0,632,0,1170,1377,-33,28,-2,347,0
6016,0,0,632,0,1172,1378,-33,28,-2,344,0
6020,0,0,632,0,1174,1380,-33,28,-2,344,0
6024,0,0,632,0,1175,1382,-33,29,-2,340,0
6028,0,0,632,0,1177,1384,-33,29,-2,340,0
6032,0,0,632,0,1179,1385,-33,29,-2,336,0
6036,0,0,631,0,1181,1387,-33,29,-2,336,0
6040,0,0,631,0,1183,1389,-33,29,-2,333,0
6044,0,0,632,0,1184,1390,-33,29,-2,333,0
6048,0,0,632,0,1186,1392,-33,29,-2,329,0
6052,0,0,631,0,1188,1394,-33,29,-2,329,0
6056,0,0,632,0,1189,1395,-33,29,-2,329,0
6060,0,0,631,0,1191,1397,-33,29,-2,322,0
6064,0,0,632,0,1193,1398,-33,29,-2,322,0
6068,0,0,632,0,1194,1400,-33,29,-2,318,0
6072,0,0,632,0,1196,1402,-33,29,-2,318,0
6076,0,0,632,0,1198,1403,-33,29,-2,315,0
6080,0,0,631,0,1199,1404,-33,30,-1,311,0
6084,0,0,632,0,1201,1406,-33,30,-1,311,0
6088,0,0,632,0,1203,1408,-33,30,-1,308,0
6092,0,0,632,0,1204,1409,-33,30,-1,308,0
6096,0,0,632,0,1206,1410,-33,30,-1,300,0
6100,0,0,632,0,1207,1412,-33,30,-1,297,0
6104,0,0,632,0,1209,1414,-33,30,-1,297,0
6108,0,0,631,0,1210,1415,-33,30,-1,301,0
6112,0,0,632,0,1212,1416,-33,30,-1,293,0
6116,0,0,632,0,1213,1418,-33,30,-1,290,0
6120,0,0,631,0,1215,1419,-33,30,-1,286,0
6124,0,0,632,0,1216,1420,-33,30,-1,286,0
6128,0,0,632,0,1217,1422,-33,30,-1,283,0
6132,0,0,631,0,1219,1423,-33,30,-1,279,0
6136,0,0,631,0,1220,1424,-33,30,-1,275,0
6140,0,0,632,0,1221,1425,-33,30,-1,272,0
6144,0,0,632,0,1222,1425,-33,31,-1,265,0
6148,0,0,632,0,1223,1426,-33,31,-1,261,0
6152,0,0,634,0,1223,1426,-33,31,-1,254,0
6156,0,0,634,0,1224,1427,-33,31,-1,240,0
6160,0,0,634,0,1224,1427,-33,31,-1,240,0
6164,0,0,634,0,1225,1427,-33,31,-1,225,0
6168,0,0,634,0,1225,1427,-33,31,-1,218,0
6172,0,0,633,0,1225,1427,-33,31,-1,204,0
6176,0,0,633,0,1225,1427,-33,31,-1,193,0
6180,0,0,634,0,1225,1426,-33,32,0,182,0
6184,0,0,632,0,1225,1426,-33,32,0,168,0
6188,0,0,631,0,1225,1426,-33,32,0,157,0
6192,0,0,631,0,1224,1425,-33,32,0,143,0
6196,0,0,632,0,1224,1424,-33,32,0,129,0
6200,0,0,631,0,1223,1424,-33,32,0,114,0
6204,0,0,631,0,1222,1422,-33,32,0,100,0
6208,0,0,631,0,1221,1422,-33,32,0,75,0
6212,0,0,630,0,1220,1420,-33,32,0,60,0
6216,0,0,631,0,1219,1419,-33,32,0,43,0
6220,0,0,630,0,1217,1417,-33,32,0,21,0
6224,0,0,631,0,1215,1416,-33,33,0,0,0
6228,0,0,630,0,1214,1414,-32,33,0,-21,0
6232,0,0,630,0,1212,1413,-32,33,0,-39,0
6236,0,0,631,0,1211,1412,-32,33,0,-60,0
6240,0,0,630,0,1209,1410,-32,33,0,-82,0
6244,0,0,630,0,1207,1408,-32,33,0,-96,0
6248,0,0,630,0,1205,1407,-32,33,0,-114,0
6252,0,0,629,0,1204,1406,-32,33,0,-132,0
6256,0,0,630,0,1203,1405,-32,33,0,-139,0
6260,0,0,630,0,1202,1404,-32,33,0,-154,0
6264,0,0,630,0,1201,1403,-32,33,0,-161,0
6268,0,0,630,0,1200,1403,-32,33,0,-172,0
6272,0,0,631,0,1200,1402,-32,34,1,-175,0
6276,0,0,631,0,1200,1402,-32,34,1,-179,0
6280,0,0,631,0,1199,1402,-32,33,0,-179,0
6284,0,0,631,0,1199,1402,-32,34,1,-179,0
6288,0,0,631,0,1199,1402,-32,34,1,-179,0
6292,0,0,631,0,1199,1402,-32,34,1,-179,0
6296,0,0,632,0,1200,1403,-32,34,1,-172,0
6300,0,0,632,0,1200,1404,-32,34,1,-161,0
6304,0,0,633,0,1200,1404,-32,34,1,-154,0
6308,0,0,634,0,1201,1405,-32,34,1,-143,0
6312,0,0,635,0,1201,1406,-33,34,0,-128,0
6316,0,0,635,0,1201,1407,-33,34,0,-118,0
6320,0,0,636,0,1202,1408,-33,34,0,-103,0
6324,0,0,637,0,1203,1409,-33,34,0,-85,0
6328,0,0,637,0,1203,1410,-34,34,0,-68,0
6332,0,0,637,0,1204,1411,-34,34,0,-53,0
6336,0,0,638,0,1205,1413,-34,34,0,-35,0
6340,0,0,638,0,1206,1414,-34,34,0,-10,0
6344,0,0,639,0,1207,1416,-34,34,0,3,0
6348,0,0,639,0,1208,1417,-35,34,0,28,0
6352,0,0,639,0,1209,1419,-35,34,0,46,0
6356,0,0,639,0,1210,1421,-35,34,0,64,0
6360,0,0,638,0,1211,1422,-35,34,0,82,0
6364,0,0,639,0,1213,1424,-35,34,0,100,0
6368,0,0,639,0,1214,1426,-35,34,0,118,0
6372,0,0,639,0,1215,1428,-36,34,-1,132,0
6376,0,0,639,0,1216,1430,-36,34,-1,146,0
6380,0,0,639,0,1217,1432,-36,34,-1,157,0
6384,0,0,640,0,1219,1434,-36,34,-1,172,0
6388,0,0,639,0,1220,1436,-36,34,-1,186,0
6392,0,0,640,0,1221,1438,-36,34,-1,197,0
6396,0,0,640,0,1223,1440,-36,34,-1,207,0
6400,0,0,640,0,1224,1442,-36,34,-1,214,0
6404,0,0,641,0,1225,1445,-36,34,-1,222,0
6408,0,0,641,0,1226,1446,-37,34,-1,236,0
6412,0,0,641,0,1227,1448,-37,34,-1,240,0
6416,0,0,641,0,1229,1450,-37,34,-1,243,0
6420,0,0,641,0,1229,1452,-37,33,-2,254,0
6424,0,0,643,0,1230,1454,-37,33,-2,254,0
6428,0,0,642,0,1231,1455,-37,33,-2,258,0
6432,0,0,643,0,1231,1456,-37,33,-2,261,0
6436,0,0,643,0,1232,1457,-38,33,-2,257,0
6440,0,0,644,0,1232,1458,-38,33,-2,254,0
6444,0,0,644,0,1232,1458,-38,33,-2,250,0
6448,0,0,645,0,1231,1458,-38,33,-2,240,0
6452,0,0,645,0,1231,1459,-38,33,-2,232,0
6456,0,0,645,0,1231,1458,-38,33,-2,222,0
6460,0,0,645,0,1230,1458,-39,32,-3,207,0
6464,0,0,645,0,1229,1458,-39,32,-3,193,0
6468,0,0,643,0,1228,1457,-39,32,-3,179,0
6472,0,0,642,0,1227,1456,-39,32,-3,161,0
6476,0,0,641,0,1226,1455,-39,32,-3,143,0
6480,0,0,638,0,1225,1454,-38,32,-3,125,0
6484,0,0,638,0,1223,1452,-38,32,-3,107,0
6488,0,0,636,0,1222,1451,-38,32,-3,78,0
6492,0,0,632,0,1220,1449,-37,32,-2,53,0
6496,0,0,631,0,1218,1447,-37,32,-2,35,0
6500,0,0,628,0,1216,1445,-36,31,-2,7,0
6504,0,0,623,0,1214,1443,-35,31,-2,-17,0
6508,0,0,620,0,1212,1441,-34,31,-1,-46,0
6512,0,0,617,0,1210,1439,-33,31,-1,-71,0
6516,0,0,611,0,1208,1437,-32,31,0,-93,0
6520,0,0,607,0,1206,1435,-31,31,0,-121,0
6524,0,0,602,0,1203,1432,-29,31,1,-146,0
6528,0,0,598,0,1201,1430,-28,31,1,-175,0
6532,0,0,594,0,1199,1428,-26,31,2,-197,0
6536,0,0,590,0,1196,1425,-25,31,3,-218,0
6540,0,0,586,0,1193,1422,-23,31,4,-243,0
6544,0,0,584,0,1191,1420,-21,31,5,-268,0
6548,0,0,579,0,1188,1417,-19,31,6,-283,0
6552,0,0,577,0,1186,1414,-18,31,6,-304,0
6556,0,0,573,0,1183,1412,-16,31,7,-322,0
6560,0,0,570,0,1181,1409,-14,31,8,-336,0
6564,0,0,569,0,1178,1406,-13,31,9,-354,0
6568,0,0,565,0,1175,1404,-11,31,10,-369,0
6572,0,0,564,0,1172,1400,-9,32,11,-383,0
6576,0,0,563,0,1169,1398,-8,32,12,-397,0
6580,0,0,560,0,1167,1394,-6,32,13,-412,0
6584,0,0,560,0,1164,1392,-5,32,13,-426,0
6588,0,0,559,0,1161,1389,-4,32,14,-430,0
6592,0,0,557,0,1158,1386,-2,32,15,-437,0
6596,0,0,556,0,1155,1383,-1,32,15,-447,0
6600,0,0,553,0,1152,1380,0,32,16,-458,0
6604,0,0,553,0,1149,1376,0,32,16,-462,0
6608,0,0,552,0,1146,1373,1,32,16,-472,0
6612,0,0,551,0,1143,1370,2,32,17,-480,0
6616,0,0,551,0,1140,1367,3,32,17,-487,0
6620,0,0,549,0,1137,1364,4,32,18,-494,0
6624,0,0,549,0,1134,1361,5,32,18,-498,0
6628,0,0,548,0,1131,1358,6,32,19,-505,0
6632,0,0,547,0,1128,1354,6,32,19,-508,0
6636,0,0,547,0,1125,1351,7,32,19,-516,0
6640,0,0,546,0,1122,1348,8,32,20,-519,0
6644,0,0,546,0,1119,1345,8,32,20,-519,0
6648,0,0,545,0,1116,1341,9,32,20,-530,0
6652,0,0,545,0,1113,1338,10,32,21,-530,0
6656,0,0,545,0,1110,1335,10,32,21,-533,0
6660,0,0,543,0,1107,1332,11,32,21,-537,0
6664,0,0,544,0,1104,1328,11,33,22,-541,0
6668,0,0,542,0,1101,1325,12,33,22,-544,0
6672,0,0,542,0,1098,1322,12,33,22,-544,0
6676,0,0,543,0,1095,1318,12,33,22,-548,0
6680,0,0,541,0,1091,1315,13,33,23,-551,0
6684,0,0,541,0,1088,1312,13,33,23,-551,0
6688,0,0,541,0,1085,1308,14,33,23,-555,0
6692,0,0,539,0,1082,1305,14,33,23,-559,0
6696,0,0,539,0,1079,1302,14,33,23,-562,0
6700,0,0,537,0,1076,1298,15,33,24,-558,0
6704,0,0,537,0,1073,1295,15,33,24,-566,0
6708,0,0,536,0,1069,1292,16,33,24,-562,0
6712,0,0,535,0,1066,1288,16,33,24,-569,0
6716,0,0,534,0,1063,1285,17,33,25,-569,0
6720,0,0,532,0,1060,1282,17,33,25,-569,0
6724,0,0,533,0,1057,1278,17,33,25,-569,0
6728,0,0,532,0,1054,1275,18,33,25,-569,0
6732,0,0,530,0,1051,1272,18,33,25,-576,0
6736,0,0,531,0,1047,1268,19,33,26,-576,0
6740,0,0,529,0,1044,1265,19,33,26,-576,0
6744,0,0,529,0,1041,1262,20,33,26,-576,0
6748,0,0,527,0,1038,1258,20,33,26,-576,0
6752,0,0,527,0,1035,1254,21,33,27,-576,0
6756,0,0,527,0,1032,1251,21,33,27,-580,0
6760,0,0,525,0,1029,1248,21,33,27,-584,0
6764,0,0,526,0,1025,1244,22,33,27,-580,0
6768,0,0,525,0,1022,1241,22,34,28,-584,0
6772,0,0,524,0,1019,1238,23,34,28,-584,0
6776,0,0,525,0,1016,1234,23,34,28,-580,0
6780,0,0,523,0,1013,1231,23,34,28,-584,0
6784,0,0,524,0,1009,1228,24,34,29,-584,0
6788,0,0,524,0,1006,1224,24,34,29,-584,0
6792,0,0,523,0,1003,1221,24,34,29,-584,0
6796,0,0,523,0,1000,1218,24,34,29,-587,0
6800,0,0,522,0,996,1214,25,34,29,-591,0
6804,0,0,523,0,993,1211,25,34,29,-587,0
6808,0,0,522,0,990,1207,25,34,29,-591,0
6812,0,0,522,0,987,1204,25,34,29,-584,0
6816,0,0,522,0,984,1200,25,34,29,-584,0
6820,0,0,522,0,981,1197,26,34,30,-591,0
6824,0,0,522,0,977,1194,26,34,30,-591,0
6828,0,0,522,0,974,1190,26,34,30,-587,0
6832,0,0,521,0,971,1187,26,34,30,-587,0
6836,0,0,522,0,967,1184,26,34,30,-584,0
6840,0,0,521,0,964,1180,26,34,30,-591,0
6844,0,0,522,0,961,1177,26,34,30,-591,0
6848,0,0,521,0,958,1173,27,34,30,-591,0
6852,0,0,521,0,955,1170,27,34,30,-591,0
6856,0,0,522,0,951,1166,27,34,30,-591,0
6860,0,0,521,0,948,1163,27,34,30,-591,0
6864,0,0,523,0,945,1160,27,34,30,-591,0
6868,0,0,523,0,942,1156,27,34,30,-587,0
6872,0,0,523,0,939,1153,27,35,31,-594,0
6876,0,0,524,0,935,1150,27,35,31,-594,0
6880,0,0,524,0,932,1146,27,35,31,-591,0
6884,0,0,526,0,929,1143,27,35,31,-591,0
6888,0,0,526,0,926,1140,26,35,30,-594,0
6892,0,0,526,0,922,1136,26,35,30,-594,0
6896,0,0,527,0,919,1133,26,35,30,-591,0
6900,0,0,527,0,916,1129,26,35,30,-587,0
6904,0,0,529,0,913,1126,26,35,30,-591,0
6908,0,0,529,0,909,1122,25,35,30,-587,0
6912,0,0,530,0,906,1119,25,35,30,-594,0
6916,0,0,531,0,903,1116,25,35,30,-594,0
6920,0,0,532,0,900,1112,25,35,30,-587,0
6924,0,0,534,0,897,1109,24,35,29,-594,0
6928,0,0,534,0,893,1106,24,35,29,-594,0
6932,0,0,536,0,890,1102,23,35,29,-594,0
6936,0,0,537,0,887,1099,23,35,29,-594,0
6940,0,0,537,0,884,1095,23,35,29,-591,0
6944,0,0,539,0,880,1092,22,35,28,-594,0
6948,0,0,540,0,877,1088,22,35,28,-591,0
6952,0,0,540,0,874,1085,21,35,28,-594,0
6956,0,0,543,0,871,1082,21,35,28,-591,0
6960,0,0,544,0,867,1078,20,35,27,-587,0
6964,0,0,545,0,864,1075,19,35,27,-594,0
6968,0,0,547,0,861,1072,19,35,27,-594,0
6972,0,0,548,0,858,1068,18,35,26,-587,0
6976,0,0,550,0,855,1065,18,36,27,-591,0
6980,0,0,551,0,851,1062,17,36,26,-591,0
6984,0,0,553,0,848,1058,16,36,26,-591,0
6988,0,0,555,0,845,1055,16,36,26,-591,0
6992,0,0,556,0,842,1052,15,36,25,-587,0
6996,0,0,559,0,839,1048,14,36,25,-594,0
7000,0,0,560,0,835,1045,13,36,24,-594,0
7004,0,0,562,0,832,1042,12,36,24,-591,0
7008,0,0,563,0,829,1038,12,36,24,-594,0
7012,0,0,565,0,825,1034,11,36,23,-587,0
7016,0,0,567,0,822,1031,10,36,23,-594,0
7020,0,0,567,0,819,1028,9,36,22,-594,0
7024,0,0,569,0,816,1024,8,36,22,-587,0
7028,0,0,570,0,813,1021,8,36,22,-591,0
7032,0,0,572,0,809,1018,7,36,21,-591,0
7036,0,0,574,0,806,1014,6,36,21,-591,0
7040,0,0,574,0,803,1011,5,36,20,-591,0
7044,0,0,576,0,800,1008,4,36,20,-587,0
7048,0,0,577,0,797,1004,4,36,20,-591,0
7052,0,0,577,0,793,1001,3,36,19,-591,0
7056,0,0,580,0,790,998,2,36,19,-591,0
7060,0,0,580,0,787,994,1,36,18,-591,0
7064,0,0,581,0,783,991,1,36,18,-587,0
7068,0,0,582,0,780,988,0,36,18,-594,0
7072,0,0,583,0,777,984,0,37,18,-594,0
7076,0,0,585,0,774,981,0,37,18,-591,0
7080,0,0,585,0,771,977,-1,37,18,-591,0
7084,0,0,587,0,768,974,-2,37,17,-591,0
7088,0,0,588,0,764,970,-2,37,17,-591,0
7092,0,0,588,0,761,967,-3,37,17,-594,0
7096,0,0,590,0,758,964,-4,37,16,-587,0
7100,0,0,590,0,755,960,-4,37,16,-594,0
7104,0,0,592,0,751,957,-5,37,16,-594,0
7108,0,0,593,0,748,954,-5,37,16,-594,0
7112,0,0,593,0,745,950,-6,37,15,-594,0
7116,0,0,595,0,742,947,-7,37,15,-587,0
7120,0,0,594,0,738,943,-7,37,15,-594,0
7124,0,0,596,0,735,940,-8,37,14,-594,0
7128,0,0,596,0,732,936,-8,37,14,-591,0
7132,0,0,597,0,729,933,-9,37,14,-591,0
7136,0,0,598,0,726,930,-9,37,14,-591,0
7140,0,0,598,0,722,926,-10,37,13,-594,0
7144,0,0,599,0,719,923,-10,37,13,-594,0
7148,0,0,599,0,716,919,-11,37,13,-594,0
7152,0,0,599,0,713,916,-11,37,13,-594,0
7156,0,0,601,0,709,912,-11,37,13,-594,0
7160,0,0,600,0,706,909,-12,37,12,-598,0
7164,0,0,602,0,703,906,-12,37,12,-594,0
7168,0,0,601,0,700,902,-13,37,12,-587,0
7172,0,0,601,0,697,899,-13,38,12,-594,0
7176,0,0,603,0,693,896,-13,38,12,-594,0
7180,0,0,602,0,690,892,-14,38,12,-594,0
7184,0,0,603,0,687,889,-14,38,12,-594,0
7188,0,0,603,0,683,885,-14,38,12,-598,0
7192,0,0,603,0,680,882,-14,38,12,-594,0
7196,0,0,604,0,677,878,-15,38,11,-594,0
7200,0,0,603,0,674,875,-15,38,11,-591,0
7204,0,0,604,0,671,872,-15,38,11,-591,0
7208,0,0,605,0,667,868,-15,38,11,-591,0
7212,0,0,604,0,664,865,-16,38,11,-594,0
7216,0,0,605,0,661,862,-16,38,11,-598,0
7220,0,0,603,0,657,858,-16,38,11,-591,0
7224,0,0,604,0,654,855,-16,38,11,-594,0
7228,0,0,603,0,651,851,-16,38,11,-598,0
7232,0,0,604,0,648,848,-16,38,11,-594,0
7236,0,0,604,0,645,845,-16,38,11,-594,0
7240,0,0,603,0,641,841,-16,38,11,-594,0
7244,0,0,604,0,638,838,-16,38,11,-594,0
7248,0,0,603,0,635,834,-16,38,11,-594,0
7252,0,0,602,0,631,831,-16,38,11,-591,0
7256,0,0,603,0,628,828,-16,38,11,-594,0
7260,0,0,602,0,625,824,-16,38,11,-594,0
7264,0,0,602,0,622,821,-16,38,11,-594,0
7268,0,0,601,0,619,817,-16,38,11,-594,0
7272,0,0,599,0,615,814,-16,38,11,-594,0
7276,0,0,601,0,612,810,-16,39,11,-594,0
7280,0,0,599,0,609,807,-16,39,11,-594,0
7284,0,0,601,0,606,804,-16,39,11,-594,0
7288,0,0,599,0,602,800,-16,39,11,-591,0
7292,0,0,599,0,599,797,-16,39,11,-594,0
7296,0,0,599,0,596,794,-16,39,11,-594,0
7300,0,0,598,0,593,790,-15,39,12,-594,0
7304,0,0,598,0,589,787,-15,39,12,-598,0
7308,0,0,598,0,586,783,-15,39,12,-598,0
7312,0,0,597,0,583,780,-15,39,12,-594,0
7316,0,0,598,0,580,776,-15,39,12,-591,0
7320,0,0,597,0,577,773,-15,39,12,-598,0
7324,0,0,598,0,573,770,-15,39,12,-594,0
7328,0,0,598,0,570,766,-15,39,12,-591,0
7332,0,0,597,0,567,763,-14,39,12,-594,0
7336,0,0,597,0,563,760,-14,39,12,-601,0
7340,0,0,597,0,560,756,-14,39,12,-594,0
7344,0,0,597,0,557,753,-14,39,12,-594,0
7348,0,0,597,0,554,749,-14,39,12,-594,0
7352,0,0,596,0,551,746,-14,39,12,-598,0
7356,0,0,597,0,547,742,-14,39,12,-594,0
7360,0,0,596,0,544,739,-14,39,12,-594,0
7364,0,0,597,0,541,736,-14,39,12,-594,0
7368,0,0,596,0,537,732,-14,39,12,-602,0
7372,0,0,596,0,534,729,-14,40,13,-594,0
7376,0,0,597,0,531,725,-14,40,13,-598,0
7380,0,0,596,0,528,722,-13,40,13,-594,0
7384,0,0,597,0,525,718,-13,40,13,-594,0
7388,0,0,597,0,521,715,-13,40,13,-598,0
7392,0,0,596,0,518,712,-13,40,13,-594,0
7396,0,0,597,0,515,708,-13,40,13,-594,0
7400,0,0,596,0,511,705,-13,40,13,-594,0
7404,0,0,598,0,508,702,-13,40,13,-594,0
7408,0,0,597,0,505,698,-13,40,13,-594,0
7412,0,0,597,0,502,694,-13,40,13,-594,0
7416,0,0,598,0,499,691,-13,40,13,-601,0
7420,0,0,596,0,495,688,-13,40,13,-594,0
7424,0,0,598,0,492,684,-13,40,13,-594,0
7428,0,0,598,0,489,681,-13,40,13,-598,0
7432,0,0,597,0,486,678,-13,40,13,-594,0
7436,0,0,598,0,482,674,-14,40,13,-591,0
7440,0,0,598,0,479,671,-14,40,13,-594,0
7444,0,0,598,0,476,668,-14,40,13,-594,0
7448,0,0,598,0,472,664,-14,40,13,-598,0
7452,0,0,597,0,469,661,-14,40,13,-594,0
7456,0,0,598,0,466,657,-14,40,13,-598,0
7460,0,0,598,0,463,654,-14,40,13,-594,0
7464,0,0,598,0,460,650,-14,40,13,-594,0
7468,0,0,597,0,456,647,-14,40,13,-594,0
7472,0,0,598,0,453,644,-14,40,13,-594,0
7476,0,0,598,0,450,640,-14,41,13,-591,0
7480,0,0,597,0,447,637,-14,41,13,-594,0
7484,0,0,597,0,443,634,-14,41,13,-598,0
7488,0,0,597,0,440,630,-14,41,13,-591,0
7492,0,0,597,0,437,627,-14,41,13,-594,0
7496,0,0,598,0,434,624,-14,41,13,-598,0
7500,0,0,596,0,430,620,-14,41,13,-598,0
7504,0,0,597,0,427,617,-14,41,13,-594,0
7508,0,0,596,0,424,613,-13,41,14,-594,0
7512,0,0,596,0,421,610,-13,41,14,-594,0
7516,0,0,597,0,417,606,-13,41,14,-591,0
7520,0,0,596,0,414,603,-13,41,14,-594,0
7524,0,0,596,0,411,600,-13,41,14,-594,0
7528,0,0,596,0,408,596,-13,41,14,-591,0
7532,0,0,596,0,405,593,-13,41,14,-594,0
7536,0,0,596,0,401,590,-13,41,14,-594,0
7540,0,0,595,0,398,586,-13,41,14,-591,0
7544,0,0,596,0,395,583,-13,41,14,-594,0
7548,0,0,596,0,391,579,-13,41,14,-591,0
7552,0,0,595,0,388,576,-13,41,14,-594,0
7556,0,0,595,0,385,572,-13,41,14,-591,0
7560,0,0,594,0,382,569,-13,41,14,-594,0
7564,0,0,595,0,379,566,-13,41,14,-594,0
7568,0,0,594,0,375,562,-13,41,14,-591,0
7572,0,0,594,0,372,559,-13,42,14,-594,0
7576,0,0,595,0,369,556,-12,42,15,-594,0
7580,0,0,594,0,366,552,-12,42,15,-594,0
7584,0,0,594,0,363,549,-12,42,15,-594,0
7588,0,0,594,0,359,545,-12,42,15,-598,0
7592,0,0,594,0,356,542,-12,42,15,-594,0
7596,0,0,594,0,353,538,-12,42,15,-591,0
7600,0,0,593,0,349,535,-12,42,15,-594,0
7604,0,0,594,0,346,532,-12,42,15,-594,0
7608,0,0,593,0,343,528,-12,42,15,-591,0
7612,0,0,593,0,340,525,-12,42,15,-594,0
7616,0,0,593,0,337,522,-12,42,15,-598,0
7620,0,0,592,0,333,518,-12,42,15,-594,0
7624,0,0,593,0,330,515,-12,42,15,-594,0
7628,0,0,593,0,327,511,-12,42,15,-598,0
7632,0,0,592,0,323,508,-11,42,15,-594,0
7636,0,0,593,0,320,504,-11,42,15,-594,0
7640,0,0,592,0,317,501,-11,42,15,-598,0
7644,0,0,592,0,314,498,-11,42,15,-594,0
7648,0,0,592,0,311,494,-11,42,15,-591,0
7652,0,0,591,0,307,491,-11,42,15,-594,0
7656,0,0,592,0,304,487,-11,42,15,-598,0
7660,0,0,590,0,301,484,-11,42,15,-594,0
7664,0,0,591,0,297,480,-11,42,15,-594,0
7668,0,0,590,0,294,477,-11,42,15,-598,0
7672,0,0,590,0,291,474,-11,42,15,-594,0
7676,0,0,590,0,288,470,-10,43,16,-594,0
7680,0,0,589,0,285,467,-10,43,16,-594,0
7684,0,0,590,0,281,464,-10,43,16,-594,0
7688,0,0,589,0,278,460,-10,43,16,-594,0
7692,0,0,589,0,275,457,-10,43,16,-594,0
7696,0,0,589,0,272,453,-10,43,16,-598,0
7700,0,0,588,0,268,450,-10,43,16,-594,0
7704,0,0,589,0,265,446,-10,43,16,-594,0
7708,0,0,588,0,262,443,-10,43,16,-598,0
7712,0,0,587,0,259,440,-9,43,17,-594,0
7716,0,0,588,0,255,436,-9,43,17,-591,0
7720,0,0,587,0,252,433,-9,43,17,-594,0
7724,0,0,587,0,249,429,-9,43,17,-598,0
7728,0,0,587,0,246,426,-9,43,17,-594,0
7732,0,0,586,0,243,422,-9,43,17,-598,0
7736,0,0,587,0,239,419,-9,43,17,-598,0
7740,0,0,586,0,236,416,-8,43,17,-594,0
7744,0,0,586,0,233,412,-8,43,17,-594,0
7748,0,0,587,0,229,409,-8,43,17,-601,0
7752,0,0,585,0,226,405,-8,43,17,-598,0
7756,0,0,586,0,223,402,-8,43,17,-594,0
7760,0,0,585,0,220,399,-8,43,17,-594,0
7764,0,0,585,0,216,395,-8,43,17,-601,0
7768,0,0,585,0,213,392,-8,43,17,-594,0
7772,0,0,584,0,210,388,-8,43,17,-594,0
7776,0,0,585,0,207,385,-7,44,18,-598,0
7780,0,0,583,0,203,381,-7,44,18,-602,0
7784,0,0,584,0,200,378,-7,44,18,-598,0
7788,0,0,583,0,197,375,-7,44,18,-594,0
7792,0,0,583,0,194,371,-7,44,18,-598,0
7796,0,0,583,0,190,368,-7,44,18,-598,0
7800,0,0,582,0,187,365,-7,44,18,-594,0
7804,0,0,582,0,184,361,-6,44,19,-598,0
7808,0,0,582,0,181,358,-6,44,19,-601,0
7812,0,0,582,0,177,354,-6,44,19,-601,0
7816,0,0,583,0,174,350,-6,44,19,-598,0
7820,0,0,581,0,171,347,-6,44,19,-598,0
7824,0,0,582,0,168,344,-6,44,19,-594,0
7828,0,0,581,0,164,341,-6,44,19,-598,0
7832,0,0,581,0,161,337,-6,44,19,-598,0
7836,0,0,582,0,158,334,-6,44,19,-594,0
7840,0,0,580,0,155,330,-5,44,19,-601,0
7844,0,0,581,0,151,327,-5,44,19,-602,0
7848,0,0,581,0,148,323,-5,44,19,-598,0
7852,0,0,580,0,145,320,-5,44,19,-594,0
7856,0,0,581,0,142,317,-5,44,19,-594,0
7860,0,0,580,0,138,313,-5,44,19,-601,0
7864,0,0,581,0,135,310,-5,44,19,-594,0
7868,0,0,580,0,132,306,-5,44,19,-598,0
7872,0,0,580,0,129,303,-5,44,19,-598,0
7876,0,0,580,0,125,300,-5,45,20,-601,0
7880,0,0,579,0,122,296,-4,45,20,-594,0
7884,0,0,580,0,119,293,-4,45,20,-594,0
7888,0,0,579,0,116,289,-4,45,20,-598,0
7892,0,0,578,0,113,286,-4,45,20,-598,0
7896,0,0,579,0,109,282,-4,45,20,-598,0
7900,0,0,579,0,106,279,-4,45,20,-598,0
7904,0,0,579,0,103,275,-4,45,20,-598,0
7908,0,0,579,0,100,272,-4,45,20,-591,0
7912,0,0,578,0,97,269,-4,45,20,-594,0
7916,0,0,579,0,93,265,-4,45,20,-598,0
7920,0,0,578,0,90,262,-4,45,20,-594,0
7924,0,0,579,0,87,258,-4,45,20,-594,0
7928,0,0,578,0,83,255,-4,45,20,-598,0
7932,0,0,578,0,80,252,-3,45,21,-598,0
7936,0,0,579,0,77,248,-3,45,21,-598,0
7940,0,0,578,0,74,245,-3,45,21,-591,0
7944,0,0,579,0,71,241,-3,45,21,-594,0
7948,0,0,578,0,67,238,-3,45,21,-594,0
7952,0,0,578,0,64,234,-3,45,21,-594,0
7956,0,0,578,0,61,231,-3,45,21,-598,0
7960,0,0,577,0,58,228,-3,45,21,-591,0
7964,0,0,578,0,54,224,-3,45,21,-598,0
7968,0,0,578,0,51,221,-3,45,21,-594,0
7972,0,0,577,0,48,217,-3,45,21,-594,0
7976,0,0,578,0,45,214,-3,45,21,-591,0
7980,0,0,576,0,41,210,-3,46,21,-591,0
7984,0,0,577,0,38,207,-3,46,21,-598,0
7988,0,0,577,0,35,204,-3,46,21,-594,0
7992,0,0,577,0,32,200,-3,46,21,-594,0
7996,0,0,577,0,29,197,-3,46,21,-591,0
8000,0,0,576,0,25,193,-3,46,21,-591,0
8004,0,0,577,0,22,190,-3,46,21,-594,0
8008,0,0,577,0,19,186,-3,46,21,-594,0
8012,0,0,576,0,16,183,-2,46,22,-594,0
8016,0,0,577,0,13,180,-2,46,22,-594,0
8020,0,0,576,0,9,176,-2,46,22,-594,0
8024,0,0,577,0,6,173,-2,46,22,-598,0
8028,0,0,577,0,3,169,-2,46,22,-591,0
8032,0,0,576,0,0,166,-2,46,22,-591,0
8036,0,0,577,0,-3,162,-2,46,22,-591,0
8040,0,0,576,0,-7,159,-2,46,22,-598,0
8044,0,0,577,0,-10,156,-2,46,22,-594,0
8048,0,0,577,0,-13,152,-2,46,22,-591,0
8052,0,0,576,0,-16,149,-2,46,22,-594,0
8056,0,0,577,0,-19,145,-2,46,22,-591,0
8060,0,0,576,0,-23,142,-2,46,22,-598,0
8064,0,0,578,0,-26,138,-2,46,22,-591,0
8068,0,0,576,0,-29,135,-2,46,22,-594,0
8072,0,0,576,0,-32,132,-2,46,22,-594,0
8076,0,0,577,0,-36,128,-2,46,22,-594,0
8080,0,0,576,0,-39,125,-2,46,22,-598,0
,,,,,,,,,,,
