0,0,0,504,0,0,8,100,0,50,0,0
4,0,0,504,0,0,8,100,0,50,0,0
8,0,0,504,0,0,8,100,0,50,0,0
12,0,0,504,0,0,8,100,0,50,1,0
16,0,0,504,0,0,8,100,0,50,1,0
20,0,0,504,0,0,9,100,0,50,2,0
24,0,0,505,0,1,9,100,0,50,2,0
28,0,0,506,0,1,10,100,0,50,2,0
32,0,0,505,0,1,10,100,0,50,2,0
36,0,0,504,0,1,11,100,0,50,3,0
40,0,0,504,0,1,11,100,0,50,3,0
44,0,0,504,0,1,12,100,-1,49,4,0
48,0,0,504,0,1,12,100,-1,49,4,0
52,0,0,504,0,2,13,100,-1,49,5,0
56,0,0,505,0,2,14,100,-1,49,5,0
60,0,0,504,0,2,14,100,-2,49,5,0
64,0,0,505,0,2,15,100,-2,49,6,0
68,0,0,505,0,2,15,100,-2,49,6,0
72,0,0,506,0,3,16,100,-2,49,7,0
76,0,0,506,0,3,16,100,-3,48,7,0
80,0,0,506,0,3,16,100,-3,48,7,0
84,0,0,506,0,3,17,100,-3,48,7,0
88,0,0,507,0,3,17,100,-4,48,8,0
92,0,0,508,0,3,18,100,-4,48,8,0
96,0,0,508,0,3,18,98,-4,47,9,0
100,0,0,507,0,3,18,94,-5,44,9,0
104,0,0,506,0,2,18,90,-5,42,9,0
108,0,0,508,0,2,19,87,-5,41,8,0
112,0,0,508,0,2,19,84,-6,39,8,0
116,0,0,508,0,2,19,81,-6,37,8,0
120,0,0,509,0,2,19,79,-7,36,8,0
124,0,0,509,0,2,20,76,-7,34,8,0
128,0,0,508,0,2,20,74,-7,33,9,0
132,0,0,508,0,1,20,73,-8,32,9,0
136,0,0,508,0,1,20,71,-8,31,8,0
140,0,0,508,0,1,20,70,-8,31,7,0
144,0,0,508,0,1,20,68,-9,29,6,0
148,0,0,508,0,1,20,67,-9,29,5,0
152,0,0,509,0,1,20,66,-9,28,4,0
156,0,0,508,0,0,20,65,-9,28,4,0
160,0,0,509,0,0,20,64,-9,27,3,0
164,0,0,509,0,0,20,63,-9,27,2,0
168,0,0,508,0,0,20,63,-10,26,1,0
172,0,0,508,0,-1,20,62,-10,26,0,0
176,0,0,508,0,-1,20,62,-10,26,0,0
180,0,0,508,0,-1,20,61,-9,26,0,0
184,0,0,508,0,-1,20,61,-9,26,-1,0
188,0,0,508,0,-2,19,60,-9,25,-2,0
192,0,0,509,0,-2,19,60,-9,25,-2,0
196,0,0,509,0,-2,19,59,-9,25,-3,0
200,0,0,509,0,-3,19,59,-9,25,-3,0
204,0,0,509,0,-3,19,59,-9,25,-4,0
208,0,0,509,0,-3,19,58,-8,25,-4,0
212,0,0,509,0,-3,19,58,-8,25,-5,0
216,0,0,510,0,-4,19,58,-8,25,-6,0
220,0,0,510,0,-4,18,58,-8,25,-7,0
224,0,0,510,0,-4,18,57,-7,25,-7,0
228,0,0,510,0,-4,18,57,-7,25,-7,0
232,0,0,510,0,-5,18,57,-7,25,-7,0
236,0,0,510,0,-5,18,57,-6,25,-7,0
240,0,0,510,0,-5,18,56,-6,25,-7,0
244,0,0,511,0,-5,18,56,-6,25,-7,0
248,0,0,510,0,-5,18,56,-5,25,-7,0
252,0,0,510,0,-5,18,56,-5,25,-7,0
256,0,0,511,0,-5,18,56,-5,25,-7,0
260,0,0,511,0,-5,18,55,-4,25,-7,0
264,0,0,510,0,-5,18,55,-4,25,-7,0
268,0,0,510,0,-5,18,55,-4,25,-7,0
272,0,0,510,0,-5,18,55,-4,25,-7,0
276,0,0,510,0,-5,18,55,-3,26,-7,0
280,0,0,509,0,-5,18,55,-3,26,-7,0
284,0,0,509,0,-5,18,55,-3,26,-7,0
288,0,0,509,0,-5,18,55,-2,26,-7,0
292,0,0,510,0,-5,18,55,-2,26,-8,0
296,0,0,510,0,-5,19,55,-2,26,-8,0
300,0,0,510,0,-5,19,55,-1,27,-8,0
304,0,0,510,0,-5,19,55,-1,27,-7,0
308,0,0,511,0,-5,19,55,-1,27,-6,0
312,0,0,510,0,-5,20,55,0,27,-5,0
316,0,0,511,0,-5,20,55,0,27,-4,0
320,0,0,510,0,-5,20,55,0,27,-3,0
324,0,0,510,0,-5,20,55,0,27,-3,0
328,0,0,509,0,-5,21,55,0,27,-3,0
332,0,0,509,0,-5,21,55,0,27,-3,0
336,0,0,509,0,-5,21,55,0,27,-2,0
340,0,0,510,0,-5,21,55,0,27,-1,0
344,0,0,510,0,-5,21,55,0,27,0,0
348,0,0,510,0,-5,21,55,0,27,0,0
352,0,0,510,0,-5,22,55,0,27,1,0
356,0,0,510,0,-5,22,55,0,27,2,0
360,0,0,511,0,-5,22,55,0,27,3,0
364,0,0,511,0,-5,22,55,0,27,4,0
368,0,0,510,0,-5,22,55,0,27,5,0
372,0,0,511,0,-5,22,55,-1,27,6,0
376,0,0,511,0,-5,22,55,-1,27,7,0
380,0,0,510,0,-5,22,55,-1,27,8,0
384,0,0,510,0,-5,22,55,-2,26,9,0
388,0,0,510,0,-5,22,55,-2,26,10,0
392,0,0,510,0,-5,22,55,-3,26,11,0
396,0,0,510,0,-5,22,55,-3,26,12,0
400,0,0,509,0,-5,22,55,-4,25,12,0
404,0,0,509,0,-5,22,55,-4,25,12,0
408,0,0,510,0,-5,22,55,-5,25,12,0
412,0,0,510,0,-5,22,55,-5,25,12,0
416,0,0,510,0,-5,22,55,-6,24,12,0
420,0,0,510,0,-5,22,55,-6,24,12,0
424,0,0,510,0,-5,22,55,-7,24,12,0
428,0,0,510,0,-5,22,55,-7,24,12,0
432,0,0,510,0,-5,22,55,-7,24,12,0
436,0,0,510,0,-5,22,55,-8,23,12,0
440,0,0,511,0,-5,22,55,-8,23,12,0
444,0,0,511,0,-5,22,55,-9,23,12,0
448,0,0,510,0,-5,22,55,-9,23,12,0
452,0,0,509,0,-5,22,55,-10,22,12,0
456,0,0,510,0,-5,22,55,-10,22,12,0
460,0,0,509,0,-5,22,55,-11,22,12,0
464,0,0,509,0,-5,22,55,-11,22,12,0
468,0,0,509,0,-5,22,55,-12,21,12,0
472,0,0,509,0,-5,22,55,-12,21,12,0
476,0,0,509,0,-5,22,55,-13,21,12,0
480,0,0,509,0,-5,22,55,-13,21,12,0
484,0,0,509,0,-5,22,55,-14,20,12,0
488,0,0,509,0,-5,22,55,-14,20,12,0
492,0,0,509,0,-5,22,55,-15,20,12,0
496,0,0,508,0,-5,22,56,-15,20,12,0
500,0,0,509,0,-5,22,56,-16,20,12,0
504,0,0,509,0,-5,22,56,-16,20,12,0
508,0,0,508,0,-5,22,56,-17,19,12,0
512,0,0,509,0,-5,22,56,-17,19,12,0
516,0,0,508,0,-5,22,56,-18,19,12,0
520,0,0,509,0,-5,22,56,-18,19,12,0
524,0,0,509,0,-5,22,56,-19,18,12,0
528,0,0,508,0,-5,22,56,-19,18,12,0
532,0,0,509,0,-5,22,56,-20,18,12,0
536,0,0,508,0,-5,22,56,-20,18,12,0
540,0,0,508,0,-5,22,56,-21,17,12,0
544,0,0,509,0,-5,22,56,-21,17,12,0
548,0,0,508,0,-5,22,56,-22,17,12,0
552,0,0,509,0,-5,22,56,-22,17,12,0
556,0,0,509,0,-5,22,56,-23,16,12,0
560,0,0,509,0,-5,22,56,-23,16,12,0
564,0,0,509,0,-5,22,56,-24,16,12,0
568,0,0,509,0,-5,22,56,-24,16,12,0
572,0,0,509,0,-5,22,56,-25,15,12,0
576,0,0,509,0,-5,22,56,-25,15,12,0
580,0,0,508,0,-5,22,56,-26,15,12,0
584,0,0,509,0,-5,22,56,-26,15,12,0
588,0,0,508,0,-5,22,56,-27,14,12,0
592,0,0,508,0,-5,22,56,-27,14,12,0
596,0,0,508,0,-5,22,56,-28,14,12,0
600,0,0,508,0,-5,22,56,-28,14,12,0
604,0,0,508,0,-5,22,56,-29,13,12,0
608,0,0,509,0,-5,22,56,-29,13,12,0
612,0,0,508,0,-5,22,56,-30,13,12,0
616,0,0,508,0,-5,22,56,-30,13,12,0
620,0,0,508,0,-5,22,56,-31,12,12,0
624,0,0,508,0,-5,22,56,-31,12,12,0
628,0,0,508,0,-5,22,57,-32,12,12,0
632,0,0,508,0,-5,22,57,-32,12,12,0
636,0,0,508,0,-5,22,57,-33,12,12,0
640,0,0,508,0,-5,22,57,-33,12,12,0
644,0,0,508,0,-5,22,57,-34,11,12,0
648,0,0,508,0,-5,22,57,-34,11,12,0
652,0,0,508,0,-5,22,57,-35,11,12,0
656,0,0,508,0,-5,22,57,-35,11,12,0
660,0,0,508,0,-5,22,57,-36,10,12,0
664,0,0,507,0,-5,22,57,-36,10,12,0
668,0,0,508,0,-4,22,57,-37,10,12,0
672,0,0,508,0,-4,22,57,-37,10,11,0
676,0,0,508,0,-4,22,57,-37,10,10,0
680,0,0,508,0,-4,22,57,-38,9,9,0
684,0,0,508,0,-4,22,57,-38,9,8,0
688,0,0,508,0,-4,22,57,-38,9,7,0
692,0,0,508,0,-4,22,57,-39,9,6,0
696,0,0,508,0,-4,22,57,-39,9,5,0
700,0,0,508,0,-4,22,57,-39,9,4,0
704,0,0,508,0,-4,22,57,-39,9,3,0
708,0,0,508,0,-4,22,57,-39,9,2,0
712,0,0,508,0,-4,22,57,-39,9,1,0
716,0,0,508,0,-3,22,57,-39,9,0,0
720,0,0,507,0,-3,22,57,-39,9,0,0
724,0,0,508,0,-3,22,57,-39,9,-1,0
728,0,0,507,0,-3,22,57,-39,9,-2,0
732,0,0,507,0,-3,22,57,-39,9,-3,0
736,0,0,507,0,-3,22,57,-39,9,-4,0
740,0,0,507,0,-3,22,57,-39,9,-5,0
744,0,0,507,0,-3,22,57,-38,9,-6,0
748,0,0,507,0,-3,22,57,-38,9,-7,0
752,0,0,507,0,-2,22,57,-38,9,-8,0
756,0,0,507,0,-2,22,57,-37,10,-9,0
760,0,0,507,0,-2,22,58,-37,10,-10,0
764,0,0,508,0,-2,22,57,-36,10,-11,0
768,0,0,508,0,-2,22,57,-36,10,-12,0
772,0,0,507,0,-1,22,57,-35,11,-12,0
776,0,0,507,0,-1,22,58,-35,11,-12,0
780,0,0,507,0,-1,22,58,-34,12,-12,0
784,0,0,507,0,-1,22,58,-34,12,-12,0
788,0,0,507,0,-1,22,58,-33,12,-12,0
792,0,0,507,0,0,22,58,-33,12,-12,0
796,0,0,507,0,0,22,58,-32,13,-12,0
800,0,0,507,0,0,22,58,-32,13,-12,0
804,0,0,507,0,1,22,58,-32,13,-12,0
808,0,0,507,0,1,22,58,-31,13,-12,0
812,0,0,507,0,1,23,58,-31,13,-12,0
816,0,0,507,0,1,23,58,-30,14,-11,0
820,0,0,507,0,2,23,58,-30,14,-10,0
824,0,0,507,0,2,23,58,-29,14,-10,0
828,0,0,507,0,2,24,58,-29,14,-10,0
832,0,0,507,0,3,24,58,-28,15,-9,0
836,0,0,507,0,3,24,58,-28,15,-9,0
840,0,0,507,0,3,24,58,-28,15,-9,0
844,0,0,507,0,4,24,58,-27,15,-9,0
848,0,0,507,0,4,24,58,-27,15,-9,0
852,0,0,507,0,4,25,58,-27,15,-9,0
856,0,0,508,0,4,25,58,-26,16,-8,0
860,0,0,509,0,5,25,58,-26,16,-7,0
864,0,0,509,0,5,26,57,-26,15,-7,0
868,0,0,508,0,5,26,57,-25,16,-6,0
872,0,0,508,0,5,26,57,-25,16,-5,0
876,0,0,508,0,5,26,57,-25,16,-4,0
880,0,0,507,0,5,26,57,-25,16,-3,0
884,0,0,507,0,5,26,57,-25,16,-2,0
888,0,0,508,0,5,26,57,-25,16,-1,0
892,0,0,507,0,5,27,57,-25,16,0,0
896,0,0,507,0,5,27,57,-25,16,0,0
900,0,0,507,0,5,27,57,-25,16,1,0
904,0,0,508,0,6,27,57,-25,16,2,0
908,0,0,508,0,6,28,57,-25,16,2,0
912,0,0,508,0,6,28,57,-25,16,3,0
916,0,0,508,0,6,28,57,-25,16,3,0
920,0,0,508,0,6,28,57,-25,16,3,0
924,0,0,508,0,6,28,57,-26,15,4,0
928,0,0,508,0,6,28,57,-26,15,5,0
932,0,0,509,0,6,29,57,-26,15,5,0
936,0,0,508,0,6,29,57,-26,15,6,0
940,0,0,508,0,6,29,57,-27,15,7,0
944,0,0,509,0,6,29,57,-27,15,8,0
948,0,0,509,0,6,30,57,-27,15,9,0
952,0,0,509,0,6,30,57,-28,14,10,0
956,0,0,509,0,6,30,57,-28,14,10,0
960,0,0,509,0,6,30,56,-29,13,10,0
964,0,0,509,0,6,30,56,-29,13,11,0
968,0,0,509,0,6,30,56,-30,13,11,0
972,0,0,509,0,6,31,56,-30,13,11,0
976,0,0,510,0,6,31,56,-30,13,11,0
980,0,0,510,0,6,31,56,-31,12,11,0
984,0,0,510,0,6,31,56,-31,12,11,0
988,0,0,510,0,6,32,56,-32,12,11,0
992,0,0,510,0,6,32,56,-32,12,11,0
996,0,0,510,0,6,32,56,-33,11,11,0
1000,0,0,510,0,6,32,55,-33,11,11,0
1004,0,0,509,0,6,32,56,-34,11,11,0
1008,0,0,509,0,6,32,56,-34,11,12,0
1012,0,0,509,0,6,33,56,-35,10,12,0
1016,0,0,510,0,6,33,55,-35,10,12,0
1020,0,0,510,0,6,33,55,-36,9,12,0
1024,0,0,510,0,6,33,55,-36,9,12,0
1028,0,0,510,0,6,34,55,-37,9,12,0
1032,0,0,509,0,6,34,55,-37,9,12,0
1036,0,0,510,0,6,34,55,-38,8,12,0
1040,0,0,510,0,6,34,55,-38,8,12,0
1044,0,0,511,0,6,34,55,-39,8,12,0
1048,0,0,510,0,6,35,55,-39,8,12,0
1052,0,0,510,0,6,35,55,-40,7,12,0
1056,0,0,510,0,6,35,55,-40,7,12,0
1060,0,0,511,0,6,36,55,-41,7,12,0
1064,0,0,511,0,6,36,55,-41,7,12,0
1068,0,0,510,0,7,36,55,-42,6,12,0
1072,0,0,510,0,7,36,55,-42,6,11,0
1076,0,0,510,0,7,37,55,-42,6,10,0
1080,0,0,510,0,7,37,55,-43,6,10,0
1084,0,0,511,0,7,37,55,-43,6,10,0
1088,0,0,510,0,7,38,55,-44,5,10,0
1092,0,0,511,0,7,38,55,-44,5,10,0
1096,0,0,511,0,7,38,54,-44,5,10,0
1100,0,0,511,0,7,38,54,-45,4,10,0
1104,0,0,511,0,8,39,54,-45,4,10,0
1108,0,0,512,0,8,39,54,-46,4,9,0
1112,0,0,512,0,8,40,54,-46,4,8,0
1116,0,0,512,0,8,40,54,-46,4,8,0
1120,0,0,512,0,9,40,54,-47,3,8,0
1124,0,0,512,0,9,41,54,-47,3,7,0
1128,0,0,512,0,9,41,54,-47,3,7,0
1132,0,0,512,0,9,42,53,-48,2,7,0
1136,0,0,513,0,9,42,53,-48,2,7,0
1140,0,0,512,0,10,42,53,-48,2,7,0
1144,0,0,513,0,10,43,53,-48,2,6,0
1148,0,0,513,0,10,43,53,-49,2,6,0
1152,0,0,514,0,11,44,53,-49,2,6,0
1156,0,0,514,0,11,44,52,-49,1,5,0
1160,0,0,513,0,11,45,52,-49,1,5,0
1164,0,0,514,0,12,45,52,-50,1,5,0
1168,0,0,514,0,12,45,52,-50,1,4,0
1172,0,0,514,0,13,46,52,-50,1,4,0
1176,0,0,514,0,13,46,52,-50,1,4,0
1180,0,0,514,0,13,47,52,-50,1,4,0
1184,0,0,514,0,14,47,51,-50,0,4,0
1188,0,0,515,0,14,48,51,-51,0,3,0
1192,0,0,515,0,15,48,51,-51,0,3,0
1196,0,0,515,0,15,49,51,-51,0,2,0
1200,0,0,515,0,15,50,51,-51,0,2,0
1204,0,0,516,0,16,50,51,-51,0,2,0
1208,0,0,516,0,16,51,50,-51,0,2,0
1212,0,0,516,0,17,51,50,-51,0,2,0
1216,0,0,517,0,17,52,50,-51,0,2,0
1220,0,0,517,0,18,52,50,-51,0,2,0
1224,0,0,518,0,19,53,49,-52,-1,2,0
1228,0,0,518,0,19,54,49,-52,-1,1,0
1232,0,0,517,0,20,54,49,-52,-1,1,0
1236,0,0,518,0,20,55,49,-52,-1,0,0
1240,0,0,519,0,21,56,48,-52,-2,0,0
1244,0,0,520,0,21,56,48,-52,-2,1,0
1248,0,0,520,0,22,57,47,-52,-2,0,0
1252,0,0,521,0,23,57,47,-52,-2,0,0
1256,0,0,522,0,23,58,46,-52,-3,0,0
1260,0,0,522,0,24,58,46,-52,-3,0,0
1264,0,0,522,0,24,59,46,-52,-3,0,0
1268,0,0,523,0,25,60,45,-52,-3,0,0
1272,0,0,523,0,26,60,45,-52,-3,0,0
1276,0,0,522,0,26,61,44,-52,-4,0,0
1280,0,0,524,0,27,62,44,-52,-4,0,0
1284,0,0,523,0,28,62,44,-52,-4,0,0
1288,0,0,523,0,28,63,43,-52,-4,0,0
1292,0,0,525,0,29,64,43,-52,-4,0,0
1296,0,0,525,0,30,64,43,-52,-4,0,0
1300,0,0,524,0,30,65,42,-52,-5,0,0
1304,0,0,526,0,31,66,42,-52,-5,0,0
1308,0,0,526,0,32,66,41,-52,-5,0,0
1312,0,0,526,0,33,67,41,-52,-5,0,0
1316,0,0,527,0,33,68,41,-52,-5,0,0
1320,0,0,527,0,34,68,40,-52,-6,0,0
1324,0,0,528,0,35,69,40,-52,-6,0,0
1328,0,0,528,0,35,70,39,-52,-6,0,0
1332,0,0,528,0,36,70,39,-52,-6,0,0
1336,0,0,529,0,37,71,39,-52,-6,0,0
1340,0,0,530,0,38,72,38,-52,-7,0,0
1344,0,0,530,0,39,72,38,-52,-7,0,0
1348,0,0,531,0,39,73,37,-52,-7,0,0
1352,0,0,532,0,40,74,36,-52,-8,0,0
1356,0,0,533,0,41,74,36,-52,-8,0,0
1360,0,0,533,0,42,75,35,-52,-8,0,0
1364,0,0,533,0,42,76,35,-52,-8,0,0
1368,0,0,534,0,43,76,34,-52,-9,0,0
1372,0,0,533,0,44,77,34,-52,-9,0,0
1376,0,0,535,0,45,78,33,-52,-9,0,0
1380,0,0,534,0,45,78,33,-52,-9,0,0
1384,0,0,534,0,46,79,33,-52,-9,0,0
1388,0,0,533,0,47,80,32,-52,-10,0,0
1392,0,0,534,0,48,80,32,-52,-10,0,0
1396,0,0,534,0,49,81,32,-52,-10,-1,0
1400,0,0,535,0,49,81,31,-52,-10,0,0
1404,0,0,535,0,50,82,31,-52,-10,0,0
1408,0,0,536,0,51,82,31,-52,-10,-1,0
1412,0,0,536,0,52,83,30,-51,-10,-1,0
1416,0,0,538,0,53,84,30,-51,-10,-1,0
1420,0,0,538,0,53,84,29,-51,-11,-1,0
1424,0,0,538,0,54,85,29,-51,-11,-1,0
1428,0,0,538,0,55,86,28,-51,-11,-1,0
1432,0,0,538,0,56,86,28,-51,-11,-1,0
1436,0,0,538,0,57,87,28,-51,-11,-1,0
1440,0,0,538,0,57,87,28,-51,-11,-1,0
1444,0,0,538,0,58,88,27,-51,-12,-2,0
1448,0,0,539,0,59,88,27,-51,-12,-1,0
1452,0,0,539,0,60,89,27,-51,-12,-2,0
1456,0,0,539,0,61,90,26,-51,-12,-2,0
1460,0,0,540,0,62,90,26,-51,-12,-1,0
1464,0,0,540,0,63,91,26,-50,-12,-2,0
1468,0,0,540,0,63,92,25,-50,-12,-2,0
1472,0,0,540,0,64,92,25,-50,-12,-1,0
1476,0,0,540,0,65,93,25,-50,-12,-2,0
1480,0,0,541,0,66,93,25,-50,-12,-2,0
1484,0,0,542,0,67,94,24,-50,-13,-2,0
1488,0,0,541,0,67,94,24,-50,-13,-2,0
1492,0,0,542,0,68,95,24,-50,-13,-3,0
1496,0,0,542,0,69,96,23,-50,-13,-2,0
1500,0,0,543,0,70,96,23,-49,-13,-2,0
1504,0,0,543,0,71,96,23,-49,-13,-2,0
1508,0,0,542,0,72,97,22,-49,-13,-3,0
1512,0,0,542,0,73,98,22,-49,-13,-2,0
1516,0,0,542,0,74,98,22,-49,-13,-2,0
1520,0,0,542,0,75,99,22,-49,-13,-3,0
1524,0,0,542,0,75,99,22,-49,-13,-3,0
1528,0,0,541,0,76,100,22,-49,-13,-3,0
1532,0,0,542,0,77,100,22,-48,-13,-3,0
1536,0,0,540,0,78,101,22,-48,-13,-3,0
1540,0,0,541,0,79,102,22,-48,-13,-3,0
1544,0,0,541,0,80,102,22,-48,-13,-2,0
1548,0,0,541,0,81,102,22,-48,-13,-3,0
1552,0,0,541,0,82,103,22,-48,-13,-3,0
1556,0,0,542,0,83,104,22,-48,-13,-3,0
1560,0,0,542,0,83,104,22,-47,-12,-3,0
1564,0,0,542,0,84,104,22,-47,-12,-3,0
1568,0,0,542,0,85,105,21,-47,-13,-3,0
1572,0,0,542,0,86,106,21,-47,-13,-4,0
1576,0,0,543,0,87,106,21,-47,-13,-3,0
1580,0,0,541,0,88,107,21,-47,-13,-4,0
1584,0,0,542,0,89,107,21,-46,-12,-3,0
1588,0,0,542,0,89,108,21,-46,-12,-4,0
1592,0,0,542,0,90,108,21,-46,-12,-3,0
1596,0,0,542,0,91,109,21,-46,-12,-4,0
1600,0,0,541,0,92,109,21,-46,-12,-4,0
1604,0,0,542,0,93,110,21,-46,-12,-4,0
1608,0,0,541,0,94,110,21,-45,-12,-3,0
1612,0,0,541,0,95,110,21,-45,-12,-4,0
1616,0,0,540,0,96,111,21,-45,-12,-4,0
1620,0,0,541,0,97,112,21,-45,-12,-4,0
1624,0,0,541,0,97,112,21,-45,-12,-4,0
1628,0,0,541,0,98,112,22,-44,-11,-4,0
1632,0,0,541,0,99,113,22,-44,-11,-4,0
1636,0,0,541,0,100,114,22,-44,-11,-4,0
1640,0,0,541,0,101,114,22,-44,-11,-4,0
1644,0,0,541,0,102,114,22,-44,-11,-4,0
1648,0,0,540,0,103,115,22,-44,-11,-4,0
1652,0,0,540,0,103,115,22,-43,-10,-4,0
1656,0,0,540,0,104,116,22,-43,-10,-4,0
1660,0,0,539,0,105,116,22,-43,-10,-4,0
1664,0,0,538,0,106,117,22,-43,-10,-4,0
1668,0,0,538,0,107,117,23,-43,-10,-4,0
1672,0,0,537,0,108,118,23,-42,-9,-4,0
1676,0,0,537,0,109,118,23,-42,-9,-4,0
1680,0,0,537,0,109,118,24,-42,-9,-4,0
1684,0,0,536,0,110,119,24,-42,-9,-5,0
1688,0,0,537,0,111,119,24,-42,-9,-4,0
1692,0,0,537,0,112,120,24,-41,-8,-4,0
1696,0,0,537,0,113,120,25,-41,-8,-4,0
1700,0,0,536,0,114,121,25,-41,-8,-5,0
1704,0,0,537,0,115,121,25,-41,-8,-4,0
1708,0,0,536,0,115,122,25,-41,-8,-5,0
1712,0,0,537,0,116,122,25,-40,-7,-4,0
1716,0,0,536,0,117,122,25,-40,-7,-4,0
1720,0,0,535,0,118,123,26,-40,-7,-4,0
1724,0,0,535,0,119,124,26,-40,-7,-4,0
1728,0,0,534,0,119,124,26,-40,-7,-4,0
1732,0,0,534,0,120,124,27,-39,-6,-4,0
1736,0,0,533,0,121,125,27,-39,-6,-5,0
1740,0,0,532,0,122,125,27,-39,-6,-4,0
1744,0,0,533,0,123,126,28,-39,-5,-4,0
1748,0,0,531,0,124,126,28,-39,-5,-4,0
1752,0,0,531,0,125,126,29,-38,-4,-4,0
1756,0,0,531,0,125,127,29,-38,-4,-4,0
1760,0,0,531,0,126,128,29,-38,-4,-4,0
1764,0,0,531,0,127,128,30,-38,-4,-4,0
1768,0,0,531,0,128,128,30,-38,-4,-4,0
1772,0,0,530,0,129,129,30,-38,-4,-4,0
1776,0,0,530,0,129,129,31,-37,-3,-4,0
1780,0,0,530,0,130,130,31,-37,-3,-3,0
1784,0,0,529,0,131,130,31,-37,-3,-3,0
1788,0,0,529,0,132,131,32,-37,-2,-4,0
1792,0,0,528,0,132,131,32,-37,-2,-4,0
1796,0,0,528,0,133,132,32,-36,-2,-4,0
1800,0,0,527,0,134,132,33,-36,-1,-3,0
1804,0,0,527,0,135,132,33,-36,-1,-4,0
1808,0,0,526,0,135,133,34,-36,-1,-3,0
1812,0,0,526,0,136,134,34,-36,-1,-4,0
1816,0,0,525,0,137,134,35,-36,0,-3,0
1820,0,0,525,0,137,134,35,-35,0,-3,0
1824,0,0,524,0,138,135,35,-35,0,-4,0
1828,0,0,524,0,139,135,36,-35,0,-4,0
1832,0,0,524,0,140,136,36,-35,0,-4,0
1836,0,0,523,0,140,136,37,-35,1,-3,0
1840,0,0,522,0,141,137,37,-35,1,-4,0
1844,0,0,522,0,142,137,38,-34,2,-3,0
1848,0,0,522,0,142,138,38,-34,2,-4,0
1852,0,0,522,0,143,138,39,-34,2,-3,0
1856,0,0,522,0,144,138,39,-34,2,-3,0
1860,0,0,521,0,144,139,39,-34,2,-4,0
1864,0,0,522,0,145,140,40,-34,3,-4,0
1868,0,0,521,0,146,140,40,-33,3,-3,0
1872,0,0,521,0,147,141,40,-33,3,-3,0
1876,0,0,520,0,147,141,41,-33,4,-3,0
1880,0,0,520,0,148,142,41,-33,4,-3,0
1884,0,0,519,0,149,142,41,-33,4,-3,0
1888,0,0,518,0,149,142,42,-33,4,-3,0
1892,0,0,518,0,150,143,42,-33,4,-3,0
1896,0,0,518,0,151,144,43,-32,5,-3,0
1900,0,0,517,0,151,144,43,-32,5,-3,0
1904,0,0,516,0,152,145,44,-32,6,-3,0
1908,0,0,515,0,153,145,44,-32,6,-3,0
1912,0,0,516,0,153,146,45,-32,6,-3,0
1916,0,0,515,0,154,146,45,-32,6,-3,0
1920,0,0,514,0,155,147,46,-32,7,-3,0
1924,0,0,515,0,155,148,46,-31,7,-2,0
1928,0,0,514,0,156,148,46,-31,7,-2,0
1932,0,0,514,0,157,149,47,-31,8,-2,0
1936,0,0,513,0,157,149,47,-31,8,-2,0
1940,0,0,513,0,158,150,48,-31,8,-2,0
1944,0,0,513,0,159,150,48,-31,8,-2,0
1948,0,0,512,0,159,151,49,-31,9,-2,0
1952,0,0,512,0,160,152,49,-31,9,-2,0
1956,0,0,512,0,161,152,49,-31,9,-1,0
1960,0,0,511,0,161,153,50,-31,9,-1,0
1964,0,0,511,0,162,154,50,-31,9,-1,0
1968,0,0,511,0,162,154,51,-30,10,-1,0
1972,0,0,510,0,163,154,51,-30,10,-1,0
1976,0,0,510,0,164,155,51,-30,10,-1,0
1980,0,0,510,0,164,156,52,-30,11,-1,0
1984,0,0,509,0,165,156,52,-30,11,-1,0
1988,0,0,508,0,165,157,53,-30,11,-1,0
1992,0,0,507,0,166,158,53,-30,11,0,0
1996,0,0,508,0,167,158,53,-30,11,0,0
2000,0,0,507,0,167,159,54,-30,12,0,0
2004,0,0,507,0,168,159,54,-30,12,0,0
2008,0,0,506,0,169,160,55,-30,12,0,0
2012,0,0,506,0,169,161,55,-30,12,0,0
2016,0,0,505,0,170,162,56,-30,13,0,0
2020,0,0,505,0,171,162,56,-30,13,0,0
2024,0,0,505,0,171,163,57,-30,13,0,0
2028,0,0,505,0,172,164,57,-30,13,0,0
2032,0,0,505,0,173,164,57,-30,13,0,0
2036,0,0,505,0,173,165,57,-30,13,0,0
2040,0,0,505,0,174,166,58,-30,14,0,0
2044,0,0,505,0,175,166,58,-30,14,0,0
2048,0,0,504,0,175,167,58,-30,14,0,0
2052,0,0,504,0,176,168,59,-30,14,0,0
2056,0,0,504,0,177,169,59,-30,14,0,0
2060,0,0,504,0,177,170,59,-30,14,0,0
2064,0,0,503,0,178,170,59,-30,14,0,0
2068,0,0,502,0,178,171,60,-30,15,0,0
2072,0,0,503,0,179,172,60,-30,15,0,0
2076,0,0,502,0,180,172,60,-30,15,0,0
2080,0,0,502,0,180,173,61,-30,15,0,0
2084,0,0,502,0,181,174,61,-30,15,0,0
2088,0,0,502,0,181,175,61,-30,15,0,0
2092,0,0,501,0,182,176,61,-30,15,0,0
2096,0,0,501,0,183,176,62,-30,16,0,0
2100,0,0,501,0,183,177,62,-30,16,0,0
2104,0,0,501,0,184,178,62,-30,16,0,0
2108,0,0,500,0,184,179,63,-30,16,0,0
2112,0,0,501,0,185,180,63,-30,16,1,0
2116,0,0,500,0,185,180,63,-31,16,1,0
2120,0,0,500,0,186,181,63,-31,16,0,0
2124,0,0,501,0,187,182,63,-31,16,1,0
2128,0,0,500,0,187,183,64,-31,16,1,0
2132,0,0,500,0,188,184,64,-31,16,1,0
2136,0,0,500,0,189,185,64,-31,16,2,0
2140,0,0,500,0,189,186,64,-31,16,1,0
2144,0,0,499,0,190,186,64,-31,16,2,0
2148,0,0,499,0,190,187,64,-31,16,2,0
2152,0,0,500,0,191,189,65,-31,17,2,0
2156,0,0,499,0,192,189,65,-31,17,2,0
2160,0,0,498,0,192,190,65,-31,17,1,0
2164,0,0,498,0,193,191,65,-31,17,1,0
2168,0,0,498,0,193,192,65,-32,16,2,0
2172,0,0,498,0,194,193,66,-32,17,1,0
2176,0,0,498,0,195,194,66,-32,17,2,0
2180,0,0,498,0,195,195,66,-32,17,2,0
2184,0,0,497,0,196,196,66,-32,17,2,0
2188,0,0,497,0,196,197,66,-32,17,2,0
2192,0,0,497,0,197,198,67,-32,17,2,0
2196,0,0,497,0,198,199,67,-32,17,2,0
2200,0,0,497,0,198,200,67,-32,17,3,0
2204,0,0,497,0,199,200,67,-33,17,3,0
2208,0,0,496,0,199,202,67,-33,17,3,0
2212,0,0,497,0,200,202,68,-33,17,3,0
2216,0,0,497,0,201,204,68,-33,17,2,0
2220,0,0,497,0,201,204,68,-33,17,3,0
2224,0,0,496,0,202,205,68,-33,17,3,0
2228,0,0,497,0,202,206,68,-33,17,3,0
2232,0,0,497,0,203,207,68,-34,17,3,0
2236,0,0,497,0,203,208,68,-34,17,3,0
2240,0,0,496,0,204,209,68,-34,17,3,0
2244,0,0,496,0,204,210,68,-34,17,3,0
2248,0,0,497,0,205,211,68,-34,17,4,0
2252,0,0,496,0,205,212,69,-34,17,3,0
2256,0,0,496,0,206,213,69,-34,17,4,0
2260,0,0,497,0,206,214,69,-35,17,4,0
2264,0,0,496,0,207,214,69,-35,17,4,0
2268,0,0,496,0,207,216,69,-35,17,4,0
2272,0,0,496,0,208,216,69,-35,17,5,0
2276,0,0,496,0,209,218,69,-35,17,4,0
2280,0,0,496,0,209,218,69,-36,16,4,0
2284,0,0,495,0,210,220,69,-36,16,4,0
2288,0,0,496,0,210,220,69,-36,16,4,0
2292,0,0,496,0,211,222,69,-36,16,4,0
2296,0,0,496,0,211,222,69,-36,16,4,0
2300,0,0,496,0,212,223,69,-36,16,4,0
2304,0,0,496,0,212,224,69,-37,16,3,0
2308,0,0,496,0,213,225,69,-37,16,4,0
2312,0,0,497,0,213,226,69,-37,16,3,0
2316,0,0,496,0,214,227,69,-37,16,4,0
2320,0,0,497,0,214,228,69,-37,16,4,0
2324,0,0,497,0,215,229,69,-37,16,4,0
2328,0,0,497,0,215,230,69,-38,15,4,0
2332,0,0,497,0,216,230,69,-38,15,5,0
2336,0,0,497,0,217,232,69,-38,15,5,0
2340,0,0,497,0,217,232,69,-38,15,4,0
2344,0,0,497,0,218,234,69,-38,15,4,0
2348,0,0,498,0,218,234,69,-39,15,4,0
2352,0,0,498,0,219,236,69,-39,15,4,0
2356,0,0,498,0,219,237,69,-39,15,4,0
2360,0,0,498,0,220,238,68,-39,14,4,0
2364,0,0,498,0,221,238,68,-39,14,4,0
2368,0,0,498,0,221,240,68,-39,14,3,0
2372,0,0,498,0,222,240,68,-40,14,3,0
2376,0,0,498,0,222,242,68,-40,14,3,0
2380,0,0,498,0,223,242,68,-40,14,3,0
2384,0,0,498,0,223,244,68,-40,14,3,0
2388,0,0,498,0,224,244,68,-40,14,4,0
2392,0,0,498,0,224,246,68,-40,14,3,0
2396,0,0,499,0,225,246,68,-40,14,3,0
2400,0,0,499,0,226,248,68,-41,13,3,0
2404,0,0,499,0,226,248,67,-41,13,3,0
2408,0,0,499,0,227,250,67,-41,13,3,0
2412,0,0,499,0,227,250,67,-41,13,3,0
2416,0,0,499,0,228,252,67,-41,13,3,0
2420,0,0,499,0,229,253,67,-41,13,3,0
2424,0,0,500,0,229,254,67,-41,13,3,0
2428,0,0,500,0,230,255,67,-42,12,3,0
2432,0,0,500,0,231,256,67,-42,12,2,0
2436,0,0,502,0,231,257,66,-42,12,2,0
2440,0,0,502,0,232,258,66,-42,12,3,0
2444,0,0,502,0,232,259,66,-42,12,3,0
2448,0,0,502,0,233,260,65,-42,11,3,0
2452,0,0,502,0,234,261,65,-42,11,3,0
2456,0,0,503,0,234,262,65,-42,11,3,0
2460,0,0,504,0,235,264,65,-43,11,3,0
2464,0,0,503,0,236,264,64,-43,10,3,0
2468,0,0,504,0,236,266,64,-43,10,3,0
2472,0,0,504,0,237,267,64,-43,10,3,0
2476,0,0,504,0,238,268,63,-43,10,4,0
2480,0,0,505,0,238,269,63,-43,10,3,0
2484,0,0,505,0,239,270,63,-44,9,3,0
2488,0,0,505,0,240,271,63,-44,9,3,0
2492,0,0,505,0,241,272,62,-44,9,4,0
2496,0,0,505,0,241,274,62,-44,9,4,0
2500,0,0,506,0,242,275,62,-44,9,4,0
2504,0,0,507,0,243,276,61,-44,8,4,0
2508,0,0,506,0,244,277,61,-45,8,4,0
2512,0,0,507,0,245,278,61,-45,8,4,0
2516,0,0,507,0,245,279,61,-45,8,3,0
2520,0,0,508,0,246,280,60,-45,7,4,0
2524,0,0,508,0,247,282,60,-45,7,3,0
2528,0,0,509,0,248,283,59,-45,7,3,0
2532,0,0,510,0,249,284,59,-45,7,3,0
2536,0,0,511,0,250,285,58,-46,6,3,0
2540,0,0,512,0,251,286,58,-46,6,2,0
2544,0,0,512,0,251,288,57,-46,5,2,0
2548,0,0,512,0,252,289,57,-46,5,2,0
2552,0,0,513,0,253,290,56,-46,5,2,0
2556,0,0,513,0,254,292,56,-46,5,2,0
2560,0,0,514,0,255,293,55,-46,4,2,0
2564,0,0,514,0,256,294,55,-46,4,2,0
2568,0,0,514,0,257,295,54,-46,4,2,0
2572,0,0,515,0,258,296,54,-47,3,2,0
2576,0,0,516,0,259,298,53,-47,3,2,0
2580,0,0,517,0,259,299,53,-47,3,2,0
2584,0,0,518,0,261,300,52,-47,2,2,0
2588,0,0,519,0,261,302,51,-47,2,1,0
2592,0,0,520,0,263,303,51,-47,2,2,0
2596,0,0,521,0,263,304,50,-47,1,1,0
2600,0,0,522,0,265,306,49,-47,1,1,0
2604,0,0,524,0,265,307,48,-47,0,1,0
2608,0,0,524,0,267,308,47,-47,0,1,0
2612,0,0,526,0,268,310,46,-47,0,1,0
2616,0,0,526,0,269,311,46,-47,0,1,0
2620,0,0,527,0,270,312,45,-47,-1,1,0
2624,0,0,527,0,271,314,44,-48,-2,1,0
2628,0,0,528,0,272,315,43,-48,-2,1,0
2632,0,0,529,0,273,316,42,-48,-3,1,0
2636,0,0,530,0,274,318,41,-48,-3,1,0
2640,0,0,531,0,275,319,40,-48,-4,1,0
2644,0,0,532,0,276,320,40,-48,-4,1,0
2648,0,0,533,0,277,321,39,-48,-4,1,0
2652,0,0,536,0,278,322,37,-48,-5,1,0
2656,0,0,537,0,279,324,36,-48,-6,1,0
2660,0,0,539,0,280,325,35,-48,-6,1,0
2664,0,0,540,0,281,326,34,-48,-7,1,0
2668,0,0,539,0,283,328,33,-48,-7,1,0
2672,0,0,541,0,284,329,32,-48,-8,1,0
2676,0,0,542,0,285,330,31,-48,-8,1,0
2680,0,0,541,0,286,331,30,-48,-9,1,0
2684,0,0,544,0,287,333,29,-48,-9,1,0
2688,0,0,544,0,288,334,28,-49,-10,1,0
2692,0,0,545,0,289,335,27,-49,-11,1,0
2696,0,0,546,0,290,336,26,-49,-11,1,0
2700,0,0,547,0,291,337,25,-49,-12,1,0
2704,0,0,549,0,293,338,23,-49,-13,1,0
2708,0,0,550,0,294,340,22,-49,-13,0,0
2712,0,0,551,0,295,341,21,-49,-14,1,0
2716,0,0,554,0,296,342,20,-49,-14,0,0
2720,0,0,555,0,297,343,19,-49,-15,0,0
2724,0,0,556,0,298,344,17,-49,-16,0,0
2728,0,0,557,0,299,345,16,-49,-16,0,0
2732,0,0,558,0,300,346,15,-49,-17,0,0
2736,0,0,559,0,301,347,14,-49,-17,0,0
2740,0,0,560,0,302,348,12,-49,-18,0,0
2744,0,0,562,0,303,349,11,-49,-19,0,0
2748,0,0,562,0,305,350,10,-49,-19,0,0
2752,0,0,563,0,306,352,9,-49,-20,0,0
2756,0,0,563,0,307,352,8,-49,-20,0,0
2760,0,0,566,0,308,354,7,-49,-21,0,0
2764,0,0,567,0,309,354,5,-49,-22,0,0
2768,0,0,568,0,310,356,4,-49,-22,0,0
2772,0,0,570,0,311,357,3,-49,-23,0,0
2776,0,0,571,0,312,358,1,-49,-24,0,0
2780,0,0,572,0,313,358,0,-49,-24,0,0
2784,0,0,573,0,314,360,0,-49,-24,-1,0
2788,0,0,574,0,315,360,-1,-49,-25,-1,0
2792,0,0,575,0,317,362,-2,-49,-25,-1,0
2796,0,0,575,0,318,362,-4,-49,-26,-1,0
2800,0,0,575,0,319,364,-5,-49,-27,-1,0
2804,0,0,577,0,320,364,-6,-49,-27,-1,0
2808,0,0,578,0,321,366,-7,-49,-28,-1,0
2812,0,0,579,0,322,366,-8,-48,-28,-1,0
2816,0,0,581,0,323,367,-9,-48,-28,-2,0
2820,0,0,581,0,325,368,-10,-48,-29,-2,0
2824,0,0,582,0,326,369,-11,-48,-29,-2,0
2828,0,0,584,0,327,370,-12,-48,-30,-2,0
2832,0,0,585,0,328,371,-13,-48,-30,-2,0
2836,0,0,586,0,329,372,-15,-48,-31,-2,0
2840,0,0,586,0,331,373,-16,-48,-32,-2,0
2844,0,0,587,0,332,374,-17,-48,-32,-2,0
2848,0,0,588,0,333,375,-18,-47,-32,-2,0
2852,0,0,589,0,334,376,-19,-47,-33,-2,0
2856,0,0,591,0,336,377,-20,-47,-33,-2,0
2860,0,0,591,0,337,378,-21,-47,-34,-2,0
2864,0,0,593,0,338,378,-22,-47,-34,-2,0
2868,0,0,593,0,339,380,-23,-47,-35,-1,0
2872,0,0,595,0,341,381,-24,-47,-35,-1,0
2876,0,0,595,0,342,381,-25,-47,-36,-2,0
2880,0,0,597,0,343,382,-26,-47,-36,-2,0
2884,0,0,596,0,345,383,-27,-47,-37,-2,0
2888,0,0,597,0,346,384,-28,-47,-37,-2,0
2892,0,0,598,0,347,385,-29,-47,-38,-2,0
2896,0,0,598,0,349,386,-30,-46,-38,-2,0
2900,0,0,599,0,350,387,-31,-46,-38,-2,0
2904,0,0,600,0,351,388,-32,-46,-39,-2,0
2908,0,0,601,0,353,389,-33,-46,-39,-1,0
2912,0,0,602,0,354,390,-34,-46,-40,-2,0
2916,0,0,603,0,355,391,-35,-46,-40,-1,0
2920,0,0,604,0,357,392,-36,-46,-41,-1,0
2924,0,0,605,0,358,393,-37,-46,-41,-1,0
2928,0,0,605,0,360,394,-37,-46,-41,-1,0
2932,0,0,606,0,361,394,-38,-46,-42,-1,0
2936,0,0,606,0,363,396,-39,-46,-42,-2,0
2940,0,0,606,0,364,396,-40,-46,-43,-2,0
2944,0,0,607,0,365,397,-41,-45,-43,-2,0
2948,0,0,607,0,367,398,-41,-45,-43,-2,0
2952,0,0,607,0,369,399,-42,-45,-43,-3,0
2956,0,0,610,0,370,400,-43,-45,-44,-3,0
2960,0,0,609,0,371,401,-43,-45,-44,-3,0
2964,0,0,610,0,373,402,-44,-45,-44,-3,0
2968,0,0,610,0,375,403,-45,-45,-45,-3,0
2972,0,0,611,0,376,404,-45,-45,-45,-3,0
2976,0,0,611,0,377,405,-46,-44,-45,-3,0
2980,0,0,611,0,379,406,-47,-44,-45,-3,0
2984,0,0,611,0,381,407,-47,-44,-45,-2,0
2988,0,0,611,0,382,408,-48,-44,-46,-2,0
2992,0,0,612,0,384,409,-48,-44,-46,-2,0
2996,0,0,612,0,385,410,-48,-44,-46,-3,0
3000,0,0,612,0,387,411,-49,-44,-46,-3,0
3004,0,0,614,0,389,412,-49,-44,-46,-3,0
3008,0,0,613,0,391,413,-50,-43,-46,-3,0
3012,0,0,614,0,392,414,-50,-43,-46,-3,0
3016,0,0,613,0,394,415,-51,-43,-47,-3,0
3020,0,0,613,0,396,416,-51,-43,-47,-3,0
3024,0,0,613,0,397,417,-51,-43,-47,-3,0
3028,0,0,612,0,399,418,-51,-43,-47,-3,0
3032,0,0,614,0,401,419,-52,-43,-47,-3,0
3036,0,0,612,0,402,420,-52,-42,-47,-3,0
3040,0,0,613,0,404,421,-52,-42,-47,-3,0
3044,0,0,613,0,406,422,-52,-42,-47,-2,0
3048,0,0,613,0,407,422,-52,-42,-47,-2,0
3052,0,0,613,0,409,424,-52,-42,-47,-2,0
3056,0,0,614,0,411,424,-53,-42,-47,-2,0
3060,0,0,613,0,413,426,-53,-42,-47,-2,0
3064,0,0,613,0,415,426,-53,-42,-47,-2,0
3068,0,0,613,0,417,427,-53,-42,-47,-3,0
3072,0,0,613,0,418,428,-53,-41,-47,-3,0
3076,0,0,613,0,420,429,-53,-41,-47,-3,0
3080,0,0,613,0,422,430,-53,-41,-47,-3,0
3084,0,0,613,0,423,431,-53,-41,-47,-3,0
3088,0,0,612,0,425,432,-53,-41,-47,-3,0
3092,0,0,612,0,427,433,-53,-41,-47,-3,0
3096,0,0,612,0,429,434,-53,-41,-47,-3,0
3100,0,0,611,0,430,434,-53,-40,-46,-3,0
3104,0,0,611,0,432,436,-53,-40,-46,-3,0
3108,0,0,611,0,434,436,-53,-40,-46,-3,0
3112,0,0,611,0,436,437,-53,-40,-46,-3,0
3116,0,0,610,0,437,438,-52,-40,-46,-3,0
3120,0,0,610,0,439,439,-52,-40,-46,-4,0
3124,0,0,610,0,441,440,-52,-40,-46,-3,0
3128,0,0,608,0,443,441,-52,-39,-45,-4,0
3132,0,0,610,0,445,442,-51,-39,-45,-4,0
3136,0,0,607,0,446,442,-51,-39,-45,-4,0
3140,0,0,607,0,448,443,-51,-39,-45,-4,0
3144,0,0,607,0,449,444,-50,-39,-44,-4,0
3148,0,0,606,0,451,444,-50,-39,-44,-4,0
3152,0,0,606,0,453,445,-50,-38,-44,-4,0
3156,0,0,606,0,455,446,-49,-38,-43,-4,0
3160,0,0,604,0,456,447,-49,-38,-43,-4,0
3164,0,0,604,0,458,448,-48,-38,-43,-4,0
3168,0,0,602,0,460,448,-48,-38,-43,-4,0
3172,0,0,601,0,461,449,-47,-37,-42,-4,0
3176,0,0,600,0,463,450,-46,-37,-41,-4,0
3180,0,0,599,0,465,450,-46,-37,-41,-4,0
3184,0,0,598,0,466,451,-45,-37,-41,-4,0
3188,0,0,597,0,468,452,-44,-37,-40,-5,0
3192,0,0,596,0,469,453,-43,-36,-39,-4,0
3196,0,0,594,0,471,453,-42,-36,-39,-4,0
3200,0,0,592,0,473,454,-41,-36,-38,-5,0
3204,0,0,591,0,474,454,-40,-36,-38,-5,0
3208,0,0,589,0,476,455,-39,-36,-37,-5,0
3212,0,0,590,0,477,456,-38,-35,-36,-5,0
3216,0,0,587,0,479,456,-37,-35,-36,-5,0
3220,0,0,586,0,480,456,-35,-35,-35,-5,0
3224,0,0,585,0,482,457,-34,-35,-34,-5,0
3228,0,0,584,0,483,458,-33,-34,-33,-5,0
3232,0,0,583,0,485,458,-32,-34,-33,-5,0
3236,0,0,582,0,486,458,-31,-34,-32,-6,0
3240,0,0,579,0,487,459,-30,-34,-32,-5,0
3244,0,0,578,0,489,460,-28,-34,-31,-5,0
3248,0,0,576,0,490,460,-27,-33,-30,-5,0
3252,0,0,574,0,491,460,-25,-33,-29,-6,0
3256,0,0,572,0,493,461,-24,-33,-28,-6,0
3260,0,0,571,0,494,461,-22,-32,-27,-6,0
3264,0,0,570,0,495,462,-21,-32,-26,-6,0
3268,0,0,568,0,496,462,-19,-32,-25,-6,0
3272,0,0,566,0,497,462,-18,-32,-25,-6,0
3276,0,0,564,0,499,463,-16,-31,-23,-6,0
3280,0,0,563,0,500,463,-15,-31,-23,-6,0
3284,0,0,560,0,501,463,-13,-31,-22,-6,0
3288,0,0,558,0,502,464,-11,-31,-21,-7,0
3292,0,0,557,0,503,464,-9,-30,-19,-7,0
3296,0,0,554,0,505,464,-8,-30,-19,-7,0
3300,0,0,553,0,505,464,-6,-30,-18,-7,0
3304,0,0,552,0,507,465,-4,-29,-16,-7,0
3308,0,0,550,0,508,465,-2,-29,-15,-7,0
3312,0,0,550,0,509,466,-1,-29,-15,-7,0
3316,0,0,547,0,510,466,0,-28,-14,-7,0
3320,0,0,546,0,511,466,2,-28,-13,-7,0
3324,0,0,546,0,512,466,3,-28,-12,-7,0
3328,0,0,542,0,513,466,5,-28,-11,-8,0
3332,0,0,541,0,513,467,6,-27,-10,-8,0
3336,0,0,540,0,514,467,8,-27,-9,-8,0
3340,0,0,538,0,515,468,10,-26,-8,-8,0
3344,0,0,537,0,516,468,11,-26,-7,-7,0
3348,0,0,536,0,517,468,13,-26,-6,-7,0
3352,0,0,534,0,518,468,15,-26,-5,-7,0
3356,0,0,532,0,519,468,16,-25,-4,-7,0
3360,0,0,531,0,519,469,18,-25,-3,-8,0
3364,0,0,530,0,520,469,19,-25,-3,-7,0
3368,0,0,529,0,521,469,21,-24,-1,-7,0
3372,0,0,529,0,521,470,22,-24,-1,-7,0
3376,0,0,527,0,522,470,24,-24,0,-6,0
3380,0,0,528,0,523,470,25,-23,1,-7,0
3384,0,0,526,0,523,470,26,-23,1,-7,0
3388,0,0,525,0,524,470,27,-23,2,-7,0
3392,0,0,524,0,525,470,29,-22,3,-7,0
3396,0,0,523,0,525,471,30,-22,4,-7,0
3400,0,0,522,0,526,471,31,-22,4,-6,0
3404,0,0,521,0,526,471,32,-22,5,-6,0
3408,0,0,520,0,527,472,34,-21,6,-7,0
3412,0,0,519,0,527,472,35,-21,7,-6,0
3416,0,0,517,0,528,472,36,-21,7,-6,0
3420,0,0,516,0,529,472,37,-21,8,-6,0
3424,0,0,517,0,529,472,38,-20,9,-6,0
3428,0,0,514,0,529,473,39,-20,9,-6,0
3432,0,0,514,0,530,473,41,-20,10,-6,0
3436,0,0,515,0,531,473,41,-19,11,-6,0
3440,0,0,514,0,531,474,42,-19,11,-6,0
3444,0,0,513,0,531,474,43,-19,12,-6,0
3448,0,0,512,0,532,474,44,-19,12,-6,0
3452,0,0,512,0,533,475,45,-18,13,-6,0
3456,0,0,511,0,533,475,46,-18,14,-5,0
3460,0,0,510,0,533,475,47,-18,14,-5,0
3464,0,0,510,0,534,476,48,-18,15,-5,0
3468,0,0,509,0,535,476,48,-18,15,-5,0
3472,0,0,508,0,535,477,49,-17,16,-5,0
3476,0,0,507,0,535,477,50,-17,16,-5,0
3480,0,0,507,0,536,478,51,-17,17,-4,0
3484,0,0,506,0,536,478,52,-17,17,-3,0
3488,0,0,506,0,537,478,52,-17,17,-3,0
3492,0,0,505,0,537,479,53,-16,18,-3,0
3496,0,0,504,0,538,479,54,-16,19,-2,0
3500,0,0,504,0,538,480,55,-16,19,-3,0
3504,0,0,504,0,539,480,55,-16,19,-2,0
3508,0,0,502,0,539,481,56,-16,20,-2,0
3512,0,0,502,0,539,481,57,-16,20,-1,0
3516,0,0,501,0,540,482,58,-16,21,-2,0
3520,0,0,500,0,540,482,58,-16,21,-1,0
3524,0,0,500,0,541,483,59,-16,21,-1,0
3528,0,0,499,0,541,484,60,-16,22,0,0
3532,0,0,498,0,542,484,61,-16,22,0,0
3536,0,0,498,0,542,485,61,-16,22,0,0
3540,0,0,497,0,543,485,62,-16,23,0,0
3544,0,0,497,0,543,486,63,-16,23,0,0
3548,0,0,496,0,544,486,63,-16,23,0,0
3552,0,0,496,0,544,487,64,-16,24,0,0
3556,0,0,496,0,545,488,65,-16,24,0,0
3560,0,0,496,0,545,488,65,-16,24,0,0
3564,0,0,494,0,545,489,66,-16,25,0,0
3568,0,0,494,0,546,490,66,-16,25,1,0
3572,0,0,495,0,546,490,67,-16,25,1,0
3576,0,0,493,0,547,491,67,-16,25,1,0
3580,0,0,494,0,547,492,68,-16,26,0,0
3584,0,0,492,0,548,492,68,-16,26,1,0
3588,0,0,492,0,548,493,69,-16,26,0,0
3592,0,0,493,0,549,494,69,-16,26,1,0
3596,0,0,492,0,549,494,70,-16,27,1,0
3600,0,0,491,0,549,495,70,-16,27,1,0
3604,0,0,491,0,550,496,71,-17,27,1,0
3608,0,0,491,0,550,496,71,-17,27,2,0
3612,0,0,491,0,551,497,72,-17,27,1,0
3616,0,0,489,0,551,498,72,-17,27,2,0
3620,0,0,489,0,552,499,73,-17,28,2,0
3624,0,0,489,0,552,500,73,-17,28,2,0
3628,0,0,489,0,553,500,73,-17,28,2,0
3632,0,0,488,0,553,501,74,-17,28,2,0
3636,0,0,488,0,554,502,74,-17,28,2,0
3640,0,0,488,0,554,503,75,-17,29,2,0
3644,0,0,488,0,555,504,75,-18,28,3,0
3648,0,0,488,0,555,504,75,-18,28,2,0
3652,0,0,487,0,556,505,76,-18,29,3,0
3656,0,0,487,0,556,506,76,-18,29,2,0
3660,0,0,486,0,557,507,76,-18,29,3,0
3664,0,0,486,0,557,508,77,-18,29,3,0
3668,0,0,487,0,558,509,77,-18,29,3,0
3672,0,0,486,0,558,510,77,-19,29,3,0
3676,0,0,486,0,559,510,78,-19,29,3,0
3680,0,0,486,0,559,512,78,-19,29,3,0
3684,0,0,486,0,560,512,78,-19,29,3,0
3688,0,0,485,0,560,513,78,-19,29,3,0
3692,0,0,486,0,561,514,79,-19,30,3,0
3696,0,0,485,0,561,515,79,-20,29,3,0
3700,0,0,485,0,561,516,79,-20,29,4,0
3704,0,0,485,0,562,517,79,-20,29,3,0
3708,0,0,485,0,563,518,80,-20,30,4,0
3712,0,0,485,0,563,519,80,-20,30,4,0
3716,0,0,484,0,563,520,80,-20,30,4,0
3720,0,0,485,0,564,520,80,-21,29,4,0
3724,0,0,484,0,564,522,80,-21,29,4,0
3728,0,0,485,0,565,522,80,-21,29,4,0
3732,0,0,485,0,565,524,81,-21,30,4,0
3736,0,0,485,0,566,525,81,-21,30,4,0
3740,0,0,485,0,566,525,81,-22,29,4,0
3744,0,0,485,0,567,526,81,-22,29,4,0
3748,0,0,485,0,567,527,81,-22,29,4,0
3752,0,0,485,0,567,528,81,-22,29,4,0
3756,0,0,484,0,568,529,81,-22,29,5,0
3760,0,0,485,0,568,530,81,-23,29,4,0
3764,0,0,484,0,569,531,81,-23,29,5,0
3768,0,0,483,0,569,532,81,-23,29,4,0
3772,0,0,483,0,569,533,82,-23,29,5,0
3776,0,0,484,0,570,534,82,-23,29,5,0
3780,0,0,484,0,570,535,82,-24,29,5,0
3784,0,0,484,0,571,536,82,-24,29,5,0
3788,0,0,484,0,571,537,82,-24,29,5,0
3792,0,0,484,0,571,538,82,-24,29,5,0
3796,0,0,484,0,572,539,82,-25,28,6,0
3800,0,0,484,0,572,540,82,-25,28,5,0
3804,0,0,484,0,573,541,82,-25,28,6,0
3808,0,0,484,0,573,542,82,-25,28,5,0
3812,0,0,485,0,573,543,82,-26,28,6,0
3816,0,0,484,0,574,544,82,-26,28,6,0
3820,0,0,484,0,574,545,82,-26,28,5,0
3824,0,0,484,0,575,546,82,-26,28,6,0
3828,0,0,484,0,575,547,82,-27,27,5,0
3832,0,0,484,0,575,548,82,-27,27,6,0
3836,0,0,483,0,576,549,82,-27,27,6,0
3840,0,0,484,0,576,550,82,-27,27,6,0
3844,0,0,484,0,576,551,82,-28,27,6,0
3848,0,0,484,0,577,552,82,-28,27,7,0
3852,0,0,484,0,577,553,82,-28,27,7,0
3856,0,0,484,0,577,554,82,-29,26,7,0
3860,0,0,484,0,578,555,82,-29,26,7,0
3864,0,0,484,0,578,556,82,-29,26,7,0
3868,0,0,484,0,578,557,82,-30,26,7,0
3872,0,0,484,0,579,558,82,-30,26,7,0
3876,0,0,484,0,579,559,82,-30,26,7,0
3880,0,0,484,0,579,560,82,-30,26,7,0
3884,0,0,483,0,580,561,82,-31,25,7,0
3888,0,0,484,0,580,562,82,-31,25,7,0
3892,0,0,484,0,580,563,82,-31,25,7,0
3896,0,0,484,0,581,564,82,-32,25,7,0
3900,0,0,483,0,581,565,83,-32,25,7,0
3904,0,0,483,0,581,566,83,-32,25,7,0
3908,0,0,482,0,582,567,83,-33,25,8,0
3912,0,0,482,0,582,568,83,-33,25,7,0
3916,0,0,483,0,582,569,83,-33,25,7,0
3920,0,0,484,0,583,570,83,-34,24,8,0
3924,0,0,483,0,583,572,83,-34,24,7,0
3928,0,0,483,0,583,573,83,-34,24,7,0
3932,0,0,483,0,584,574,83,-35,24,7,0
3936,0,0,483,0,584,575,83,-35,24,7,0
3940,0,0,484,0,585,576,83,-35,24,7,0
3944,0,0,483,0,585,577,83,-35,24,7,0
3948,0,0,483,0,585,578,83,-36,23,7,0
3952,0,0,483,0,586,579,83,-36,23,7,0
3956,0,0,483,0,586,580,83,-36,23,7,0
3960,0,0,483,0,587,581,83,-37,23,7,0
3964,0,0,483,0,587,582,83,-37,23,7,0
3968,0,0,483,0,587,583,83,-37,23,7,0
3972,0,0,483,0,588,584,83,-38,22,7,0
3976,0,0,483,0,588,586,83,-38,22,6,0
3980,0,0,484,0,589,586,83,-38,22,6,0
3984,0,0,483,0,589,588,83,-38,22,5,0
3988,0,0,483,0,589,588,83,-39,22,6,0
3992,0,0,482,0,590,590,83,-39,22,6,0
3996,0,0,483,0,590,590,83,-39,22,6,0
4000,0,0,483,0,591,592,83,-39,22,6,0
4004,0,0,483,0,591,592,83,-40,21,5,0
4008,0,0,482,0,591,594,83,-40,21,5,0
4012,0,0,483,0,592,595,83,-40,21,6,0
4016,0,0,483,0,592,596,83,-40,21,5,0
4020,0,0,483,0,593,597,83,-41,21,5,0
4024,0,0,483,0,593,598,83,-41,21,6,0
4028,0,0,483,0,594,599,83,-41,21,6,0
4032,0,0,483,0,594,600,83,-41,21,5,0
4036,0,0,483,0,595,601,83,-42,20,6,0
4040,0,0,483,0,595,602,83,-42,20,6,0
4044,0,0,482,0,596,604,84,-42,21,6,0
4048,0,0,484,0,596,604,83,-42,20,5,0
4052,0,0,483,0,597,606,83,-43,20,5,0
4056,0,0,483,0,597,607,83,-43,20,5,0
4060,0,0,482,0,598,608,84,-43,20,5,0
4064,0,0,482,0,598,609,84,-43,20,5,0
4068,0,0,483,0,599,610,84,-43,20,5,0
4072,0,0,483,0,599,611,84,-44,20,5,0
4076,0,0,482,0,600,612,84,-44,20,6,0
4080,0,0,482,0,600,613,84,-44,20,5,0
4084,0,0,483,0,601,614,84,-44,20,6,0
4088,0,0,482,0,602,616,84,-45,19,6,0
4092,0,0,482,0,602,617,84,-45,19,6,0
4096,0,0,482,0,603,618,84,-45,19,6,0
4100,0,0,482,0,603,619,84,-45,19,6,0
4104,0,0,482,0,604,620,84,-46,19,6,0
4108,0,0,482,0,605,621,84,-46,19,6,0
4112,0,0,482,0,605,622,84,-46,19,5,0
4116,0,0,482,0,606,624,84,-46,19,5,0
4120,0,0,483,0,607,625,84,-47,18,5,0
4124,0,0,483,0,607,626,84,-47,18,5,0
4128,0,0,482,0,608,627,84,-47,18,5,0
4132,0,0,483,0,609,628,84,-47,18,5,0
4136,0,0,483,0,609,630,84,-47,18,4,0
4140,0,0,482,0,610,631,84,-48,18,5,0
4144,0,0,482,0,610,632,84,-48,18,5,0
4148,0,0,482,0,611,633,84,-48,18,4,0
4152,0,0,482,0,612,634,84,-48,18,4,0
4156,0,0,482,0,613,636,84,-48,18,4,0
4160,0,0,482,0,613,637,84,-49,17,4,0
4164,0,0,482,0,614,638,84,-49,17,5,0
4168,0,0,482,0,615,639,84,-49,17,4,0
4172,0,0,482,0,615,641,84,-49,17,4,0
4176,0,0,482,0,616,642,84,-49,17,4,0
4180,0,0,482,0,617,643,84,-50,17,4,0
4184,0,0,482,0,618,645,84,-50,17,4,0
4188,0,0,482,0,618,646,84,-50,17,4,0
4192,0,0,482,0,619,647,84,-50,17,4,0
4196,0,0,482,0,620,648,84,-50,17,4,0
4200,0,0,482,0,621,650,84,-51,16,4,0
4204,0,0,482,0,622,651,84,-51,16,3,0
4208,0,0,482,0,622,652,84,-51,16,3,0
4212,0,0,482,0,623,654,84,-51,16,3,0
4216,0,0,484,0,624,655,84,-51,16,4,0
4220,0,0,483,0,625,656,84,-51,16,4,0
4224,0,0,482,0,626,658,84,-51,16,4,0
4228,0,0,482,0,627,659,84,-52,16,3,0
4232,0,0,482,0,627,660,84,-52,16,3,0
4236,0,0,483,0,628,662,84,-52,16,4,0
4240,0,0,482,0,629,663,84,-52,16,3,0
4244,0,0,482,0,630,664,84,-52,16,4,0
4248,0,0,482,0,631,666,84,-52,16,4,0
4252,0,0,482,0,632,667,84,-53,15,3,0
4256,0,0,482,0,633,668,84,-53,15,3,0
4260,0,0,482,0,634,670,84,-53,15,3,0
4264,0,0,482,0,635,671,84,-53,15,3,0
4268,0,0,482,0,635,672,84,-53,15,3,0
4272,0,0,483,0,637,674,84,-53,15,3,0
4276,0,0,482,0,637,675,84,-53,15,2,0
4280,0,0,483,0,638,676,84,-54,15,3,0
4284,0,0,483,0,639,678,84,-54,15,3,0
4288,0,0,483,0,640,679,84,-54,15,3,0
4292,0,0,484,0,641,680,84,-54,15,3,0
4296,0,0,484,0,642,682,84,-54,15,3,0
4300,0,0,484,0,643,683,84,-54,15,3,0
4304,0,0,484,0,644,684,83,-54,14,2,0
4308,0,0,484,0,645,686,83,-54,14,2,0
4312,0,0,484,0,646,687,83,-55,14,3,0
4316,0,0,484,0,647,688,83,-55,14,2,0
4320,0,0,484,0,648,690,83,-55,14,2,0
4324,0,0,484,0,649,691,83,-55,14,2,0
4328,0,0,484,0,649,693,83,-55,14,2,0
4332,0,0,485,0,651,694,83,-55,14,3,0
4336,0,0,485,0,651,695,83,-55,14,2,0
4340,0,0,485,0,652,697,82,-55,13,3,0
4344,0,0,486,0,653,698,82,-56,13,2,0
4348,0,0,486,0,654,699,82,-56,13,2,0
4352,0,0,488,0,655,701,82,-56,13,2,0
4356,0,0,488,0,656,702,81,-56,12,2,0
4360,0,0,489,0,657,703,81,-56,12,2,0
4364,0,0,489,0,658,704,80,-56,12,2,0
4368,0,0,490,0,659,706,80,-56,12,2,0
4372,0,0,490,0,660,707,80,-56,12,2,0
4376,0,0,490,0,661,708,79,-56,11,2,0
4380,0,0,491,0,661,710,79,-57,11,2,0
4384,0,0,492,0,662,711,78,-57,10,2,0
4388,0,0,492,0,663,712,78,-57,10,2,0
4392,0,0,492,0,664,713,77,-57,10,2,0
4396,0,0,493,0,665,714,77,-57,10,2,0
4400,0,0,494,0,666,716,76,-57,9,2,0
4404,0,0,494,0,666,717,76,-57,9,2,0
4408,0,0,494,0,667,718,76,-57,9,2,0
4412,0,0,495,0,668,719,75,-57,9,2,0
4416,0,0,496,0,669,720,75,-57,9,3,0
4420,0,0,497,0,670,722,74,-58,8,2,0
4424,0,0,498,0,670,723,73,-58,7,2,0
4428,0,0,499,0,671,724,73,-58,7,2,0
4432,0,0,500,0,672,725,72,-58,7,2,0
4436,0,0,501,0,673,726,71,-58,6,2,0
4440,0,0,501,0,674,727,70,-58,6,2,0
4444,0,0,503,0,674,728,70,-58,6,2,0
4448,0,0,502,0,675,730,69,-58,5,1,0
4452,0,0,503,0,676,730,68,-58,5,2,0
4456,0,0,504,0,677,732,68,-58,5,2,0
4460,0,0,504,0,678,732,67,-59,4,2,0
4464,0,0,505,0,678,734,66,-59,3,2,0
4468,0,0,506,0,679,735,66,-59,3,2,0
4472,0,0,507,0,680,736,65,-59,3,2,0
4476,0,0,508,0,681,737,64,-59,2,2,0
4480,0,0,510,0,682,738,63,-59,2,2,0
4484,0,0,511,0,682,739,62,-59,1,1,0
4488,0,0,512,0,683,740,61,-59,1,1,0
4492,0,0,514,0,684,741,60,-59,0,2,0
4496,0,0,515,0,685,742,59,-59,0,2,0
4500,0,0,517,0,685,743,58,-59,0,2,0
4504,0,0,518,0,686,744,57,-60,-1,2,0
4508,0,0,518,0,687,745,56,-60,-2,2,0
4512,0,0,520,0,688,746,54,-60,-3,2,0
4516,0,0,520,0,689,747,53,-60,-3,2,0
4520,0,0,521,0,689,748,52,-60,-4,2,0
4524,0,0,522,0,690,749,51,-60,-4,2,0
4528,0,0,523,0,691,750,50,-60,-5,2,0
4532,0,0,525,0,691,751,49,-60,-5,2,0
4536,0,0,526,0,692,752,48,-60,-6,2,0
4540,0,0,528,0,693,753,47,-61,-7,2,0
4544,0,0,529,0,694,754,46,-61,-7,2,0
4548,0,0,530,0,695,755,44,-61,-8,2,0
4552,0,0,531,0,695,756,43,-61,-9,2,0
4556,0,0,534,0,696,756,42,-61,-9,2,0
4560,0,0,535,0,697,758,40,-61,-10,2,0
4564,0,0,536,0,698,758,39,-61,-11,2,0
4568,0,0,539,0,699,759,38,-61,-11,2,0
4572,0,0,541,0,700,760,36,-61,-12,2,0
4576,0,0,541,0,701,761,35,-61,-13,1,0
4580,0,0,545,0,701,762,33,-61,-14,1,0
4584,0,0,545,0,702,763,31,-62,-15,2,0
4588,0,0,547,0,703,764,30,-62,-16,2,0
4592,0,0,549,0,704,765,28,-62,-17,1,0
4596,0,0,550,0,705,766,27,-62,-17,1,0
4600,0,0,552,0,706,767,25,-62,-18,1,0
4604,0,0,554,0,707,768,23,-62,-19,1,0
4608,0,0,555,0,707,768,22,-62,-20,1,0
4612,0,0,557,0,708,770,20,-62,-21,1,0
4616,0,0,558,0,709,770,18,-62,-22,1,0
4620,0,0,559,0,710,772,17,-62,-22,1,0
4624,0,0,562,0,711,772,15,-62,-23,0,0
4628,0,0,563,0,712,773,13,-62,-24,0,0
4632,0,0,565,0,713,774,12,-62,-25,0,0
4636,0,0,567,0,714,775,10,-62,-26,0,0
4640,0,0,570,0,715,776,8,-62,-27,0,0
4644,0,0,571,0,716,777,6,-62,-28,0,0
4648,0,0,574,0,717,778,4,-62,-29,0,0
4652,0,0,576,0,718,779,2,-62,-30,0,0
4656,0,0,577,0,719,780,0,-62,-31,0,0
4660,0,0,580,0,721,781,-1,-62,-31,0,0
4664,0,0,581,0,722,782,-2,-62,-32,0,0
4668,0,0,582,0,723,782,-4,-62,-33,0,0
4672,0,0,585,0,724,784,-6,-62,-34,0,0
4676,0,0,587,0,725,784,-8,-62,-35,0,0
4680,0,0,590,0,726,785,-10,-62,-36,0,0
4684,0,0,591,0,728,786,-12,-62,-37,-1,0
4688,0,0,592,0,729,787,-14,-62,-38,-1,0
4692,0,0,595,0,730,788,-16,-62,-39,-1,0
4696,0,0,596,0,731,789,-18,-62,-40,-1,0
4700,0,0,597,0,733,790,-20,-62,-41,-1,0
4704,0,0,599,0,734,791,-22,-62,-42,-1,0
4708,0,0,600,0,735,792,-24,-62,-43,-1,0
4712,0,0,601,0,737,793,-25,-61,-43,-2,0
4716,0,0,603,0,738,794,-27,-61,-44,-2,0
4720,0,0,603,0,739,795,-29,-61,-45,-2,0
4724,0,0,605,0,741,796,-30,-61,-45,-2,0
4728,0,0,606,0,742,797,-32,-61,-46,-1,0
4732,0,0,607,0,743,798,-34,-61,-47,-2,0
4736,0,0,608,0,745,799,-35,-61,-48,-1,0
4740,0,0,609,0,746,800,-36,-61,-48,-1,0
4744,0,0,610,0,748,801,-38,-61,-49,-1,0
4748,0,0,611,0,749,802,-39,-61,-50,-1,0
4752,0,0,612,0,751,803,-41,-61,-51,-1,0
4756,0,0,613,0,752,804,-42,-61,-51,-1,0
4760,0,0,614,0,754,804,-43,-60,-51,-2,0
4764,0,0,614,0,755,806,-44,-60,-52,-2,0
4768,0,0,614,0,757,806,-45,-60,-52,-2,0
4772,0,0,615,0,758,807,-46,-60,-53,-2,0
4776,0,0,616,0,760,808,-47,-60,-53,-2,0
4780,0,0,617,0,761,809,-48,-60,-54,-2,0
4784,0,0,617,0,763,810,-49,-60,-54,-2,0
4788,0,0,617,0,765,811,-50,-60,-55,-2,0
4792,0,0,618,0,766,812,-51,-60,-55,-2,0
4796,0,0,618,0,768,813,-52,-60,-56,-2,0
4800,0,0,618,0,769,814,-53,-59,-56,-2,0
4804,0,0,618,0,771,814,-53,-59,-56,-2,0
4808,0,0,618,0,773,815,-54,-59,-56,-3,0
4812,0,0,619,0,775,816,-54,-59,-56,-3,0
4816,0,0,619,0,776,817,-55,-59,-57,-3,0
4820,0,0,620,0,778,818,-56,-59,-57,-3,0
4824,0,0,620,0,780,819,-56,-59,-57,-3,0
4828,0,0,619,0,781,820,-57,-59,-58,-3,0
4832,0,0,620,0,783,820,-57,-58,-57,-3,0
4836,0,0,620,0,785,821,-57,-58,-57,-4,0
4840,0,0,620,0,786,822,-58,-58,-58,-4,0
4844,0,0,620,0,788,823,-58,-58,-58,-4,0
4848,0,0,620,0,790,824,-58,-58,-58,-4,0
4852,0,0,621,0,792,824,-59,-58,-58,-4,0
4856,0,0,620,0,793,825,-59,-57,-58,-4,0
4860,0,0,621,0,795,826,-59,-57,-58,-4,0
4864,0,0,620,0,797,827,-60,-57,-58,-4,0
4868,0,0,620,0,799,828,-60,-57,-58,-4,0
4872,0,0,620,0,801,828,-60,-57,-58,-4,0
4876,0,0,620,0,802,829,-60,-56,-58,-4,0
4880,0,0,620,0,804,830,-60,-56,-58,-4,0
4884,0,0,620,0,806,830,-60,-56,-58,-4,0
4888,0,0,619,0,807,831,-60,-56,-58,-4,0
4892,0,0,620,0,809,832,-60,-56,-58,-4,0
4896,0,0,619,0,811,832,-60,-55,-57,-4,0
4900,0,0,619,0,813,833,-60,-55,-57,-4,0
4904,0,0,619,0,815,834,-60,-55,-57,-5,0
4908,0,0,619,0,816,835,-60,-55,-57,-4,0
4912,0,0,619,0,818,835,-60,-55,-57,-5,0
4916,0,0,618,0,820,836,-60,-54,-57,-4,0
4920,0,0,619,0,822,837,-60,-54,-57,-5,0
4924,0,0,619,0,823,837,-60,-54,-57,-5,0
4928,0,0,618,0,825,838,-60,-54,-57,-5,0
4932,0,0,618,0,827,839,-60,-54,-57,-5,0
4936,0,0,617,0,829,839,-60,-53,-56,-5,0
4940,0,0,618,0,830,840,-60,-53,-56,-5,0
4944,0,0,617,0,832,840,-59,-53,-56,-5,0
4948,0,0,616,0,833,841,-59,-53,-56,-5,0
4952,0,0,617,0,835,842,-59,-52,-55,-5,0
4956,0,0,616,0,837,842,-59,-52,-55,-5,0
4960,0,0,615,0,839,843,-59,-52,-55,-5,0
4964,0,0,615,0,840,843,-58,-52,-55,-5,0
4968,0,0,615,0,842,844,-58,-52,-55,-6,0
4972,0,0,615,0,844,844,-58,-51,-54,-6,0
4976,0,0,614,0,845,845,-57,-51,-54,-6,0
4980,0,0,614,0,847,845,-57,-51,-54,-6,0
4984,0,0,613,0,849,846,-57,-51,-54,-6,0
4988,0,0,614,0,850,846,-57,-50,-53,-6,0
4992,0,0,612,0,852,846,-56,-50,-53,-6,0
4996,0,0,611,0,853,847,-56,-50,-53,-7,0
5000,0,0,610,0,855,847,-55,-49,-52,-6,0
5004,0,0,611,0,856,848,-55,-49,-52,-6,0
5008,0,0,610,0,858,848,-54,-49,-51,-6,0
5012,0,0,610,0,859,848,-54,-49,-51,-7,0
5016,0,0,608,0,861,849,-53,-48,-50,-7,0
5020,0,0,608,0,862,849,-53,-48,-50,-7,0
5024,0,0,606,0,864,849,-52,-48,-50,-7,0
5028,0,0,605,0,865,850,-52,-47,-49,-7,0
5032,0,0,606,0,867,850,-51,-47,-49,-7,0
5036,0,0,603,0,868,850,-50,-47,-48,-7,0
5040,0,0,603,0,869,850,-50,-46,-48,-7,0
5044,0,0,602,0,871,851,-49,-46,-47,-8,0
5048,0,0,601,0,872,851,-48,-46,-47,-7,0
5052,0,0,601,0,873,851,-47,-46,-46,-8,0
5056,0,0,600,0,875,852,-47,-45,-46,-8,0
5060,0,0,598,0,876,852,-46,-45,-45,-8,0
5064,0,0,596,0,877,852,-45,-44,-44,-8,0
5068,0,0,594,0,879,852,-44,-44,-44,-8,0
5072,0,0,592,0,880,852,-42,-44,-43,-9,0
5076,0,0,591,0,881,852,-41,-43,-42,-9,0
5080,0,0,590,0,882,853,-40,-43,-41,-9,0
5084,0,0,589,0,883,853,-39,-43,-41,-9,0
5088,0,0,587,0,885,853,-37,-42,-39,-9,0
5092,0,0,586,0,886,853,-36,-42,-39,-9,0
5096,0,0,584,0,887,853,-35,-42,-38,-9,0
5100,0,0,583,0,888,854,-34,-41,-37,-9,0
5104,0,0,580,0,889,854,-32,-41,-36,-9,0
5108,0,0,578,0,890,854,-31,-40,-35,-9,0
5112,0,0,577,0,891,854,-29,-40,-34,-9,0
5116,0,0,575,0,892,854,-27,-40,-33,-9,0
5120,0,0,574,0,893,854,-26,-39,-32,-10,0
5124,0,0,573,0,895,854,-24,-39,-31,-10,0
5128,0,0,572,0,896,854,-23,-38,-30,-10,0
5132,0,0,571,0,897,854,-22,-38,-30,-10,0
5136,0,0,568,0,898,855,-20,-37,-28,-10,0
5140,0,0,567,0,899,855,-19,-37,-28,-10,0
5144,0,0,565,0,900,855,-17,-37,-27,-10,0
5148,0,0,562,0,901,855,-15,-36,-25,-10,0
5152,0,0,561,0,902,856,-14,-36,-25,-10,0
5156,0,0,558,0,903,856,-12,-35,-23,-10,0
5160,0,0,556,0,904,856,-10,-35,-22,-10,0
5164,0,0,555,0,905,856,-8,-35,-21,-10,0
5168,0,0,553,0,905,856,-6,-34,-20,-10,0
5172,0,0,551,0,906,856,-4,-34,-19,-10,0
5176,0,0,550,0,907,857,-3,-33,-18,-10,0
5180,0,0,548,0,908,857,-1,-33,-17,-9,0
5184,0,0,547,0,909,857,0,-33,-16,-10,0
5188,0,0,545,0,910,857,2,-32,-15,-10,0
5192,0,0,544,0,911,858,3,-32,-14,-10,0
5196,0,0,542,0,912,858,5,-31,-13,-9,0
5200,0,0,541,0,912,858,7,-31,-12,-9,0
5204,0,0,538,0,913,858,9,-31,-11,-10,0
5208,0,0,537,0,914,859,10,-30,-10,-10,0
5212,0,0,536,0,915,859,12,-30,-9,-9,0
5216,0,0,533,0,916,859,14,-29,-7,-9,0
5220,0,0,533,0,917,860,15,-29,-7,-9,0
5224,0,0,532,0,917,860,17,-29,-6,-9,0
5228,0,0,528,0,918,861,19,-28,-4,-9,0
5232,0,0,528,0,919,861,21,-28,-3,-8,0
5236,0,0,527,0,920,861,22,-27,-2,-8,0
5240,0,0,525,0,921,862,24,-27,-1,-8,0
5244,0,0,524,0,921,862,25,-27,-1,-8,0
5248,0,0,521,0,922,863,27,-26,0,-8,0
5252,0,0,521,0,923,863,29,-26,1,-7,0
5256,0,0,519,0,924,864,30,-26,2,-7,0
5260,0,0,518,0,925,864,32,-26,3,-7,0
5264,0,0,517,0,925,865,34,-25,4,-7,0
5268,0,0,516,0,926,865,35,-25,5,-6,0
5272,0,0,515,0,927,866,36,-25,5,-6,0
5276,0,0,514,0,927,866,38,-25,6,-5,0
5280,0,0,512,0,928,867,39,-24,7,-5,0
5284,0,0,511,0,929,868,41,-24,8,-5,0
5288,0,0,510,0,929,868,42,-24,9,-4,0
5292,0,0,508,0,930,869,44,-24,10,-4,0
5296,0,0,507,0,931,870,45,-24,10,-4,0
5300,0,0,506,0,932,870,46,-23,11,-3,0
5304,0,0,504,0,932,871,48,-23,12,-3,0
5308,0,0,503,0,933,872,49,-23,13,-3,0
5312,0,0,503,0,934,872,51,-23,14,-2,0
5316,0,0,501,0,935,873,52,-23,14,-2,0
5320,0,0,501,0,935,874,53,-23,15,-2,0
5324,0,0,499,0,936,875,55,-23,16,-1,0
5328,0,0,499,0,937,876,56,-23,16,-1,0
5332,0,0,498,0,937,876,57,-23,17,-1,0
5336,0,0,497,0,938,877,58,-22,18,-1,0
5340,0,0,497,0,939,878,59,-22,18,0,0
5344,0,0,496,0,939,879,60,-22,19,0,0
5348,0,0,495,0,940,880,61,-22,19,0,0
5352,0,0,494,0,941,881,62,-22,20,0,0
5356,0,0,493,0,942,882,63,-22,20,0,0
5360,0,0,492,0,942,882,64,-22,21,0,0
5364,0,0,492,0,943,884,65,-22,21,0,0
5368,0,0,491,0,944,885,66,-22,22,0,0
5372,0,0,491,0,944,886,67,-22,22,0,0
5376,0,0,490,0,945,887,68,-23,22,1,0
5380,0,0,489,0,946,888,69,-23,23,1,0
5384,0,0,489,0,947,889,70,-23,23,1,0
5388,0,0,488,0,947,890,71,-23,24,1,0
5392,0,0,488,0,948,891,71,-23,24,2,0
5396,0,0,487,0,949,892,72,-23,24,1,0
5400,0,0,487,0,949,893,73,-23,25,1,0
5404,0,0,486,0,950,894,74,-23,25,2,0
5408,0,0,486,0,951,896,74,-23,25,2,0
5412,0,0,486,0,951,897,75,-23,26,2,0
5416,0,0,485,0,952,898,75,-23,26,3,0
5420,0,0,486,0,953,899,76,-24,26,3,0
5424,0,0,486,0,953,900,76,-24,26,3,0
5428,0,0,485,0,954,902,77,-24,26,3,0
5432,0,0,486,0,955,903,77,-24,26,3,0
5436,0,0,486,0,955,904,77,-24,26,3,0
5440,0,0,485,0,956,905,78,-24,27,4,0
5444,0,0,485,0,957,906,78,-25,26,4,0
5448,0,0,485,0,957,908,79,-25,27,4,0
5452,0,0,484,0,958,909,79,-25,27,4,0
5456,0,0,484,0,959,910,79,-25,27,4,0
5460,0,0,484,0,959,912,80,-25,27,4,0
5464,0,0,484,0,960,913,80,-25,27,4,0
5468,0,0,484,0,961,914,80,-26,27,4,0
5472,0,0,484,0,961,916,80,-26,27,4,0
5476,0,0,483,0,962,917,81,-26,27,4,0
5480,0,0,484,0,963,918,81,-26,27,4,0
5484,0,0,484,0,963,920,81,-26,27,4,0
5488,0,0,484,0,964,921,81,-26,27,4,0
5492,0,0,484,0,965,922,81,-27,27,4,0
5496,0,0,484,0,965,924,81,-27,27,4,0
5500,0,0,484,0,966,925,81,-27,27,4,0
5504,0,0,484,0,967,926,82,-27,27,4,0
5508,0,0,484,0,967,928,82,-27,27,4,0
5512,0,0,485,0,968,929,82,-27,27,4,0
5516,0,0,484,0,969,930,82,-28,27,4,0
5520,0,0,484,0,969,932,82,-28,27,4,0
5524,0,0,484,0,970,933,82,-28,27,4,0
5528,0,0,484,0,971,935,82,-28,27,4,0
5532,0,0,484,0,971,936,82,-28,27,4,0
5536,0,0,484,0,972,938,82,-29,26,4,0
5540,0,0,485,0,973,939,82,-29,26,4,0
5544,0,0,484,0,974,940,82,-29,26,4,0
5548,0,0,484,0,974,942,82,-29,26,4,0
5552,0,0,484,0,975,943,82,-29,26,4,0
5556,0,0,483,0,976,944,82,-29,26,4,0
5560,0,0,484,0,976,946,82,-30,26,4,0
5564,0,0,484,0,977,948,82,-30,26,4,0
5568,0,0,483,0,978,949,82,-30,26,4,0
5572,0,0,484,0,979,950,82,-30,26,4,0
5576,0,0,483,0,979,952,82,-30,26,4,0
5580,0,0,483,0,980,953,83,-31,26,4,0
5584,0,0,484,0,981,954,82,-31,25,4,0
5588,0,0,483,0,982,956,83,-31,26,4,0
5592,0,0,484,0,982,957,83,-31,26,4,0
5596,0,0,484,0,983,958,83,-31,26,4,0
5600,0,0,484,0,984,960,83,-31,26,4,0
5604,0,0,484,0,985,962,83,-32,25,4,0
5608,0,0,484,0,985,963,82,-32,25,4,0
5612,0,0,484,0,986,964,82,-32,25,3,0
5616,0,0,484,0,987,966,82,-32,25,4,0
5620,0,0,484,0,988,967,82,-32,25,4,0
5624,0,0,484,0,989,968,82,-32,25,3,0
5628,0,0,483,0,990,970,83,-33,25,3,0
5632,0,0,483,0,991,971,83,-33,25,3,0
5636,0,0,484,0,991,972,83,-33,25,3,0
5640,0,0,483,0,992,974,83,-33,25,3,0
5644,0,0,484,0,993,976,83,-33,25,3,0
5648,0,0,483,0,994,977,83,-33,25,3,0
5652,0,0,483,0,995,978,83,-33,25,3,0
5656,0,0,483,0,995,980,83,-34,24,3,0
5660,0,0,483,0,996,981,83,-34,24,3,0
5664,0,0,483,0,997,983,83,-34,24,3,0
5668,0,0,482,0,998,984,83,-34,24,3,0
5672,0,0,483,0,999,986,83,-34,24,3,0
5676,0,0,483,0,1000,987,83,-34,24,3,0
5680,0,0,483,0,1001,988,83,-34,24,3,0
5684,0,0,483,0,1001,990,83,-35,24,3,0
5688,0,0,483,0,1002,992,83,-35,24,3,0
5692,0,0,484,0,1003,993,83,-35,24,3,0
5696,0,0,483,0,1004,994,83,-35,24,3,0
5700,0,0,482,0,1005,996,83,-35,24,3,0
5704,0,0,482,0,1006,997,83,-35,24,3,0
5708,0,0,483,0,1007,999,83,-35,24,3,0
5712,0,0,483,0,1008,1000,83,-36,23,3,0
5716,0,0,482,0,1009,1002,84,-36,24,2,0
5720,0,0,482,0,1009,1003,84,-36,24,2,0
5724,0,0,482,0,1011,1005,84,-36,24,3,0
5728,0,0,482,0,1011,1006,84,-36,24,3,0
5732,0,0,482,0,1012,1008,84,-36,24,2,0
5736,0,0,483,0,1013,1010,84,-36,24,3,0
5740,0,0,482,0,1014,1011,84,-36,24,3,0
5744,0,0,483,0,1015,1012,84,-37,23,2,0
5748,0,0,482,0,1016,1014,84,-37,23,3,0
5752,0,0,483,0,1017,1016,84,-37,23,3,0
5756,0,0,483,0,1018,1017,84,-37,23,3,0
5760,0,0,483,0,1019,1019,84,-37,23,2,0
5764,0,0,483,0,1020,1020,84,-37,23,3,0
5768,0,0,482,0,1021,1022,84,-37,23,2,0
5772,0,0,482,0,1022,1023,84,-37,23,3,0
5776,0,0,481,0,1023,1025,84,-38,23,3,0
5780,0,0,480,0,1024,1026,84,-38,23,3,0
5784,0,0,481,0,1025,1028,84,-38,23,3,0
5788,0,0,480,0,1026,1030,85,-38,23,2,0
5792,0,0,480,0,1027,1032,85,-38,23,2,0
5796,0,0,478,0,1028,1033,85,-38,23,2,0
5800,0,0,478,0,1029,1035,86,-38,24,2,0
5804,0,0,478,0,1030,1036,86,-38,24,2,0
5808,0,0,477,0,1031,1038,86,-38,24,2,0
5812,0,0,477,0,1032,1040,87,-39,24,2,0
5816,0,0,476,0,1033,1042,87,-39,24,2,0
5820,0,0,476,0,1034,1043,87,-39,24,2,0
5824,0,0,477,0,1035,1045,88,-39,24,2,0
5828,0,0,476,0,1036,1046,88,-39,24,2,0
5832,0,0,476,0,1037,1048,88,-39,24,2,0
5836,0,0,476,0,1039,1050,89,-39,25,2,0
5840,0,0,476,0,1039,1051,89,-39,25,2,0
5844,0,0,476,0,1041,1053,89,-40,24,3,0
5848,0,0,476,0,1041,1054,89,-40,24,2,0
5852,0,0,476,0,1043,1056,89,-40,24,2,0
5856,0,0,477,0,1043,1058,89,-40,24,2,0
5860,0,0,477,0,1045,1060,89,-40,24,2,0
5864,0,0,477,0,1046,1061,89,-40,24,2,0
5868,0,0,477,0,1047,1063,89,-40,24,2,0
5872,0,0,478,0,1048,1064,89,-40,24,2,0
5876,0,0,478,0,1049,1066,89,-40,24,2,0
5880,0,0,478,0,1050,1068,89,-40,24,2,0
5884,0,0,479,0,1051,1069,89,-41,24,2,0
5888,0,0,478,0,1052,1071,89,-41,24,2,0
5892,0,0,479,0,1053,1072,89,-41,24,2,0
5896,0,0,479,0,1054,1074,89,-41,24,2,0
5900,0,0,479,0,1055,1075,89,-41,24,2,0
5904,0,0,479,0,1056,1077,89,-41,24,2,0
5908,0,0,480,0,1057,1078,88,-41,23,2,0
5912,0,0,480,0,1057,1080,88,-41,23,2,0
5916,0,0,480,0,1058,1082,88,-41,23,2,0
5920,0,0,481,0,1059,1083,88,-42,23,2,0
5924,0,0,481,0,1060,1084,88,-42,23,2,0
5928,0,0,481,0,1061,1086,87,-42,22,2,0
5932,0,0,481,0,1062,1087,87,-42,22,2,0
5936,0,0,482,0,1063,1089,87,-42,22,2,0
5940,0,0,481,0,1064,1090,87,-42,22,2,0
5944,0,0,480,0,1065,1092,87,-42,22,2,0
5948,0,0,481,0,1065,1093,87,-42,22,2,0
5952,0,0,480,0,1066,1094,87,-43,22,3,0
5956,0,0,480,0,1067,1096,87,-43,22,2,0
5960,0,0,480,0,1068,1097,87,-43,22,3,0
5964,0,0,481,0,1069,1098,87,-43,22,2,0
5968,0,0,480,0,1070,1100,87,-43,22,2,0
5972,0,0,481,0,1071,1101,86,-43,21,2,0
5976,0,0,481,0,1071,1102,86,-43,21,2,0
5980,0,0,481,0,1072,1104,86,-43,21,3,0
5984,0,0,481,0,1073,1105,86,-43,21,3,0
5988,0,0,481,0,1074,1106,86,-44,21,3,0
5992,0,0,480,0,1075,1108,86,-44,21,2,0
5996,0,0,481,0,1075,1109,86,-44,21,3,0
6000,0,0,481,0,1076,1110,86,-44,21,3,0
6004,0,0,481,0,1077,1112,86,-44,21,3,0
6008,0,0,481,0,1078,1113,86,-44,21,3,0
6012,0,0,481,0,1079,1114,86,-44,21,3,0
6016,0,0,481,0,1079,1115,86,-45,20,2,0
6020,0,0,481,0,1080,1117,86,-45,20,2,0
6024,0,0,481,0,1081,1118,86,-45,20,2,0
6028,0,0,480,0,1082,1119,86,-45,20,3,0
6032,0,0,481,0,1083,1120,86,-45,20,3,0
6036,0,0,480,0,1084,1122,86,-45,20,3,0
6040,0,0,480,0,1085,1123,86,-45,20,3,0
6044,0,0,480,0,1085,1124,86,-45,20,3,0
6048,0,0,480,0,1086,1126,86,-46,20,3,0
6052,0,0,481,0,1087,1127,86,-46,20,2,0
6056,0,0,480,0,1088,1128,86,-46,20,3,0
6060,0,0,481,0,1089,1129,86,-46,20,2,0
6064,0,0,481,0,1090,1130,86,-46,20,3,0
6068,0,0,481,0,1091,1132,86,-46,20,3,0
6072,0,0,482,0,1091,1133,86,-46,20,2,0
6076,0,0,481,0,1092,1134,86,-46,20,2,0
6080,0,0,482,0,1093,1136,86,-47,19,2,0
6084,0,0,482,0,1094,1137,86,-47,19,3,0
6088,0,0,481,0,1095,1138,86,-47,19,3,0
6092,0,0,480,0,1096,1140,86,-47,19,3,0
6096,0,0,481,0,1097,1141,86,-47,19,3,0
6100,0,0,481,0,1098,1142,86,-47,19,2,0
6104,0,0,481,0,1099,1144,86,-47,19,2,0
6108,0,0,481,0,1099,1145,86,-47,19,2,0
6112,0,0,481,0,1101,1146,86,-47,19,3,0
6116,0,0,483,0,1101,1147,85,-48,18,2,0
6120,0,0,482,0,1103,1149,85,-48,18,3,0
6124,0,0,482,0,1103,1150,85,-48,18,3,0
6128,0,0,483,0,1104,1151,85,-48,18,3,0
6132,0,0,483,0,1105,1153,85,-48,18,3,0
6136,0,0,483,0,1107,1154,85,-48,18,3,0
6140,0,0,483,0,1108,1156,85,-48,18,3,0
6144,0,0,483,0,1109,1157,84,-48,18,3,0
6148,0,0,483,0,1110,1158,84,-49,17,3,0
6152,0,0,483,0,1111,1160,84,-49,17,3,0
6156,0,0,483,0,1112,1161,84,-49,17,2,0
6160,0,0,483,0,1113,1162,84,-49,17,2,0
6164,0,0,483,0,1114,1164,84,-49,17,2,0
6168,0,0,484,0,1115,1165,84,-49,17,2,0
6172,0,0,484,0,1116,1166,84,-49,17,2,0
6176,0,0,484,0,1117,1168,84,-49,17,2,0
6180,0,0,485,0,1119,1169,83,-50,16,2,0
6184,0,0,485,0,1119,1170,83,-50,16,2,0
6188,0,0,485,0,1121,1172,83,-50,16,2,0
6192,0,0,486,0,1122,1174,83,-50,16,2,0
6196,0,0,487,0,1123,1175,82,-50,16,2,0
6200,0,0,488,0,1124,1176,82,-50,16,2,0
6204,0,0,488,0,1125,1178,82,-50,16,2,0
6208,0,0,489,0,1126,1179,81,-50,15,2,0
6212,0,0,490,0,1128,1181,81,-50,15,1,0
6216,0,0,490,0,1129,1182,80,-50,15,2,0
6220,0,0,491,0,1130,1184,80,-50,15,1,0
6224,0,0,491,0,1131,1185,79,-51,14,1,0
6228,0,0,492,0,1133,1186,79,-51,14,1,0
6232,0,0,492,0,1134,1188,78,-51,13,1,0
6236,0,0,493,0,1135,1189,78,-51,13,0,0
6240,0,0,495,0,1136,1190,77,-51,13,1,0
6244,0,0,496,0,1137,1192,76,-51,12,1,0
6248,0,0,496,0,1139,1193,76,-51,12,1,0
6252,0,0,499,0,1140,1195,75,-51,12,1,0
6256,0,0,500,0,1141,1196,74,-51,11,0,0
6260,0,0,501,0,1142,1198,73,-51,11,1,0
6264,0,0,502,0,1143,1199,72,-51,10,1,0
6268,0,0,503,0,1145,1200,71,-51,10,0,0
6272,0,0,504,0,1146,1202,70,-51,9,0,0
6276,0,0,505,0,1147,1203,69,-51,9,0,0
6280,0,0,506,0,1148,1205,68,-51,8,0,0
6284,0,0,508,0,1150,1206,67,-51,8,0,0
6288,0,0,509,0,1151,1208,66,-51,7,0,0
6292,0,0,511,0,1152,1209,64,-51,6,0,0
6296,0,0,514,0,1153,1210,63,-51,6,0,0
6300,0,0,515,0,1155,1212,62,-51,5,0,0
6304,0,0,517,0,1156,1213,60,-51,4,0,0
6308,0,0,519,0,1157,1214,59,-51,4,0,0
6312,0,0,520,0,1159,1216,57,-51,3,0,0
6316,0,0,522,0,1160,1217,56,-51,2,0,0
6320,0,0,524,0,1161,1219,54,-51,1,0,0
6324,0,0,525,0,1163,1220,53,-51,1,0,0
6328,0,0,528,0,1164,1221,51,-52,0,0,0
6332,0,0,530,0,1165,1223,49,-52,-1,0,0
6336,0,0,531,0,1167,1224,48,-52,-2,0,0
6340,0,0,535,0,1168,1225,46,-52,-3,0,0
6344,0,0,537,0,1169,1227,44,-52,-4,0,0
6348,0,0,537,0,1170,1228,42,-52,-5,0,0
6352,0,0,540,0,1172,1229,40,-52,-6,0,0
6356,0,0,541,0,1173,1231,38,-52,-7,0,0
6360,0,0,542,0,1174,1232,36,-52,-8,0,0
6364,0,0,544,0,1176,1233,35,-52,-8,0,0
6368,0,0,545,0,1177,1234,33,-52,-9,0,0
6372,0,0,547,0,1179,1236,31,-52,-10,0,0
6376,0,0,550,0,1180,1237,29,-52,-11,0,0
6380,0,0,552,0,1181,1238,27,-52,-12,0,0
6384,0,0,556,0,1183,1239,25,-52,-13,0,0
6388,0,0,558,0,1184,1240,23,-52,-14,0,0
6392,0,0,560,0,1185,1242,21,-52,-15,0,0
6396,0,0,563,0,1187,1243,19,-52,-16,0,0
6400,0,0,564,0,1188,1244,17,-52,-17,0,0
6404,0,0,565,0,1189,1245,15,-52,-18,0,0
6408,0,0,567,0,1190,1246,12,-52,-20,0,0
6412,0,0,568,0,1192,1248,11,-52,-20,0,0
6416,0,0,568,0,1193,1248,9,-52,-21,0,0
6420,0,0,571,0,1194,1250,7,-52,-22,0,0
6424,0,0,573,0,1195,1251,5,-51,-23,0,0
6428,0,0,574,0,1197,1252,3,-51,-24,0,0
6432,0,0,579,0,1198,1253,1,-51,-25,0,0
6436,0,0,580,0,1199,1254,0,-51,-25,0,0
6440,0,0,584,0,1201,1255,-2,-51,-26,0,0
6444,0,0,584,0,1202,1256,-4,-51,-27,0,0
6448,0,0,586,0,1203,1257,-6,-51,-28,0,0
6452,0,0,587,0,1205,1258,-8,-51,-29,0,0
6456,0,0,587,0,1206,1258,-10,-51,-30,-1,0
6460,0,0,588,0,1207,1259,-12,-51,-31,-1,0
6464,0,0,590,0,1208,1260,-14,-51,-32,-1,0
6468,0,0,591,0,1210,1261,-15,-51,-33,-1,0
6472,0,0,593,0,1211,1262,-17,-51,-34,-1,0
6476,0,0,595,0,1212,1263,-19,-51,-35,-1,0
6480,0,0,597,0,1213,1264,-21,-51,-36,-1,0
6484,0,0,598,0,1214,1264,-22,-51,-36,-1,0
6488,0,0,599,0,1216,1265,-24,-51,-37,-1,0
6492,0,0,600,0,1217,1266,-26,-51,-38,-1,0
6496,0,0,599,0,1218,1267,-27,-51,-39,-1,0
6500,0,0,601,0,1219,1268,-28,-50,-39,-1,0
6504,0,0,601,0,1220,1268,-30,-50,-40,-1,0
6508,0,0,601,0,1222,1269,-31,-50,-40,-2,0
6512,0,0,602,0,1223,1270,-32,-50,-41,-2,0
6516,0,0,603,0,1224,1270,-33,-50,-41,-2,0
6520,0,0,605,0,1225,1271,-34,-50,-42,-2,0
6524,0,0,605,0,1227,1272,-35,-50,-42,-2,0
6528,0,0,606,0,1228,1272,-36,-50,-43,-2,0
6532,0,0,607,0,1229,1273,-37,-50,-43,-3,0
6536,0,0,606,0,1230,1274,-38,-50,-44,-3,0
6540,0,0,608,0,1231,1274,-39,-49,-44,-3,0
6544,0,0,607,0,1233,1275,-40,-49,-44,-3,0
6548,0,0,607,0,1234,1276,-41,-49,-45,-3,0
6552,0,0,608,0,1235,1276,-42,-49,-45,-3,0
6556,0,0,608,0,1236,1277,-42,-49,-45,-4,0
6560,0,0,608,0,1237,1277,-43,-49,-46,-3,0
6564,0,0,610,0,1239,1278,-44,-48,-46,-4,0
6568,0,0,610,0,1240,1278,-44,-48,-46,-3,0
6572,0,0,611,0,1241,1279,-45,-48,-46,-4,0
6576,0,0,611,0,1242,1280,-46,-48,-47,-4,0
6580,0,0,612,0,1243,1280,-46,-48,-47,-4,0
6584,0,0,611,0,1245,1281,-47,-48,-47,-4,0
6588,0,0,612,0,1246,1281,-47,-47,-47,-4,0
6592,0,0,612,0,1247,1282,-48,-47,-47,-5,0
6596,0,0,611,0,1248,1282,-48,-47,-47,-5,0
6600,0,0,612,0,1250,1283,-49,-47,-48,-5,0
6604,0,0,613,0,1251,1284,-49,-46,-47,-5,0
6608,0,0,613,0,1252,1284,-50,-46,-48,-5,0
6612,0,0,613,0,1253,1284,-50,-46,-48,-5,0
6616,0,0,613,0,1255,1285,-50,-46,-48,-6,0
6620,0,0,614,0,1256,1286,-51,-46,-48,-5,0
6624,0,0,614,0,1257,1286,-51,-45,-48,-5,0
6628,0,0,614,0,1259,1287,-52,-45,-48,-6,0
6632,0,0,615,0,1260,1287,-52,-45,-48,-5,0
6636,0,0,614,0,1261,1288,-52,-45,-48,-6,0
6640,0,0,614,0,1262,1288,-53,-44,-48,-6,0
6644,0,0,614,0,1264,1289,-53,-44,-48,-6,0
6648,0,0,615,0,1265,1290,-53,-44,-48,-6,0
6652,0,0,615,0,1266,1290,-53,-44,-48,-6,0
6656,0,0,614,0,1267,1291,-53,-43,-48,-6,0
6660,0,0,614,0,1269,1291,-54,-43,-48,-6,0
6664,0,0,615,0,1270,1292,-54,-43,-48,-6,0
6668,0,0,615,0,1271,1293,-54,-43,-48,-6,0
6672,0,0,616,0,1273,1293,-54,-42,-48,-5,0
6676,0,0,616,0,1274,1294,-55,-42,-48,-6,0
6680,0,0,616,0,1275,1294,-55,-42,-48,-6,0
6684,0,0,616,0,1277,1295,-55,-42,-48,-6,0
6688,0,0,615,0,1278,1296,-55,-41,-48,-6,0
6692,0,0,615,0,1279,1296,-55,-41,-48,-5,0
6696,0,0,615,0,1281,1297,-55,-41,-48,-6,0
6700,0,0,615,0,1282,1298,-55,-41,-48,-5,0
6704,0,0,615,0,1283,1298,-55,-40,-47,-5,0
6708,0,0,615,0,1285,1299,-55,-40,-47,-6,0
6712,0,0,615,0,1286,1300,-55,-40,-47,-5,0
6716,0,0,615,0,1288,1300,-55,-40,-47,-5,0
6720,0,0,615,0,1289,1301,-55,-39,-47,-5,0
6724,0,0,615,0,1290,1302,-56,-39,-47,-5,0
6728,0,0,615,0,1291,1302,-56,-39,-47,-4,0
6732,0,0,614,0,1293,1303,-55,-39,-47,-5,0
6736,0,0,615,0,1294,1303,-55,-39,-47,-4,0
6740,0,0,614,0,1296,1304,-55,-38,-46,-4,0
6744,0,0,614,0,1297,1305,-55,-38,-46,-4,0
6748,0,0,614,0,1298,1305,-55,-38,-46,-4,0
6752,0,0,614,0,1300,1306,-55,-38,-46,-4,0
6756,0,0,614,0,1301,1307,-55,-38,-46,-4,0
6760,0,0,614,0,1302,1308,-55,-38,-46,-4,0
6764,0,0,614,0,1304,1308,-55,-37,-46,-4,0
6768,0,0,613,0,1305,1309,-55,-37,-46,-4,0
6772,0,0,614,0,1306,1310,-55,-37,-46,-4,0
6776,0,0,613,0,1308,1310,-55,-37,-46,-4,0
6780,0,0,613,0,1309,1311,-55,-37,-46,-4,0
6784,0,0,612,0,1310,1312,-54,-36,-45,-4,0
6788,0,0,613,0,1311,1312,-54,-36,-45,-4,0
6792,0,0,612,0,1313,1313,-54,-36,-45,-4,0
6796,0,0,612,0,1314,1314,-54,-36,-45,-4,0
6800,0,0,612,0,1315,1315,-54,-36,-45,-4,0
6804,0,0,611,0,1317,1316,-54,-36,-45,-4,0
6808,0,0,611,0,1318,1316,-53,-35,-44,-3,0
6812,0,0,611,0,1319,1317,-53,-35,-44,-3,0
6816,0,0,610,0,1321,1318,-53,-35,-44,-4,0
6820,0,0,610,0,1322,1319,-53,-35,-44,-3,0
6824,0,0,609,0,1324,1320,-52,-35,-43,-3,0
6828,0,0,608,0,1325,1320,-52,-35,-43,-3,0
6832,0,0,608,0,1327,1321,-52,-35,-43,-3,0
6836,0,0,608,0,1328,1322,-51,-34,-42,-4,0
6840,0,0,607,0,1329,1323,-51,-34,-42,-4,0
6844,0,0,606,0,1331,1324,-50,-34,-42,-3,0
6848,0,0,607,0,1332,1325,-50,-34,-42,-3,0
6852,0,0,605,0,1333,1326,-50,-34,-42,-3,0
6856,0,0,604,0,1335,1326,-49,-34,-41,-3,0
6860,0,0,604,0,1336,1327,-49,-33,-41,-3,0
6864,0,0,603,0,1338,1328,-48,-33,-40,-3,0
6868,0,0,602,0,1339,1329,-47,-33,-40,-3,0
6872,0,0,602,0,1340,1330,-47,-33,-40,-3,0
6876,0,0,600,0,1342,1331,-46,-33,-39,-3,0
6880,0,0,600,0,1343,1332,-46,-33,-39,-3,0
6884,0,0,599,0,1345,1333,-45,-33,-39,-3,0
6888,0,0,598,0,1346,1334,-44,-33,-38,-3,0
6892,0,0,597,0,1348,1334,-43,-32,-37,-2,0
6896,0,0,596,0,1349,1336,-43,-32,-37,-2,0
6900,0,0,595,0,1351,1336,-42,-32,-37,-2,0
6904,0,0,594,0,1352,1338,-41,-32,-36,-3,0
6908,0,0,592,0,1354,1338,-40,-32,-36,-2,0
6912,0,0,591,0,1355,1340,-39,-32,-35,-3,0
6916,0,0,590,0,1357,1341,-38,-32,-35,-2,0
6920,0,0,588,0,1358,1342,-37,-32,-34,-2,0
6924,0,0,587,0,1360,1343,-36,-31,-33,-2,0
6928,0,0,586,0,1361,1344,-35,-31,-33,-2,0
6932,0,0,585,0,1363,1345,-34,-31,-32,-2,0
6936,0,0,584,0,1364,1346,-33,-31,-32,-2,0
6940,0,0,583,0,1366,1347,-32,-31,-31,-2,0
6944,0,0,582,0,1367,1348,-30,-31,-30,-2,0
6948,0,0,580,0,1369,1349,-29,-31,-30,-2,0
6952,0,0,578,0,1370,1350,-28,-31,-29,-2,0
6956,0,0,576,0,1372,1352,-27,-31,-29,-2,0
6960,0,0,575,0,1373,1352,-25,-31,-28,-1,0
6964,0,0,572,0,1375,1354,-24,-30,-27,-2,0
6968,0,0,571,0,1376,1355,-22,-30,-26,-2,0
6972,0,0,572,0,1378,1356,-21,-30,-25,-2,0
6976,0,0,569,0,1379,1357,-20,-30,-25,-2,0
6980,0,0,568,0,1381,1358,-18,-30,-24,-2,0
6984,0,0,567,0,1382,1359,-17,-30,-23,-2,0
6988,0,0,564,0,1384,1360,-15,-30,-22,-2,0
6992,0,0,562,0,1385,1362,-14,-30,-22,-2,0
6996,0,0,560,0,1387,1363,-12,-30,-21,-2,0
7000,0,0,558,0,1388,1364,-10,-30,-20,-2,0
7004,0,0,556,0,1389,1365,-9,-30,-19,-2,0
7008,0,0,555,0,1391,1366,-7,-29,-18,-2,0
7012,0,0,554,0,1393,1368,-5,-29,-17,-1,0
7016,0,0,553,0,1394,1369,-4,-29,-16,-1,0
7020,0,0,552,0,1395,1370,-2,-29,-15,-1,0
7024,0,0,550,0,1397,1372,-1,-29,-15,-1,0
7028,0,0,549,0,1398,1373,0,-29,-14,-1,0
7032,0,0,548,0,1400,1374,1,-29,-14,-1,0
7036,0,0,544,0,1401,1375,3,-29,-13,-1,0
7040,0,0,543,0,1403,1376,5,-29,-12,-1,0
7044,0,0,540,0,1404,1378,6,-29,-11,-1,0
7048,0,0,539,0,1405,1379,8,-29,-10,-1,0
7052,0,0,537,0,1407,1380,10,-29,-9,-1,0
7056,0,0,536,0,1408,1381,12,-29,-8,-1,0
7060,0,0,535,0,1409,1382,13,-29,-8,-1,0
7064,0,0,535,0,1411,1384,15,-29,-7,0,0
7068,0,0,533,0,1412,1385,16,-29,-6,0,0
7072,0,0,532,0,1413,1386,18,-28,-5,0,0
7076,0,0,530,0,1414,1388,19,-28,-4,0,0
7080,0,0,527,0,1416,1389,21,-28,-3,0,0
7084,0,0,525,0,1417,1390,23,-28,-2,0,0
7088,0,0,523,0,1418,1392,25,-28,-1,0,0
7092,0,0,522,0,1420,1393,26,-28,-1,0,0
7096,0,0,520,0,1421,1394,28,-28,0,0,0
7100,0,0,520,0,1422,1395,30,-28,1,0,0
7104,0,0,519,0,1423,1396,31,-28,1,0,0
7108,0,0,518,0,1425,1398,33,-28,2,0,0
7112,0,0,517,0,1425,1399,34,-28,3,0,0
7116,0,0,516,0,1427,1400,36,-28,4,0,0
7120,0,0,515,0,1428,1401,37,-28,4,0,0
7124,0,0,512,0,1429,1402,39,-28,5,0,0
7128,0,0,511,0,1430,1404,40,-28,6,0,0
7132,0,0,509,0,1431,1405,42,-28,7,0,0
7136,0,0,508,0,1432,1406,43,-28,7,0,0
7140,0,0,507,0,1433,1408,45,-28,8,0,0
7144,0,0,506,0,1435,1409,46,-28,9,0,0
7148,0,0,505,0,1435,1410,47,-28,9,0,0
7152,0,0,504,0,1437,1411,49,-28,10,0,0
7156,0,0,503,0,1438,1412,50,-28,11,0,0
7160,0,0,503,0,1439,1414,51,-28,11,0,0
7164,0,0,503,0,1440,1415,52,-28,12,0,0
7168,0,0,501,0,1441,1416,54,-28,13,0,0
7172,0,0,499,0,1442,1417,55,-28,13,0,0
7176,0,0,499,0,1443,1418,56,-28,14,0,0
7180,0,0,498,0,1444,1420,57,-28,14,0,0
7184,0,0,497,0,1445,1421,58,-28,15,0,0
7188,0,0,496,0,1446,1422,59,-28,15,0,0
7192,0,0,495,0,1447,1423,61,-28,16,0,0
7196,0,0,495,0,1448,1424,62,-28,17,0,0
7200,0,0,493,0,1449,1425,63,-28,17,0,0
7204,0,0,493,0,1450,1426,64,-28,18,0,0
7208,0,0,492,0,1451,1428,65,-28,18,0,0
7212,0,0,492,0,1451,1429,66,-28,19,0,0
7216,0,0,492,0,1452,1430,66,-28,19,0,0
7220,0,0,491,0,1453,1431,67,-29,19,0,0
7224,0,0,490,0,1454,1432,68,-29,19,0,0
7228,0,0,490,0,1455,1433,69,-29,20,0,0
7232,0,0,488,0,1456,1434,70,-29,20,0,0
7236,0,0,488,0,1457,1436,71,-29,21,0,0
7240,0,0,488,0,1457,1437,71,-29,21,0,0
7244,0,0,486,0,1458,1438,72,-29,21,1,0
7248,0,0,485,0,1459,1439,73,-29,22,1,0
7252,0,0,484,0,1460,1440,74,-29,22,1,0
7256,0,0,483,0,1461,1441,75,-29,23,1,0
7260,0,0,483,0,1462,1442,76,-29,23,1,0
7264,0,0,482,0,1463,1444,77,-29,24,0,0
7268,0,0,481,0,1463,1445,78,-29,24,0,0
7272,0,0,481,0,1464,1446,78,-29,24,1,0
7276,0,0,480,0,1465,1447,79,-29,25,1,0
7280,0,0,480,0,1466,1448,80,-29,25,1,0
7284,0,0,479,0,1467,1450,81,-29,26,1,0
7288,0,0,478,0,1468,1451,82,-29,26,1,0
7292,0,0,478,0,1469,1452,82,-29,26,1,0
7296,0,0,477,0,1470,1454,83,-29,27,1,0
7300,0,0,476,0,1471,1455,84,-29,27,1,0
7304,0,0,476,0,1472,1456,84,-30,27,1,0
7308,0,0,475,0,1473,1458,85,-30,27,1,0
7312,0,0,474,0,1475,1459,86,-30,28,2,0
7316,0,0,474,0,1476,1461,87,-30,28,1,0
7320,0,0,473,0,1477,1462,87,-30,28,1,0
7324,0,0,472,0,1478,1464,88,-30,29,1,0
7328,0,0,472,0,1479,1465,89,-30,29,1,0
7332,0,0,472,0,1480,1467,90,-30,30,1,0
7336,0,0,472,0,1481,1468,90,-30,30,2,0
7340,0,0,473,0,1483,1470,90,-30,30,1,0
7344,0,0,471,0,1484,1471,91,-30,30,1,0
7348,0,0,471,0,1485,1473,92,-30,31,1,0
7352,0,0,471,0,1486,1474,92,-30,31,1,0
7356,0,0,470,0,1488,1476,93,-30,31,1,0
7360,0,0,470,0,1489,1478,93,-31,31,1,0
7364,0,0,469,0,1490,1480,94,-31,31,2,0
7368,0,0,468,0,1492,1481,94,-31,31,2,0
7372,0,0,466,0,1493,1483,95,-31,32,1,0
7376,0,0,466,0,1494,1485,95,-31,32,1,0
7380,0,0,467,0,1496,1486,96,-31,32,1,0
7384,0,0,466,0,1497,1488,97,-31,33,1,0
7388,0,0,467,0,1499,1490,97,-31,33,1,0
7392,0,0,467,0,1500,1491,97,-31,33,1,0
7396,0,0,467,0,1501,1493,98,-31,33,1,0
7400,0,0,466,0,1503,1495,98,-31,33,1,0
7404,0,0,466,0,1504,1497,98,-31,33,1,0
7408,0,0,465,0,1505,1498,99,-31,34,1,0
7412,0,0,465,0,1507,1500,99,-31,34,1,0
7416,0,0,464,0,1508,1502,100,-31,34,1,0
7420,0,0,463,0,1510,1504,100,-32,34,1,0
7424,0,0,462,0,1511,1506,100,-32,34,1,0
7428,0,0,462,0,1513,1508,100,-32,34,1,0
7432,0,0,462,0,1514,1509,100,-32,34,1,0
7436,0,0,462,0,1515,1511,100,-32,34,1,0
7440,0,0,461,0,1517,1513,100,-32,34,1,0
7444,0,0,461,0,1518,1515,100,-32,34,1,0
7448,0,0,460,0,1519,1516,100,-32,34,1,0
7452,0,0,460,0,1521,1518,100,-32,34,1,0
7456,0,0,460,0,1522,1520,100,-32,34,1,0
7460,0,0,460,0,1524,1522,100,-32,34,1,0
7464,0,0,460,0,1525,1524,100,-32,34,1,0
7468,0,0,459,0,1526,1525,100,-32,34,1,0
7472,0,0,459,0,1527,1527,100,-32,34,1,0
7476,0,0,459,0,1529,1528,100,-32,34,1,0
7480,0,0,458,0,1530,1530,100,-32,34,1,0
7484,0,0,458,0,1531,1532,100,-33,33,1,0
7488,0,0,459,0,1533,1534,100,-33,33,1,0
7492,0,0,459,0,1534,1535,100,-33,33,1,0
7496,0,0,458,0,1535,1537,100,-33,33,1,0
7500,0,0,458,0,1536,1538,100,-33,33,1,0
7504,0,0,458,0,1537,1540,100,-33,33,1,0
7508,0,0,458,0,1539,1542,100,-33,33,1,0
7512,0,0,458,0,1539,1543,100,-33,33,1,0
7516,0,0,457,0,1541,1544,100,-33,33,1,0
7520,0,0,457,0,1542,1546,100,-33,33,1,0
7524,0,0,457,0,1543,1547,100,-33,33,1,0
7528,0,0,457,0,1544,1548,100,-33,33,1,0
7532,0,0,457,0,1545,1550,100,-33,33,1,0
7536,0,0,458,0,1546,1551,100,-33,33,1,0
7540,0,0,458,0,1547,1552,100,-33,33,1,0
7544,0,0,459,0,1547,1554,100,-33,33,1,0
7548,0,0,459,0,1548,1554,100,-34,33,1,0
7552,0,0,460,0,1549,1556,100,-34,33,1,0
7556,0,0,461,0,1549,1557,100,-34,33,1,0
7560,0,0,462,0,1550,1558,100,-34,33,2,0
7564,0,0,463,0,1551,1558,100,-34,33,2,0
7568,0,0,463,0,1551,1560,100,-34,33,1,0
7572,0,0,463,0,1552,1560,100,-34,33,2,0
7576,0,0,463,0,1552,1561,100,-34,33,1,0
7580,0,0,464,0,1553,1562,100,-34,33,2,0
7584,0,0,464,0,1553,1562,100,-34,33,2,0
7588,0,0,464,0,1553,1563,100,-34,33,2,0
7592,0,0,464,0,1553,1564,100,-34,33,2,0
7596,0,0,465,0,1553,1564,100,-35,32,2,0
7600,0,0,466,0,1553,1564,100,-35,32,3,0
7604,0,0,466,0,1553,1564,100,-35,32,3,0
7608,0,0,466,0,1553,1564,100,-35,32,4,0
7612,0,0,466,0,1553,1564,100,-35,32,4,0
7616,0,0,467,0,1553,1564,100,-36,32,5,0
7620,0,0,467,0,1552,1564,100,-36,32,5,0
7624,0,0,467,0,1552,1564,100,-36,32,5,0
7628,0,0,468,0,1551,1563,100,-36,32,4,0
7632,0,0,467,0,1551,1563,100,-36,32,4,0
7636,0,0,466,0,1550,1562,100,-36,32,4,0
7640,0,0,467,0,1549,1562,100,-37,31,4,0
7644,0,0,466,0,1549,1561,100,-37,31,3,0
7648,0,0,467,0,1547,1560,100,-37,31,3,0
7652,0,0,467,0,1546,1560,100,-37,31,3,0
7656,0,0,467,0,1545,1559,100,-37,31,2,0
7660,0,0,467,0,1544,1558,100,-37,31,2,0
7664,0,0,468,0,1542,1556,100,-37,31,2,0
7668,0,0,468,0,1541,1555,100,-37,31,2,0
7672,0,0,468,0,1539,1553,100,-38,31,1,0
7676,0,0,468,0,1537,1552,100,-38,31,2,0
7680,0,0,468,0,1536,1550,100,-38,31,1,0
7684,0,0,467,0,1534,1548,100,-38,31,1,0
7688,0,0,467,0,1532,1546,100,-38,31,1,0
7692,0,0,466,0,1530,1545,100,-38,31,1,0
7696,0,0,466,0,1529,1543,100,-38,31,0,0
7700,0,0,466,0,1527,1541,100,-38,31,0,0
7704,0,0,466,0,1525,1539,100,-38,31,0,0
7708,0,0,467,0,1523,1537,100,-38,31,0,0
7712,0,0,468,0,1520,1535,100,-38,31,-1,0
7716,0,0,468,0,1518,1533,100,-38,31,-1,0
7720,0,0,469,0,1516,1531,100,-38,31,-2,0
7724,0,0,470,0,1513,1529,100,-38,31,-1,0
7728,0,0,471,0,1511,1527,100,-38,31,-1,0
7732,0,0,471,0,1509,1525,99,-38,30,-1,0
7736,0,0,472,0,1506,1523,99,-38,30,-1,0
7740,0,0,472,0,1504,1520,98,-37,30,-1,0
7744,0,0,472,0,1502,1518,98,-37,30,0,0
7748,0,0,472,0,1499,1516,98,-37,30,0,0
7752,0,0,471,0,1497,1514,98,-37,30,0,0
7756,0,0,472,0,1494,1512,97,-37,30,0,0
7760,0,0,472,0,1492,1509,97,-37,30,0,0
7764,0,0,473,0,1489,1507,97,-37,30,0,0
7768,0,0,474,0,1487,1504,96,-37,29,0,0
7772,0,0,474,0,1484,1502,96,-37,29,0,0
7776,0,0,474,0,1481,1500,96,-37,29,0,0
7780,0,0,476,0,1479,1497,95,-37,29,0,0
7784,0,0,477,0,1476,1495,95,-37,29,0,0
7788,0,0,478,0,1474,1492,94,-37,28,0,0
7792,0,0,478,0,1471,1490,94,-37,28,0,0
7796,0,0,478,0,1469,1487,93,-37,28,0,0
7800,0,0,479,0,1466,1485,93,-37,28,0,0
7804,0,0,478,0,1463,1482,92,-37,27,0,0
7808,0,0,478,0,1460,1480,92,-37,27,0,0
7812,0,0,478,0,1457,1477,92,-37,27,0,0
7816,0,0,478,0,1455,1474,91,-37,27,0,0
7820,0,0,478,0,1452,1472,91,-37,27,0,0
7824,0,0,479,0,1449,1469,91,-37,27,0,0
7828,0,0,479,0,1447,1466,90,-37,26,0,0
7832,0,0,479,0,1444,1464,90,-37,26,0,0
7836,0,0,480,0,1441,1461,90,-37,26,0,0
7840,0,0,480,0,1438,1459,89,-37,26,0,0
7844,0,0,480,0,1435,1456,89,-37,26,0,0
7848,0,0,481,0,1433,1454,89,-37,26,0,0
7852,0,0,481,0,1430,1451,88,-37,25,0,0
7856,0,0,481,0,1427,1448,88,-37,25,0,0
7860,0,0,481,0,1425,1446,88,-37,25,0,0
7864,0,0,481,0,1422,1443,88,-37,25,0,0
7868,0,0,481,0,1419,1441,87,-37,25,0,0
7872,0,0,481,0,1417,1438,87,-37,25,0,0
7876,0,0,481,0,1414,1436,87,-37,25,0,0
7880,0,0,481,0,1411,1433,87,-37,25,0,0
7884,0,0,481,0,1409,1431,87,-37,25,0,0
7888,0,0,481,0,1406,1428,87,-37,25,0,0
7892,0,0,481,0,1403,1426,87,-37,25,0,0
7896,0,0,480,0,1401,1424,87,-37,25,0,0
7900,0,0,480,0,1398,1422,87,-37,25,0,0
7904,0,0,480,0,1396,1419,87,-37,25,0,0
7908,0,0,481,0,1393,1417,86,-37,24,0,0
7912,0,0,481,0,1391,1415,86,-37,24,0,0
7916,0,0,480,0,1388,1413,86,-37,24,0,0
7920,0,0,481,0,1386,1410,86,-37,24,0,0
7924,0,0,480,0,1383,1408,86,-37,24,0,0
7928,0,0,479,0,1381,1406,86,-37,24,0,0
7932,0,0,480,0,1379,1404,86,-37,24,0,0
7936,0,0,479,0,1377,1402,87,-37,25,0,0
7940,0,0,479,0,1374,1400,87,-37,25,0,0
7944,0,0,479,0,1372,1398,87,-37,25,0,0
7948,0,0,479,0,1370,1396,87,-37,25,0,0
7952,0,0,479,0,1367,1394,87,-37,25,0,0
7956,0,0,479,0,1365,1392,87,-37,25,0,0
7960,0,0,479,0,1363,1390,87,-37,25,0,0
7964,0,0,479,0,1361,1388,87,-36,25,0,0
7968,0,0,479,0,1359,1386,87,-36,25,0,0
7972,0,0,478,0,1357,1384,87,-36,25,0,0
7976,0,0,477,0,1355,1382,88,-36,26,0,0
7980,0,0,478,0,1353,1380,88,-36,26,0,0
7984,0,0,478,0,1351,1378,88,-36,26,0,0
7988,0,0,479,0,1349,1377,88,-36,26,0,0
7992,0,0,478,0,1347,1375,88,-36,26,0,0
7996,0,0,478,0,1345,1374,88,-36,26,0,0
8000,0,0,478,0,1343,1372,88,-36,26,0,0
8004,0,0,478,0,1341,1370,88,-36,26,0,0
8008,0,0,478,0,1339,1369,88,-36,26,0,0
8012,0,0,479,0,1338,1367,88,-36,26,0,0
8016,0,0,479,0,1336,1366,88,-36,26,0,0
8020,0,0,479,0,1334,1364,88,-36,26,0,0
8024,0,0,479,0,1333,1362,88,-36,26,0,0
8028,0,0,479,0,1331,1361,88,-36,26,0,0
8032,0,0,478,0,1329,1360,88,-36,26,0,0
8036,0,0,479,0,1328,1358,88,-36,26,0,0
8040,0,0,479,0,1326,1357,88,-36,26,0,0
8044,0,0,479,0,1325,1356,88,-36,26,0,0
8048,0,0,479,0,1323,1355,88,-36,26,0,0
8052,0,0,479,0,1322,1354,88,-36,26,-1,0
8056,0,0,479,0,1320,1352,88,-36,26,0,0
8060,0,0,479,0,1319,1352,88,-36,26,0,0
8064,0,0,479,0,1318,1350,88,-36,26,-1,0
8068,0,0,479,0,1316,1350,88,-36,26,-1,0
8072,0,0,480,0,1315,1348,88,-36,26,-1,0
8076,0,0,480,0,1314,1348,88,-36,26,-1,0
8080,0,0,480,0,1313,1347,87,-35,26,-1,0
8084,0,0,480,0,1311,1346,87,-35,26,-1,0
8088,0,0,479,0,1310,1345,87,-35,26,-2,0
8092,0,0,480,0,1309,1344,87,-35,26,-1,0
8096,0,0,479,0,1308,1343,87,-35,26,-1,0
8100,0,0,480,0,1307,1342,87,-35,26,-1,0
8104,0,0,480,0,1306,1342,87,-35,26,-1,0
8108,0,0,480,0,1305,1341,87,-35,26,-2,0
8112,0,0,480,0,1304,1341,87,-35,26,-2,0
8116,0,0,481,0,1303,1340,87,-35,26,-2,0
8120,0,0,481,0,1302,1339,87,-35,26,-2,0
8124,0,0,481,0,1301,1338,87,-34,26,-2,0
8128,0,0,481,0,1300,1338,87,-34,26,-2,0
8132,0,0,481,0,1299,1338,86,-34,26,-3,0
8136,0,0,481,0,1298,1337,86,-34,26,-3,0
8140,0,0,482,0,1297,1336,86,-34,26,-3,0
8144,0,0,482,0,1297,1336,86,-34,26,-3,0
8148,0,0,482,0,1296,1336,86,-34,26,-3,0
8152,0,0,482,0,1295,1335,86,-34,26,-3,0
8156,0,0,482,0,1294,1334,86,-33,26,-3,0
8160,0,0,482,0,1293,1334,85,-33,26,-3,0
8164,0,0,482,0,1292,1334,85,-33,26,-3,0
8168,0,0,483,0,1292,1333,85,-33,26,-4,0
8172,0,0,483,0,1291,1333,85,-33,26,-4,0
8176,0,0,483,0,1290,1332,85,-33,26,-4,0
8180,0,0,483,0,1289,1332,85,-32,26,-3,0
8184,0,0,483,0,1289,1332,85,-32,26,-4,0
8188,0,0,484,0,1288,1331,84,-32,26,-4,0
8192,0,0,484,0,1287,1330,84,-32,26,-3,0
8196,0,0,484,0,1286,1330,84,-32,26,-3,0
8200,0,0,484,0,1285,1330,84,-32,26,-4,0
8204,0,0,484,0,1285,1329,84,-31,26,-4,0
8208,0,0,484,0,1284,1329,84,-31,26,-3,0
8212,0,0,484,0,1283,1328,83,-31,26,-4,0
8216,0,0,484,0,1282,1328,83,-31,26,-3,0
8220,0,0,484,0,1281,1328,83,-31,26,-4,0
8224,0,0,483,0,1281,1327,83,-31,26,-4,0
8228,0,0,483,0,1280,1327,83,-30,26,-4,0
8232,0,0,483,0,1279,1326,83,-30,26,-4,0
8236,0,0,481,0,1278,1326,83,-30,26,-3,0
8240,0,0,480,0,1278,1326,84,-30,27,-4,0
8244,0,0,479,0,1277,1326,84,-30,27,-4,0
8248,0,0,476,0,1276,1326,85,-29,28,-5,0
8252,0,0,476,0,1276,1326,85,-29,28,-5,0
8256,0,0,475,0,1275,1326,86,-29,28,-5,0
8260,0,0,475,0,1274,1326,87,-29,29,-6,0
8264,0,0,475,0,1274,1326,87,-28,29,-6,0
8268,0,0,475,0,1273,1326,88,-28,30,-6,0
8272,0,0,474,0,1273,1326,88,-28,30,-6,0
8276,0,0,475,0,1272,1326,89,-28,30,-7,0
8280,0,0,473,0,1271,1326,89,-27,31,-7,0
8284,0,0,472,0,1270,1325,90,-27,31,-7,0
8288,0,0,472,0,1270,1325,90,-27,31,-7,0
8292,0,0,473,0,1269,1324,91,-26,32,-7,0
8296,0,0,472,0,1268,1324,91,-26,32,-7,0
8300,0,0,473,0,1267,1324,91,-26,32,-7,0
8304,0,0,474,0,1267,1323,92,-25,33,-7,0
8308,0,0,476,0,1266,1323,91,-25,33,-8,0
8312,0,0,477,0,1265,1322,91,-25,33,-7,0
8316,0,0,479,0,1265,1322,91,-24,33,-7,0
8320,0,0,481,0,1264,1322,90,-24,33,-7,0
8324,0,0,483,0,1263,1322,90,-24,33,-7,0
8328,0,0,486,0,1263,1322,89,-23,33,-8,0
8332,0,0,488,0,1262,1322,88,-23,32,-8,0
8336,0,0,490,0,1262,1322,87,-23,32,-8,0
8340,0,0,495,0,1261,1322,85,-22,31,-8,0
8344,0,0,498,0,1261,1321,83,-22,30,-8,0
8348,0,0,501,0,1260,1321,81,-22,29,-7,0
8352,0,0,508,0,1260,1321,79,-21,29,-7,0
8356,0,0,511,0,1259,1321,76,-21,27,-7,0
8360,0,0,520,0,1258,1320,73,-21,26,-7,0
8364,0,0,523,0,1257,1320,70,-21,24,-7,0
8368,0,0,527,0,1256,1320,67,-20,23,-7,0
8372,0,0,537,0,1255,1319,63,-20,21,-7,0
8376,0,0,540,0,1255,1318,59,-20,19,-6,0
8380,0,0,543,0,1254,1318,55,-19,18,-6,0
8384,0,0,550,0,1253,1318,50,-19,15,-6,0
8388,0,0,552,0,1252,1317,46,-19,13,-6,0
8392,0,0,555,0,1251,1317,42,-19,11,-6,0
8396,0,0,555,0,1250,1316,39,-18,10,-7,0
8400,0,0,556,0,1249,1315,36,-18,9,-6,0
8404,0,0,554,0,1248,1314,33,-18,7,-6,0
8408,0,0,554,0,1246,1313,30,-17,6,-6,0
8412,0,0,552,0,1245,1312,28,-17,5,-6,0
8416,0,0,550,0,1243,1311,27,-17,5,-6,0
8420,0,0,549,0,1242,1309,25,-17,4,-6,0
8424,0,0,546,0,1240,1308,24,-16,4,-6,0
8428,0,0,545,0,1238,1306,24,-16,4,-5,0
8432,0,0,543,0,1237,1304,23,-16,3,-5,0
8436,0,0,542,0,1235,1302,23,-16,3,-4,0
8440,0,0,539,0,1232,1300,23,-16,3,-4,0
8444,0,0,537,0,1230,1298,23,-16,3,-3,0
8448,0,0,535,0,1228,1296,24,-15,4,-4,0
8452,0,0,533,0,1225,1294,25,-15,5,-3,0
8456,0,0,531,0,1223,1291,25,-15,5,-3,0
8460,0,0,529,0,1221,1289,26,-15,5,-2,0
8464,0,0,527,0,1218,1286,27,-15,6,-2,0
8468,0,0,527,0,1216,1284,28,-15,6,-2,0
8472,0,0,525,0,1213,1281,29,-15,7,-1,0
8476,0,0,523,0,1211,1279,30,-15,7,-1,0
8480,0,0,524,0,1208,1276,31,-15,8,-1,0
8484,0,0,521,0,1205,1273,33,-14,9,-1,0
8488,0,0,521,0,1203,1270,34,-14,10,0,0
8492,0,0,521,0,1200,1267,35,-14,10,0,0
8496,0,0,519,0,1197,1264,36,-14,11,0,0
8500,0,0,520,0,1194,1262,36,-14,11,0,0
8504,0,0,519,0,1191,1259,37,-14,11,0,0
8508,0,0,519,0,1189,1256,38,-14,12,0,0
8512,0,0,519,0,1186,1253,39,-14,12,0,0
8516,0,0,518,0,1183,1250,40,-14,13,0,0
8520,0,0,519,0,1180,1247,40,-14,13,0,0
8524,0,0,518,0,1177,1244,41,-14,13,0,0
8528,0,0,519,0,1174,1240,41,-14,13,0,0
8532,0,0,519,0,1171,1237,42,-14,14,0,0
8536,0,0,518,0,1168,1234,42,-14,14,0,0
8540,0,0,520,0,1165,1231,42,-14,14,0,0
8544,0,0,519,0,1162,1228,43,-14,14,0,0
8548,0,0,520,0,1159,1224,43,-14,14,0,0
8552,0,0,520,0,1156,1221,43,-14,14,0,0
8556,0,0,521,0,1153,1218,43,-14,14,0,0
8560,0,0,522,0,1149,1215,43,-14,14,0,0
8564,0,0,522,0,1146,1212,43,-14,14,0,0
8568,0,0,523,0,1143,1208,43,-14,14,0,0
8572,0,0,524,0,1140,1205,42,-14,14,0,0
8576,0,0,525,0,1137,1202,42,-14,14,0,0
8580,0,0,526,0,1134,1198,41,-14,13,0,0
8584,0,0,526,0,1131,1195,41,-14,13,0,0
8588,0,0,528,0,1127,1192,41,-15,13,0,0
8592,0,0,529,0,1124,1188,40,-15,12,0,0
8596,0,0,529,0,1121,1185,39,-15,12,0,0
8600,0,0,530,0,1118,1182,39,-15,12,0,0
8604,0,0,529,0,1115,1178,38,-15,11,0,0
8608,0,0,533,0,1112,1175,38,-15,11,0,0
8612,0,0,534,0,1109,1172,37,-15,11,0,0
8616,0,0,534,0,1105,1168,36,-15,10,0,0
8620,0,0,537,0,1102,1164,35,-15,10,0,0
8624,0,0,537,0,1099,1161,34,-15,9,0,0
8628,0,0,537,0,1096,1158,33,-15,9,0,0
8632,0,0,540,0,1093,1154,32,-15,8,0,0
8636,0,0,540,0,1089,1151,31,-15,8,0,0
8640,0,0,544,0,1086,1148,30,-15,7,0,0
8644,0,0,543,0,1083,1144,29,-15,7,0,0
8648,0,0,544,0,1079,1140,28,-15,6,0,0
8652,0,0,547,0,1076,1137,27,-15,6,0,0
8656,0,0,547,0,1073,1134,26,-15,5,0,0
8660,0,0,549,0,1070,1130,24,-15,4,0,0
8664,0,0,551,0,1067,1127,23,-15,4,0,0
8668,0,0,553,0,1063,1123,22,-15,3,0,0
8672,0,0,554,0,1060,1120,20,-15,2,0,0
8676,0,0,555,0,1057,1116,19,-15,2,0,0
8680,0,0,557,0,1053,1113,18,-15,1,0,0
8684,0,0,558,0,1050,1110,16,-15,0,0,0
8688,0,0,561,0,1047,1106,15,-15,0,0,0
8692,0,0,562,0,1043,1102,13,-15,-1,0,0
8696,0,0,562,0,1040,1099,12,-15,-1,0,0
8700,0,0,565,0,1037,1096,10,-15,-2,0,0
8704,0,0,565,0,1034,1092,9,-15,-3,0,0
8708,0,0,566,0,1030,1089,7,-15,-4,0,0
8712,0,0,568,0,1027,1085,6,-15,-4,0,0
8716,0,0,568,0,1024,1082,5,-15,-5,0,0
8720,0,0,570,0,1020,1078,3,-15,-6,0,0
8724,0,0,571,0,1017,1075,2,-15,-6,0,0
8728,0,0,573,0,1014,1071,1,-15,-7,0,0
8732,0,0,574,0,1010,1068,0,-15,-7,0,0
8736,0,0,575,0,1007,1064,-1,-15,-8,0,0
8740,0,0,576,0,1004,1061,-2,-15,-8,0,0
8744,0,0,577,0,1000,1058,-4,-15,-9,0,0
8748,0,0,578,0,997,1054,-5,-15,-10,0,0
8752,0,0,579,0,994,1050,-6,-15,-10,0,0
8756,0,0,579,0,991,1047,-7,-15,-11,0,0
8760,0,0,581,0,987,1043,-9,-15,-12,0,0
8764,0,0,581,0,984,1040,-10,-15,-12,0,0
8768,0,0,582,0,981,1036,-11,-15,-13,0,0
8772,0,0,583,0,977,1033,-12,-15,-13,0,0
8776,0,0,583,0,974,1029,-13,-15,-14,0,0
8780,0,0,585,0,971,1026,-14,-15,-14,0,0
8784,0,0,584,0,967,1022,-15,-15,-15,0,0
8788,0,0,585,0,964,1019,-16,-15,-15,0,0
8792,0,0,586,0,961,1016,-17,-15,-16,0,0
8796,0,0,585,0,957,1012,-17,-15,-16,0,0
8800,0,0,587,0,954,1009,-18,-15,-16,0,0
8804,0,0,586,0,951,1005,-19,-15,-17,0,0
8808,0,0,587,0,947,1002,-20,-15,-17,0,0
8812,0,0,588,0,944,998,-20,-15,-17,0,0
8816,0,0,587,0,941,995,-21,-15,-18,0,0
8820,0,0,588,0,937,991,-22,-15,-18,0,0
8824,0,0,588,0,934,988,-22,-15,-18,0,0
8828,0,0,588,0,930,984,-23,-15,-19,0,0
8832,0,0,588,0,927,981,-23,-15,-19,0,0
8836,0,0,588,0,924,977,-23,-15,-19,0,0
8840,0,0,589,0,921,974,-24,-15,-19,0,0
8844,0,0,588,0,917,970,-24,-15,-19,0,0
8848,0,0,588,0,914,967,-25,-15,-20,0,0
8852,0,0,588,0,910,964,-25,-15,-20,0,0
8856,0,0,587,0,907,960,-25,-15,-20,0,0
8860,0,0,588,0,904,957,-25,-15,-20,0,0
8864,0,0,587,0,900,953,-25,-15,-20,0,0
8868,0,0,586,0,897,950,-25,-15,-20,0,0
8872,0,0,586,0,894,946,-25,-15,-20,0,0
8876,0,0,585,0,890,943,-25,-15,-20,0,0
8880,0,0,586,0,887,939,-25,-15,-20,0,0
8884,0,0,585,0,883,936,-25,-15,-20,0,0
8888,0,0,586,0,880,932,-25,-15,-20,0,0
8892,0,0,587,0,877,928,-25,-15,-20,0,0
8896,0,0,587,0,874,925,-25,-15,-20,0,0
8900,0,0,588,0,870,922,-25,-15,-20,0,0
8904,0,0,588,0,867,918,-26,-15,-20,0,0
8908,0,0,589,0,863,915,-26,-15,-20,0,0
8912,0,0,590,0,860,911,-26,-15,-20,0,0
8916,0,0,590,0,857,908,-26,-15,-20,0,0
8920,0,0,591,0,854,904,-27,-15,-21,0,0
8924,0,0,591,0,850,901,-27,-15,-21,0,0
8928,0,0,592,0,847,897,-28,-15,-21,0,0
8932,0,0,592,0,843,894,-28,-16,-22,0,0
8936,0,0,591,0,840,890,-28,-16,-22,0,0
8940,0,0,593,0,837,887,-29,-16,-22,0,0
8944,0,0,593,0,833,884,-29,-16,-22,0,0
8948,0,0,593,0,830,880,-29,-16,-22,0,0
8952,0,0,594,0,827,876,-30,-16,-23,0,0
8956,0,0,593,0,824,873,-30,-16,-23,0,0
8960,0,0,595,0,820,870,-30,-16,-23,0,0
8964,0,0,594,0,817,866,-31,-16,-23,0,0
8968,0,0,594,0,813,863,-31,-16,-23,0,0
8972,0,0,595,0,810,859,-31,-16,-23,0,0
8976,0,0,595,0,807,856,-32,-16,-24,0,0
8980,0,0,596,0,804,852,-32,-16,-24,0,0
8984,0,0,596,0,801,849,-32,-16,-24,0,0
8988,0,0,597,0,797,846,-33,-16,-24,0,0
8992,0,0,598,0,794,842,-33,-16,-24,0,0
8996,0,0,598,0,790,838,-34,-16,-25,0,0
9000,0,0,599,0,787,835,-34,-16,-25,0,0
9004,0,0,599,0,784,832,-35,-16,-25,0,0
9008,0,0,600,0,781,828,-35,-16,-25,0,0
9012,0,0,600,0,777,825,-36,-16,-26,0,0
9016,0,0,600,0,774,821,-36,-16,-26,0,0
9020,0,0,601,0,771,818,-37,-16,-26,0,0
9024,0,0,602,0,767,814,-37,-16,-26,0,0
9028,0,0,603,0,764,811,-38,-16,-27,0,0
9032,0,0,603,0,761,807,-38,-16,-27,0,0
9036,0,0,603,0,757,804,-39,-16,-27,0,0
9040,0,0,605,0,754,800,-39,-16,-27,0,0
9044,0,0,605,0,751,797,-40,-16,-28,0,0
9048,0,0,605,0,747,793,-40,-16,-28,0,0
9052,0,0,607,0,744,790,-41,-16,-28,0,0
9056,0,0,607,0,741,786,-42,-16,-29,0,0
9060,0,0,608,0,737,783,-42,-16,-29,0,0
9064,0,0,607,0,734,780,-43,-16,-29,0,0
9068,0,0,608,0,731,776,-43,-16,-29,0,0
9072,0,0,609,0,727,772,-44,-16,-30,0,0
9076,0,0,608,0,724,769,-44,-16,-30,0,0
9080,0,0,610,0,721,766,-45,-16,-30,0,0
9084,0,0,610,0,717,762,-46,-16,-31,0,0
9088,0,0,611,0,714,758,-46,-16,-31,0,0
9092,0,0,611,0,711,755,-47,-16,-31,0,0
9096,0,0,611,0,708,752,-47,-16,-31,0,0
9100,0,0,613,0,704,748,-48,-16,-32,0,0
9104,0,0,612,0,701,745,-48,-16,-32,0,0
9108,0,0,613,0,697,741,-49,-16,-32,0,0
9112,0,0,614,0,694,738,-49,-16,-32,0,0
9116,0,0,613,0,691,734,-50,-16,-33,0,0
9120,0,0,614,0,687,731,-50,-16,-33,0,0
9124,0,0,614,0,684,727,-51,-16,-33,0,0
9128,0,0,614,0,681,724,-51,-16,-33,0,0
9132,0,0,615,0,677,720,-52,-16,-34,0,0
9136,0,0,614,0,674,717,-52,-16,-34,0,0
9140,0,0,616,0,671,713,-52,-16,-34,0,0
9144,0,0,615,0,667,710,-53,-16,-34,0,0
9148,0,0,615,0,664,706,-53,-16,-34,0,0
9152,0,0,616,0,661,703,-53,-16,-34,0,0
9156,0,0,615,0,658,700,-54,-16,-35,0,0
9160,0,0,616,0,654,696,-54,-16,-35,0,0
9164,0,0,616,0,651,693,-54,-16,-35,0,0
9168,0,0,617,0,647,689,-55,-16,-35,0,0
9172,0,0,617,0,644,686,-55,-16,-35,0,0
9176,0,0,616,0,641,682,-55,-16,-35,0,0
9180,0,0,617,0,638,679,-55,-16,-35,0,0
9184,0,0,617,0,634,675,-56,-16,-36,0,0
9188,0,0,617,0,631,672,-56,-16,-36,0,0
9192,0,0,619,0,628,668,-56,-16,-36,0,0
9196,0,0,618,0,624,665,-57,-16,-36,0,0
9200,0,0,618,0,621,661,-57,-16,-36,0,0
9204,0,0,618,0,618,658,-57,-16,-36,0,0
9208,0,0,619,0,615,654,-57,-16,-36,0,0
9212,0,0,619,0,611,651,-58,-16,-37,0,0
9216,0,0,618,0,608,648,-58,-16,-37,0,0
9220,0,0,620,0,605,644,-58,-16,-37,0,0
9224,0,0,619,0,601,640,-58,-16,-37,0,0
9228,0,0,620,0,598,637,-59,-16,-37,0,0
9232,0,0,621,0,595,634,-59,-16,-37,0,0
9236,0,0,621,0,592,630,-59,-16,-37,0,0
9240,0,0,622,0,589,627,-60,-16,-38,0,0
9244,0,0,621,0,585,623,-60,-16,-38,0,0
9248,0,0,622,0,582,620,-60,-16,-38,0,0
9252,0,0,623,0,579,616,-61,-16,-38,0,0
9256,0,0,623,0,575,613,-61,-16,-38,0,0
9260,0,0,624,0,572,609,-61,-16,-38,0,0
9264,0,0,624,0,569,606,-62,-16,-39,0,0
9268,0,0,625,0,565,602,-62,-16,-39,0,0
9272,0,0,625,0,562,599,-63,-16,-39,0,0
9276,0,0,625,0,559,596,-63,-16,-39,0,0
9280,0,0,626,0,556,592,-64,-16,-40,0,0
9284,0,0,626,0,552,589,-64,-16,-40,0,0
9288,0,0,626,0,549,585,-64,-16,-40,0,0
9292,0,0,626,0,545,582,-65,-16,-40,0,0
,,,,,,,,,,,
