0,0,0,546,0,0,0,100,0,50,0,0
4,0,0,545,0,0,0,100,0,50,0,0
8,0,0,545,0,0,0,100,0,50,0,0
12,0,0,545,0,0,0,100,0,50,0,0
16,0,0,545,0,0,0,100,0,50,0,0
20,0,0,546,0,0,0,100,0,50,0,0
24,0,0,546,0,0,0,100,0,50,0,0
28,0,0,546,0,-1,0,100,0,50,0,0
32,0,0,546,0,-1,0,100,0,50,-3,0
36,0,0,548,0,-1,0,100,0,50,-3,0
40,0,0,547,0,-1,0,100,0,50,-3,0
44,0,0,547,0,-1,1,98,0,49,-3,0
48,0,0,547,0,-1,1,89,0,44,0,0
52,0,0,548,0,-2,1,82,0,41,0,0
56,0,0,548,0,-2,1,75,0,37,-3,0
60,0,0,549,0,-2,1,68,0,34,-3,0
64,0,0,548,0,-3,1,63,0,31,-3,0
68,0,0,548,0,-3,1,58,0,29,-7,0
72,0,0,548,0,-3,0,53,0,26,-7,0
76,0,0,548,0,-3,0,49,0,24,-10,0
80,0,0,548,0,-4,0,46,1,23,-14,0
84,0,0,548,0,-4,0,42,1,21,-14,0
88,0,0,547,0,-5,0,39,1,20,-14,0
92,0,0,546,0,-5,0,37,1,19,-17,0
96,0,0,546,0,-5,0,34,1,17,-17,0
100,0,0,545,0,-6,0,32,2,17,-17,0
104,0,0,545,0,-6,0,31,2,16,-21,0
108,0,0,546,0,-7,0,29,2,15,-21,0
112,0,0,546,0,-7,0,27,2,14,-25,0
116,0,0,546,0,-7,-1,26,3,14,-25,0
120,0,0,547,0,-7,-1,25,3,14,-28,0
124,0,0,548,0,-8,-1,23,3,13,-28,0
128,0,0,549,0,-8,-2,22,4,13,-32,0
132,0,0,549,0,-8,-2,21,4,12,-32,0
136,0,0,549,0,-9,-2,20,4,12,-32,0
140,0,0,549,0,-9,-2,19,4,11,-35,0
144,0,0,549,0,-9,-2,19,4,11,-35,0
148,0,0,550,0,-9,-2,18,5,11,-39,0
152,0,0,551,0,-9,-2,17,5,11,-39,0
156,0,0,551,0,-9,-3,17,5,11,-35,0
160,0,0,552,0,-10,-3,16,6,11,-39,0
164,0,0,552,0,-10,-3,15,6,10,-43,0
168,0,0,553,0,-10,-3,15,6,10,-39,0
172,0,0,553,0,-10,-3,14,6,10,-39,0
176,0,0,553,0,-10,-3,14,7,10,-35,0
180,0,0,553,0,-10,-4,13,7,10,-32,0
184,0,0,552,0,-11,-4,13,7,10,-35,0
188,0,0,552,0,-11,-4,13,7,10,-39,0
192,0,0,552,0,-11,-4,13,8,10,-35,0
196,0,0,552,0,-11,-4,12,8,10,-35,0
200,0,0,552,0,-11,-4,12,8,10,-35,0
204,0,0,552,0,-11,-4,12,9,10,-32,0
208,0,0,552,0,-11,-4,12,9,10,-32,0
212,0,0,552,0,-11,-4,12,9,10,-28,0
216,0,0,553,0,-11,-4,11,9,10,-28,0
220,0,0,553,0,-11,-4,11,10,10,-25,0
224,0,0,553,0,-11,-5,11,10,10,-25,0
228,0,0,554,0,-11,-5,11,10,10,-25,0
232,0,0,554,0,-11,-5,11,11,11,-21,0
236,0,0,554,0,-11,-5,11,11,11,-21,0
240,0,0,554,0,-11,-5,10,11,10,-17,0
244,0,0,554,0,-11,-5,10,11,10,-17,0
248,0,0,554,0,-11,-5,10,11,10,-17,0
252,0,0,554,0,-11,-5,10,12,11,-17,0
256,0,0,553,0,-11,-5,10,12,11,-17,0
260,0,0,555,0,-11,-5,10,12,11,-14,0
264,0,0,554,0,-11,-5,10,12,11,-10,0
268,0,0,555,0,-11,-5,10,12,11,-10,0
272,0,0,554,0,-11,-5,10,12,11,-10,0
276,0,0,554,0,-11,-4,10,12,11,-10,0
280,0,0,553,0,-11,-4,10,12,11,-7,0
284,0,0,553,0,-11,-4,10,12,11,-3,0
288,0,0,553,0,-11,-4,10,11,10,0,0
292,0,0,553,0,-11,-4,10,11,10,0,0
296,0,0,553,0,-11,-4,10,11,10,0,0
300,0,0,554,0,-11,-4,10,11,10,0,0
304,0,0,553,0,-11,-3,10,10,10,0,0
308,0,0,554,0,-10,-3,10,10,10,3,0
312,0,0,554,0,-10,-3,9,10,9,7,0
316,0,0,554,0,-10,-2,9,9,9,7,0
320,0,0,553,0,-10,-2,9,9,9,10,0
324,0,0,553,0,-9,-2,9,9,9,10,0
328,0,0,552,0,-9,-1,10,8,9,17,0
332,0,0,552,0,-9,0,10,8,9,21,0
336,0,0,551,0,-8,0,10,7,8,25,0
340,0,0,551,0,-8,1,10,7,8,28,0
344,0,0,551,0,-7,2,10,7,8,32,0
348,0,0,551,0,-7,2,10,6,8,39,0
352,0,0,551,0,-6,3,10,6,8,39,0
356,0,0,551,0,-5,4,10,6,8,46,0
360,0,0,551,0,-4,4,10,6,8,53,0
364,0,0,551,0,-3,5,10,5,7,57,0
368,0,0,552,0,-3,6,10,5,7,68,0
372,0,0,551,0,-2,7,10,5,7,68,0
376,0,0,553,0,-1,8,10,5,7,75,0
380,0,0,554,0,0,9,10,5,7,78,0
384,0,0,556,0,1,10,10,5,7,85,0
388,0,0,557,0,2,11,10,4,7,93,0
392,0,0,558,0,3,12,9,4,6,100,0
396,0,0,558,0,3,12,9,4,6,107,0
400,0,0,558,0,4,14,9,4,6,111,0
404,0,0,557,0,5,14,9,4,6,118,0
408,0,0,556,0,5,15,9,4,6,118,0
412,0,0,555,0,6,16,9,4,6,118,0
416,0,0,554,0,7,17,9,4,6,125,0
420,0,0,554,0,7,18,9,4,6,129,0
424,0,0,552,0,8,18,9,4,6,132,0
428,0,0,553,0,9,19,9,4,6,132,0
432,0,0,554,0,9,20,9,4,6,136,0
436,0,0,552,0,10,20,9,4,6,136,0
440,0,0,552,0,10,21,9,4,6,139,0
444,0,0,553,0,11,22,9,4,6,136,0
448,0,0,552,0,11,23,9,4,6,136,0
452,0,0,552,0,12,23,9,3,6,139,0
456,0,0,552,0,13,24,10,3,6,136,0
460,0,0,553,0,13,24,10,3,6,136,0
464,0,0,553,0,14,25,10,3,6,132,0
468,0,0,554,0,14,26,9,3,6,129,0
472,0,0,555,0,15,26,9,3,6,132,0
476,0,0,554,0,15,27,9,3,6,129,0
480,0,0,554,0,15,27,9,3,6,125,0
484,0,0,554,0,16,28,9,3,6,118,0
488,0,0,555,0,16,28,9,3,6,118,0
492,0,0,554,0,17,29,9,3,6,111,0
496,0,0,554,0,17,29,9,3,6,111,0
500,0,0,554,0,17,30,9,3,6,107,0
504,0,0,553,0,18,30,9,3,6,103,0
508,0,0,554,0,18,30,9,3,6,103,0
512,0,0,553,0,18,31,9,2,5,100,0
516,0,0,553,0,19,31,9,2,5,96,0
520,0,0,553,0,19,32,9,2,5,93,0
524,0,0,553,0,19,32,9,2,5,93,0
528,0,0,553,0,19,32,9,2,5,89,0
532,0,0,553,0,20,32,9,2,5,82,0
536,0,0,552,0,20,33,10,2,6,82,0
540,0,0,553,0,20,33,10,2,6,78,0
544,0,0,553,0,20,33,10,2,6,78,0
548,0,0,554,0,21,33,9,2,5,71,0
552,0,0,554,0,21,34,9,2,5,71,0
556,0,0,553,0,21,34,9,2,5,71,0
560,0,0,553,0,21,34,9,1,5,64,0
564,0,0,551,0,21,34,10,1,5,64,0
568,0,0,552,0,21,34,10,1,5,57,0
572,0,0,551,0,21,34,10,1,5,53,0
576,0,0,552,0,21,35,10,1,5,50,0
580,0,0,552,0,22,35,10,0,5,50,0
584,0,0,552,0,22,35,10,0,5,53,0
588,0,0,553,0,22,35,10,0,5,46,0
592,0,0,552,0,22,35,10,0,5,46,0
596,0,0,552,0,22,35,10,0,5,39,0
600,0,0,553,0,22,36,10,0,5,39,0
604,0,0,552,0,22,36,10,0,5,39,0
608,0,0,553,0,22,36,10,0,5,35,0
612,0,0,553,0,22,36,10,0,5,35,0
616,0,0,553,0,22,36,10,0,5,32,0
620,0,0,553,0,23,36,10,0,5,32,0
624,0,0,552,0,23,36,10,0,5,28,0
628,0,0,553,0,23,36,10,0,5,28,0
632,0,0,553,0,23,36,10,0,5,28,0
636,0,0,552,0,23,37,10,0,5,25,0
640,0,0,552,0,23,37,10,0,5,25,0
644,0,0,552,0,23,37,10,0,5,25,0
648,0,0,552,0,23,37,10,0,5,25,0
652,0,0,551,0,23,37,10,-1,4,21,0
656,0,0,552,0,24,38,10,-1,4,17,0
660,0,0,552,0,24,38,10,-1,4,25,0
664,0,0,552,0,24,38,10,-1,4,25,0
668,0,0,552,0,24,38,10,-1,4,25,0
672,0,0,552,0,24,38,10,-1,4,25,0
676,0,0,552,0,24,38,10,-1,4,25,0
680,0,0,552,0,25,38,10,-1,4,21,0
684,0,0,552,0,25,39,10,-1,4,21,0
688,0,0,552,0,25,39,10,-1,4,25,0
692,0,0,551,0,25,39,10,-1,4,25,0
696,0,0,551,0,25,40,10,-1,4,25,0
700,0,0,552,0,26,40,10,-1,4,28,0
704,0,0,552,0,26,40,10,-1,4,28,0
708,0,0,552,0,26,41,10,-1,4,28,0
712,0,0,552,0,27,41,10,-1,4,32,0
716,0,0,552,0,27,41,10,-1,4,35,0
720,0,0,552,0,27,41,10,-1,4,32,0
724,0,0,552,0,27,42,10,-1,4,32,0
728,0,0,552,0,28,42,10,-1,4,35,0
732,0,0,551,0,28,42,10,-2,4,39,0
736,0,0,552,0,28,43,10,-2,4,39,0
740,0,0,552,0,29,43,10,-2,4,39,0
744,0,0,552,0,29,44,10,-2,4,42,0
748,0,0,552,0,29,44,10,-2,4,46,0
752,0,0,552,0,30,44,10,-2,4,46,0
756,0,0,552,0,30,45,10,-2,4,50,0
760,0,0,553,0,31,45,10,-2,4,46,0
764,0,0,553,0,31,46,10,-2,4,50,0
768,0,0,552,0,31,46,10,-2,4,53,0
772,0,0,552,0,32,47,10,-2,4,53,0
776,0,0,552,0,32,47,10,-2,4,60,0
780,0,0,553,0,33,48,10,-2,4,60,0
784,0,0,552,0,33,48,10,-2,4,64,0
788,0,0,552,0,33,49,10,-2,4,60,0
792,0,0,552,0,34,49,10,-2,4,64,0
796,0,0,552,0,34,50,10,-2,4,71,0
800,0,0,553,0,35,50,10,-2,4,68,0
804,0,0,552,0,35,51,10,-2,4,68,0
808,0,0,553,0,36,52,10,-2,4,71,0
812,0,0,553,0,36,52,10,-2,4,75,0
816,0,0,553,0,37,53,10,-2,4,71,0
820,0,0,553,0,37,54,10,-2,4,78,0
824,0,0,553,0,38,54,10,-2,4,82,0
828,0,0,553,0,39,55,10,-2,4,82,0
832,0,0,554,0,39,56,10,-2,4,86,0
836,0,0,554,0,40,56,10,-2,4,89,0
840,0,0,554,0,40,57,10,-2,4,89,0
844,0,0,555,0,41,58,10,-2,4,89,0
848,0,0,555,0,41,58,9,-2,3,93,0
852,0,0,554,0,42,59,9,-2,3,96,0
856,0,0,555,0,43,60,9,-2,3,96,0
860,0,0,555,0,43,61,9,-3,3,100,0
864,0,0,555,0,44,61,9,-3,3,100,0
868,0,0,556,0,45,62,9,-3,3,103,0
872,0,0,556,0,45,63,9,-3,3,107,0
876,0,0,556,0,46,64,9,-3,3,103,0
880,0,0,556,0,47,65,9,-3,3,111,0
884,0,0,556,0,47,65,9,-3,3,111,0
888,0,0,557,0,48,66,9,-3,3,111,0
892,0,0,557,0,49,67,8,-3,2,114,0
896,0,0,557,0,50,68,8,-3,2,114,0
900,0,0,557,0,50,69,8,-3,2,121,0
904,0,0,557,0,51,70,8,-3,2,121,0
908,0,0,557,0,52,70,8,-3,2,125,0
912,0,0,557,0,52,71,8,-3,2,121,0
916,0,0,559,0,53,72,8,-3,2,125,0
920,0,0,558,0,54,73,8,-3,2,125,0
924,0,0,559,0,55,74,8,-3,2,129,0
928,0,0,559,0,55,75,8,-4,2,132,0
932,0,0,559,0,56,76,7,-4,1,128,0
936,0,0,560,0,57,76,7,-4,1,132,0
940,0,0,560,0,57,78,7,-4,1,136,0
944,0,0,560,0,58,78,7,-4,1,136,0
948,0,0,561,0,59,79,7,-4,1,132,0
952,0,0,562,0,60,80,7,-4,1,136,0
956,0,0,562,0,61,81,6,-4,1,139,0
960,0,0,563,0,61,82,6,-4,1,139,0
964,0,0,563,0,62,83,6,-4,1,139,0
968,0,0,565,0,63,84,6,-4,1,139,0
972,0,0,564,0,63,85,5,-4,0,143,0
976,0,0,564,0,64,86,5,-4,0,143,0
980,0,0,565,0,65,86,5,-4,0,143,0
984,0,0,565,0,66,87,5,-4,0,139,0
988,0,0,565,0,67,88,5,-4,0,150,0
992,0,0,565,0,67,89,5,-4,0,150,0
996,0,0,566,0,68,90,4,-5,0,143,0
1000,0,0,566,0,69,91,4,-5,0,143,0
1004,0,0,567,0,70,92,4,-5,0,146,0
1008,0,0,567,0,71,93,4,-5,0,146,0
1012,0,0,568,0,71,94,4,-5,0,150,0
1016,0,0,568,0,72,95,3,-5,-1,150,0
1020,0,0,569,0,73,96,3,-5,-1,150,0
1024,0,0,570,0,74,97,3,-5,-1,150,0
1028,0,0,571,0,74,98,2,-5,-1,150,0
1032,0,0,571,0,75,99,2,-5,-1,154,0
1036,0,0,572,0,76,100,2,-5,-1,150,0
1040,0,0,574,0,77,100,2,-5,-1,150,0
1044,0,0,573,0,78,102,1,-5,-2,150,0
1048,0,0,575,0,79,102,1,-5,-2,157,0
1052,0,0,575,0,79,104,1,-5,-2,154,0
1056,0,0,575,0,80,104,0,-5,-2,154,0
1060,0,0,576,0,81,105,0,-5,-2,150,0
1064,0,0,576,0,82,106,0,-5,-2,154,0
1068,0,0,576,0,82,107,0,-5,-2,154,0
1072,0,0,577,0,83,108,0,-5,-2,150,0
1076,0,0,577,0,84,109,0,-5,-2,154,0
1080,0,0,577,0,85,110,0,-5,-2,154,0
1084,0,0,578,0,85,111,-1,-5,-3,157,0
1088,0,0,579,0,86,112,-1,-6,-3,150,0
1092,0,0,579,0,87,113,-1,-6,-3,150,0
1096,0,0,580,0,88,114,-2,-6,-4,157,0
1100,0,0,581,0,89,114,-2,-6,-4,157,0
1104,0,0,582,0,89,116,-2,-6,-4,154,0
1108,0,0,583,0,90,116,-3,-6,-4,154,0
1112,0,0,583,0,91,117,-3,-6,-4,150,0
1116,0,0,584,0,92,118,-3,-6,-4,154,0
1120,0,0,585,0,93,119,-4,-6,-5,154,0
1124,0,0,586,0,94,120,-4,-6,-5,154,0
1128,0,0,586,0,95,121,-4,-6,-5,154,0
1132,0,0,587,0,95,122,-5,-6,-5,154,0
1136,0,0,587,0,96,123,-5,-6,-5,154,0
1140,0,0,588,0,97,124,-5,-6,-5,154,0
1144,0,0,587,0,98,125,-6,-6,-6,157,0
1148,0,0,589,0,99,126,-6,-6,-6,154,0
1152,0,0,589,0,100,126,-6,-6,-6,157,0
1156,0,0,589,0,101,128,-7,-6,-6,157,0
1160,0,0,591,0,101,128,-7,-6,-6,161,0
1164,0,0,591,0,102,129,-7,-6,-6,157,0
1168,0,0,592,0,103,130,-8,-6,-7,161,0
1172,0,0,592,0,104,131,-8,-6,-7,157,0
1176,0,0,594,0,105,132,-8,-6,-7,157,0
1180,0,0,594,0,106,133,-9,-6,-7,157,0
1184,0,0,595,0,107,134,-9,-6,-7,157,0
1188,0,0,597,0,108,135,-9,-6,-7,161,0
1192,0,0,597,0,109,136,-10,-6,-8,161,0
1196,0,0,598,0,109,137,-10,-6,-8,161,0
1200,0,0,598,0,110,138,-11,-6,-8,161,0
1204,0,0,598,0,111,138,-11,-6,-8,164,0
1208,0,0,599,0,112,140,-11,-6,-8,161,0
1212,0,0,599,0,113,140,-12,-6,-9,164,0
1216,0,0,600,0,114,142,-12,-6,-9,161,0
1220,0,0,601,0,115,142,-12,-6,-9,164,0
1224,0,0,601,0,116,144,-13,-6,-9,161,0
1228,0,0,602,0,117,144,-13,-6,-9,164,0
1232,0,0,602,0,118,145,-13,-6,-9,161,0
1236,0,0,603,0,119,146,-14,-6,-10,164,0
1240,0,0,603,0,120,147,-14,-6,-10,164,0
1244,0,0,603,0,121,148,-14,-6,-10,164,0
1248,0,0,605,0,122,149,-15,-6,-10,164,0
1252,0,0,605,0,123,150,-15,-6,-10,164,0
1256,0,0,606,0,124,151,-15,-6,-10,164,0
1260,0,0,606,0,125,152,-16,-6,-11,164,0
1264,0,0,607,0,126,152,-16,-6,-11,168,0
1268,0,0,607,0,127,154,-16,-6,-11,164,0
1272,0,0,607,0,127,154,-17,-6,-11,171,0
1276,0,0,607,0,129,156,-17,-6,-11,168,0
1280,0,0,608,0,129,156,-17,-6,-11,171,0
1284,0,0,608,0,130,157,-17,-6,-11,168,0
1288,0,0,609,0,131,158,-18,-5,-11,168,0
1292,0,0,609,0,132,159,-18,-5,-11,164,0
1296,0,0,610,0,133,160,-18,-5,-11,164,0
1300,0,0,610,0,134,161,-18,-5,-11,164,0
1304,0,0,610,0,135,162,-19,-5,-12,164,0
1308,0,0,610,0,136,163,-19,-5,-12,168,0
1312,0,0,611,0,137,164,-19,-5,-12,168,0
1316,0,0,611,0,138,164,-19,-5,-12,171,0
1320,0,0,612,0,139,166,-19,-5,-12,164,0
1324,0,0,612,0,140,166,-20,-5,-12,171,0
1328,0,0,612,0,141,167,-20,-5,-12,164,0
1332,0,0,613,0,141,168,-20,-5,-12,168,0
1336,0,0,613,0,143,169,-20,-5,-12,164,0
1340,0,0,614,0,143,170,-21,-5,-13,168,0
1344,0,0,613,0,144,171,-21,-5,-13,164,0
1348,0,0,614,0,145,172,-21,-5,-13,164,0
1352,0,0,614,0,146,172,-21,-5,-13,164,0
1356,0,0,615,0,147,174,-21,-5,-13,164,0
1360,0,0,615,0,148,174,-22,-5,-13,164,0
1364,0,0,614,0,149,175,-22,-5,-13,161,0
1368,0,0,616,0,150,176,-22,-5,-13,161,0
1372,0,0,615,0,151,177,-22,-5,-13,161,0
1376,0,0,616,0,151,178,-22,-5,-13,164,0
1380,0,0,617,0,152,178,-22,-5,-13,161,0
1384,0,0,617,0,153,179,-23,-5,-14,157,0
1388,0,0,618,0,154,180,-23,-5,-14,157,0
1392,0,0,617,0,155,181,-23,-5,-14,161,0
1396,0,0,617,0,156,182,-23,-5,-14,161,0
1400,0,0,617,0,157,182,-23,-5,-14,161,0
1404,0,0,617,0,157,183,-23,-5,-14,157,0
1408,0,0,618,0,158,184,-24,-5,-14,157,0
1412,0,0,618,0,159,185,-24,-5,-14,154,0
1416,0,0,619,0,160,186,-24,-4,-14,154,0
1420,0,0,618,0,161,187,-24,-4,-14,157,0
1424,0,0,619,0,161,188,-24,-4,-14,154,0
1428,0,0,620,0,162,188,-24,-4,-14,154,0
1432,0,0,619,0,163,189,-24,-4,-14,150,0
1436,0,0,620,0,164,190,-25,-4,-14,154,0
1440,0,0,620,0,165,191,-25,-4,-14,150,0
1444,0,0,620,0,165,192,-25,-4,-14,154,0
1448,0,0,621,0,166,192,-25,-4,-14,150,0
1452,0,0,621,0,167,193,-25,-4,-14,146,0
1456,0,0,621,0,168,194,-25,-4,-14,146,0
1460,0,0,621,0,168,195,-26,-4,-15,146,0
1464,0,0,622,0,169,196,-26,-4,-15,146,0
1468,0,0,622,0,170,196,-26,-4,-15,146,0
1472,0,0,620,0,171,197,-26,-4,-15,143,0
1476,0,0,622,0,171,198,-26,-4,-15,143,0
1480,0,0,622,0,172,198,-26,-4,-15,139,0
1484,0,0,621,0,173,199,-26,-4,-15,143,0
1488,0,0,622,0,174,200,-26,-4,-15,143,0
1492,0,0,622,0,174,201,-26,-4,-15,143,0
1496,0,0,623,0,175,202,-27,-4,-15,143,0
1500,0,0,623,0,176,202,-27,-4,-15,139,0
1504,0,0,623,0,177,203,-27,-4,-15,139,0
1508,0,0,623,0,177,204,-27,-4,-15,139,0
1512,0,0,623,0,178,205,-27,-4,-15,139,0
1516,0,0,624,0,179,206,-27,-4,-15,139,0
1520,0,0,624,0,179,206,-27,-4,-15,139,0
1524,0,0,623,0,180,207,-27,-4,-15,136,0
1528,0,0,624,0,181,208,-27,-4,-15,136,0
1532,0,0,624,0,182,209,-27,-4,-15,139,0
1536,0,0,625,0,183,210,-28,-4,-16,139,0
1540,0,0,624,0,183,210,-28,-4,-16,139,0
1544,0,0,624,0,184,211,-28,-4,-16,132,0
1548,0,0,625,0,185,212,-28,-4,-16,136,0
1552,0,0,624,0,186,213,-28,-4,-16,139,0
1556,0,0,625,0,186,214,-28,-4,-16,139,0
1560,0,0,625,0,187,214,-28,-4,-16,139,0
1564,0,0,625,0,188,216,-28,-4,-16,139,0
1568,0,0,626,0,189,216,-28,-4,-16,139,0
1572,0,0,625,0,190,217,-28,-4,-16,139,0
1576,0,0,626,0,190,218,-28,-4,-16,139,0
1580,0,0,627,0,191,219,-29,-4,-16,139,0
1584,0,0,627,0,192,220,-29,-4,-16,143,0
1588,0,0,627,0,193,220,-29,-4,-16,143,0
1592,0,0,626,0,194,221,-29,-4,-16,139,0
1596,0,0,627,0,194,222,-29,-4,-16,139,0
1600,0,0,627,0,195,223,-29,-4,-16,143,0
1604,0,0,626,0,196,224,-29,-4,-16,143,0
1608,0,0,627,0,197,224,-29,-4,-16,143,0
1612,0,0,627,0,198,225,-29,-4,-16,143,0
1616,0,0,627,0,199,226,-29,-4,-16,143,0
1620,0,0,627,0,199,227,-29,-4,-16,143,0
1624,0,0,627,0,200,228,-29,-4,-16,143,0
1628,0,0,628,0,201,228,-30,-4,-17,146,0
1632,0,0,627,0,202,230,-30,-4,-17,146,0
1636,0,0,627,0,203,230,-30,-4,-17,146,0
1640,0,0,627,0,203,231,-30,-4,-17,143,0
1644,0,0,627,0,204,232,-30,-4,-17,146,0
1648,0,0,628,0,205,233,-30,-4,-17,146,0
1652,0,0,628,0,206,234,-30,-4,-17,146,0
1656,0,0,628,0,207,234,-30,-4,-17,146,0
1660,0,0,628,0,207,235,-30,-4,-17,143,0
1664,0,0,628,0,208,236,-30,-4,-17,146,0
1668,0,0,628,0,209,237,-30,-4,-17,146,0
1672,0,0,628,0,210,238,-30,-4,-17,146,0
1676,0,0,628,0,211,239,-30,-4,-17,146,0
1680,0,0,628,0,212,240,-30,-4,-17,150,0
1684,0,0,628,0,213,240,-30,-4,-17,150,0
1688,0,0,627,0,214,241,-30,-4,-17,146,0
1692,0,0,628,0,215,242,-30,-4,-17,150,0
1696,0,0,628,0,216,243,-30,-4,-17,150,0
1700,0,0,628,0,217,244,-30,-4,-17,150,0
1704,0,0,628,0,217,244,-30,-4,-17,154,0
1708,0,0,628,0,219,245,-30,-4,-17,146,0
1712,0,0,629,0,219,246,-30,-3,-16,154,0
1716,0,0,628,0,220,247,-30,-3,-16,150,0
1720,0,0,628,0,221,248,-30,-3,-16,150,0
1724,0,0,628,0,222,248,-30,-3,-16,154,0
1728,0,0,628,0,223,249,-30,-3,-16,150,0
1732,0,0,628,0,224,250,-30,-3,-16,150,0
1736,0,0,628,0,225,251,-30,-3,-16,150,0
1740,0,0,628,0,226,252,-30,-3,-16,154,0
1744,0,0,628,0,227,252,-30,-3,-16,157,0
1748,0,0,628,0,228,253,-30,-3,-16,154,0
1752,0,0,628,0,229,254,-30,-3,-16,154,0
1756,0,0,628,0,230,255,-30,-3,-16,154,0
1760,0,0,628,0,231,256,-30,-3,-16,157,0
1764,0,0,627,0,232,257,-30,-3,-16,157,0
1768,0,0,628,0,233,257,-30,-3,-16,157,0
1772,0,0,628,0,234,258,-30,-3,-16,157,0
1776,0,0,628,0,235,259,-30,-3,-16,157,0
1780,0,0,627,0,236,260,-30,-3,-16,157,0
1784,0,0,628,0,237,260,-30,-2,-16,157,0
1788,0,0,628,0,238,261,-30,-2,-16,157,0
1792,0,0,628,0,239,262,-30,-2,-16,161,0
1796,0,0,628,0,240,263,-30,-2,-16,157,0
1800,0,0,628,0,241,264,-30,-2,-16,157,0
1804,0,0,627,0,242,264,-30,-2,-16,157,0
1808,0,0,627,0,243,265,-30,-2,-16,161,0
1812,0,0,628,0,244,266,-30,-2,-16,157,0
1816,0,0,627,0,245,267,-30,-2,-16,161,0
1820,0,0,627,0,246,268,-30,-2,-16,161,0
1824,0,0,627,0,247,268,-30,-2,-16,161,0
1828,0,0,627,0,248,269,-30,-2,-16,161,0
1832,0,0,627,0,249,270,-30,-1,-15,161,0
1836,0,0,627,0,250,270,-30,-1,-15,161,0
1840,0,0,627,0,251,271,-30,-1,-15,157,0
1844,0,0,627,0,252,272,-30,-1,-15,157,0
1848,0,0,627,0,253,273,-30,-1,-15,161,0
1852,0,0,626,0,254,274,-30,-1,-15,161,0
1856,0,0,627,0,255,274,-30,-1,-15,161,0
1860,0,0,626,0,256,275,-30,-1,-15,157,0
1864,0,0,627,0,257,276,-30,-1,-15,157,0
1868,0,0,627,0,258,276,-30,0,-15,157,0
1872,0,0,626,0,259,277,-30,0,-15,157,0
1876,0,0,627,0,260,278,-30,0,-15,157,0
1880,0,0,627,0,261,279,-30,0,-15,157,0
1884,0,0,626,0,262,280,-30,0,-15,157,0
1888,0,0,627,0,263,280,-30,0,-15,161,0
1892,0,0,626,0,264,281,-30,0,-15,154,0
1896,0,0,627,0,265,282,-30,0,-15,161,0
1900,0,0,627,0,267,282,-30,0,-15,157,0
1904,0,0,626,0,267,283,-30,0,-15,157,0
1908,0,0,627,0,269,284,-30,0,-15,161,0
1912,0,0,626,0,270,285,-30,0,-15,161,0
1916,0,0,627,0,271,286,-30,0,-15,161,0
1920,0,0,627,0,272,286,-30,0,-15,161,0
1924,0,0,626,0,273,287,-30,0,-15,157,0
1928,0,0,627,0,274,288,-30,0,-15,161,0
1932,0,0,626,0,275,288,-30,0,-15,-1852,0
1936,0,0,626,0,276,289,-30,0,-15,-1856,0
1940,0,0,626,0,277,290,-30,1,-14,-1852,0
1944,0,0,626,0,278,291,-30,1,-14,-1852,0
1948,0,0,627,0,279,292,-30,1,-14,-1852,0
1952,0,0,626,0,280,292,-30,1,-14,-1852,0
1956,0,0,626,0,281,293,-30,1,-14,-1856,0
1960,0,0,626,0,282,294,-30,1,-14,-1852,0
1964,0,0,626,0,283,294,-30,1,-14,-1852,0
1968,0,0,626,0,284,295,-30,1,-14,-1856,0
1972,0,0,626,0,285,296,-30,1,-14,-1848,0
1976,0,0,626,0,286,296,-30,2,-14,-1852,0
1980,0,0,626,0,287,297,-30,2,-14,-1852,0
1984,0,0,626,0,289,298,-30,2,-14,-1856,0
1988,0,0,627,0,290,298,-30,2,-14,-1852,0
1992,0,0,625,0,291,299,-29,2,-13,-1852,0
1996,0,0,626,0,292,300,-29,2,-13,-1856,0
2000,0,0,626,0,293,300,-29,2,-13,-1852,0
2004,0,0,626,0,294,301,-29,2,-13,-1856,0
2008,0,0,626,0,295,302,-29,2,-13,-1856,0
2012,0,0,626,0,296,302,-29,3,-13,-1856,0
2016,0,0,626,0,297,303,-29,3,-13,-1859,0
2020,0,0,626,0,298,304,-29,3,-13,-1859,0
2024,0,0,626,0,299,305,-29,3,-13,-1856,0
2028,0,0,626,0,300,305,-29,3,-13,-1856,0
2032,0,0,626,0,301,306,-29,3,-13,154,0
2036,0,0,627,0,302,306,-29,3,-13,157,0
2040,0,0,626,0,303,307,-29,3,-13,154,0
2044,0,0,627,0,304,308,-30,3,-13,154,0
2048,0,0,627,0,305,308,-30,4,-13,154,0
2052,0,0,626,0,305,309,-30,4,-13,150,0
2056,0,0,627,0,307,310,-30,4,-13,154,0
2060,0,0,626,0,307,310,-30,4,-13,154,0
2064,0,0,626,0,308,311,-30,4,-13,146,0
2068,0,0,627,0,309,312,-30,4,-13,154,0
2072,0,0,626,0,310,312,-30,4,-13,146,0
2076,0,0,626,0,311,313,-30,5,-12,146,0
2080,0,0,627,0,312,314,-30,5,-12,146,0
2084,0,0,627,0,313,314,-30,5,-12,150,0
2088,0,0,627,0,314,315,-30,5,-12,143,0
2092,0,0,627,0,315,315,-30,5,-12,146,0
2096,0,0,627,0,316,316,-30,5,-12,143,0
2100,0,0,627,0,317,316,-30,5,-12,143,0
2104,0,0,627,0,318,317,-30,6,-12,146,0
2108,0,0,627,0,319,318,-30,6,-12,143,0
2112,0,0,626,0,320,318,-30,6,-12,143,0
2116,0,0,627,0,321,319,-30,6,-12,143,0
2120,0,0,628,0,322,320,-30,6,-12,143,0
2124,0,0,627,0,323,320,-30,6,-12,143,0
2128,0,0,627,0,324,321,-30,7,-11,139,0
2132,0,0,628,0,325,322,-30,7,-11,143,0
2136,0,0,628,0,326,322,-30,7,-11,143,0
2140,0,0,628,0,327,323,-30,7,-11,146,0
2144,0,0,628,0,328,324,-30,7,-11,143,0
2148,0,0,628,0,329,325,-30,7,-11,143,0
2152,0,0,628,0,330,326,-30,7,-11,146,0
2156,0,0,628,0,331,326,-30,8,-11,146,0
2160,0,0,628,0,332,327,-30,8,-11,143,0
2164,0,0,628,0,333,328,-30,8,-11,150,0
2168,0,0,628,0,334,329,-30,8,-11,146,0
2172,0,0,628,0,335,330,-30,8,-11,150,0
2176,0,0,628,0,337,330,-30,8,-11,154,0
2180,0,0,628,0,338,331,-30,9,-10,154,0
2184,0,0,628,0,339,332,-30,9,-10,154,0
2188,0,0,628,0,340,333,-30,9,-10,157,0
2192,0,0,628,0,341,334,-30,9,-10,157,0
2196,0,0,628,0,342,334,-30,9,-10,161,0
2200,0,0,628,0,343,336,-30,9,-10,161,0
2204,0,0,628,0,344,336,-30,9,-10,161,0
2208,0,0,628,0,345,337,-30,9,-10,161,0
2212,0,0,628,0,346,338,-30,10,-10,161,0
2216,0,0,628,0,348,339,-30,10,-10,168,0
2220,0,0,628,0,349,340,-30,10,-10,168,0
2224,0,0,628,0,350,341,-30,10,-10,168,0
2228,0,0,628,0,351,342,-30,10,-10,171,0
2232,0,0,628,0,352,342,-30,10,-10,171,0
2236,0,0,628,0,353,344,-30,10,-10,168,0
2240,0,0,628,0,354,344,-30,10,-10,172,0
2244,0,0,628,0,356,345,-30,10,-10,175,0
2248,0,0,628,0,357,346,-30,11,-9,175,0
2252,0,0,627,0,358,347,-30,11,-9,175,0
2256,0,0,628,0,359,348,-30,11,-9,175,0
2260,0,0,627,0,360,349,-30,11,-9,179,0
2264,0,0,627,0,362,350,-30,11,-9,182,0
2268,0,0,627,0,363,351,-30,11,-9,182,0
2272,0,0,626,0,364,352,-30,11,-9,182,0
2276,0,0,627,0,365,353,-30,11,-9,182,0
2280,0,0,627,0,367,354,-30,11,-9,182,0
2284,0,0,627,0,368,355,-30,11,-9,186,0
2288,0,0,627,0,369,356,-30,11,-9,186,0
2292,0,0,626,0,370,357,-30,11,-9,186,0
2296,0,0,626,0,371,358,-30,12,-9,186,0
2300,0,0,625,0,373,359,-30,12,-9,186,0
2304,0,0,625,0,374,360,-30,12,-9,189,0
2308,0,0,625,0,375,361,-30,12,-9,193,0
2312,0,0,625,0,376,362,-30,12,-9,193,0
2316,0,0,625,0,377,363,-30,12,-9,189,0
2320,0,0,625,0,379,364,-29,12,-8,189,0
2324,0,0,624,0,380,364,-29,12,-8,193,0
2328,0,0,624,0,381,366,-29,12,-8,193,0
2332,0,0,623,0,382,366,-29,12,-8,193,0
2336,0,0,623,0,383,368,-29,12,-8,193,0
2340,0,0,623,0,385,368,-29,12,-8,193,0
2344,0,0,622,0,386,370,-29,12,-8,193,0
2348,0,0,623,0,387,370,-29,12,-8,197,0
2352,0,0,622,0,388,372,-28,12,-8,193,0
2356,0,0,622,0,389,372,-28,12,-8,197,0
2360,0,0,621,0,390,374,-28,13,-7,193,0
2364,0,0,621,0,391,374,-28,13,-7,197,0
2368,0,0,620,0,393,376,-28,13,-7,193,0
2372,0,0,620,0,394,377,-28,13,-7,197,0
2376,0,0,620,0,395,377,-27,13,-7,197,0
2380,0,0,619,0,396,378,-27,13,-7,193,0
2384,0,0,619,0,397,379,-27,13,-7,189,0
2388,0,0,619,0,398,380,-27,13,-7,189,0
2392,0,0,618,0,399,381,-27,13,-7,189,0
2396,0,0,618,0,400,382,-27,13,-7,189,0
2400,0,0,617,0,401,383,-26,14,-6,189,0
2404,0,0,617,0,402,384,-26,14,-6,186,0
2408,0,0,617,0,403,385,-26,14,-6,186,0
2412,0,0,616,0,404,386,-26,14,-6,186,0
2416,0,0,616,0,405,387,-26,14,-6,186,0
2420,0,0,615,0,406,388,-25,14,-5,186,0
2424,0,0,615,0,407,388,-25,14,-5,182,0
2428,0,0,615,0,408,390,-25,14,-5,182,0
2432,0,0,614,0,409,390,-25,14,-5,182,0
2436,0,0,614,0,410,391,-25,14,-5,182,0
2440,0,0,613,0,411,392,-24,15,-4,179,0
2444,0,0,612,0,412,393,-24,15,-4,179,0
2448,0,0,612,0,413,394,-24,15,-4,175,0
2452,0,0,611,0,413,395,-24,15,-4,179,0
2456,0,0,611,0,414,396,-23,15,-4,175,0
2460,0,0,611,0,415,396,-23,15,-4,179,0
2464,0,0,610,0,416,397,-23,15,-4,164,0
2468,0,0,610,0,417,398,-23,15,-4,172,0
2472,0,0,609,0,418,399,-22,15,-3,164,0
2476,0,0,610,0,419,400,-22,15,-3,164,0
2480,0,0,609,0,420,401,-22,15,-3,168,0
2484,0,0,608,0,420,402,-22,15,-3,168,0
2488,0,0,608,0,421,402,-22,15,-3,164,0
2492,0,0,607,0,422,403,-21,15,-3,161,0
2496,0,0,607,0,423,404,-21,15,-3,161,0
2500,0,0,606,0,423,405,-21,15,-3,161,0
2504,0,0,605,0,424,406,-20,15,-2,161,0
2508,0,0,606,0,425,407,-20,15,-2,157,0
2512,0,0,605,0,426,408,-20,15,-2,157,0
2516,0,0,605,0,427,408,-20,15,-2,157,0
2520,0,0,603,0,427,409,-20,15,-2,154,0
2524,0,0,603,0,428,410,-19,15,-2,154,0
2528,0,0,602,0,429,411,-19,15,-2,150,0
2532,0,0,601,0,430,412,-19,16,-1,150,0
2536,0,0,602,0,431,413,-18,16,-1,154,0
2540,0,0,600,0,432,414,-18,16,-1,154,0
2544,0,0,600,0,432,414,-18,16,-1,154,0
2548,0,0,600,0,433,415,-18,16,-1,150,0
2552,0,0,599,0,434,416,-17,16,0,150,0
2556,0,0,599,0,435,417,-17,16,0,146,0
2560,0,0,599,0,436,418,-17,16,0,146,0
2564,0,0,598,0,437,419,-16,16,0,154,0
2568,0,0,598,0,437,420,-16,16,0,150,0
2572,0,0,596,0,438,421,-16,16,0,150,0
2576,0,0,596,0,439,422,-16,16,0,150,0
2580,0,0,596,0,440,423,-15,16,0,150,0
2584,0,0,595,0,441,424,-15,16,0,150,0
2588,0,0,594,0,442,425,-15,16,0,154,0
2592,0,0,593,0,443,426,-14,16,1,157,0
2596,0,0,593,0,443,426,-14,16,1,157,0
2600,0,0,592,0,444,428,-14,16,1,150,0
2604,0,0,591,0,445,428,-13,16,1,154,0
2608,0,0,591,0,446,430,-13,16,1,154,0
2612,0,0,590,0,447,430,-13,16,1,157,0
2616,0,0,589,0,448,432,-12,16,2,154,0
2620,0,0,589,0,449,432,-12,16,2,161,0
2624,0,0,588,0,449,434,-12,16,2,157,0
2628,0,0,587,0,450,434,-11,16,2,161,0
2632,0,0,587,0,451,436,-11,16,2,161,0
2636,0,0,587,0,452,436,-11,16,2,161,0
2640,0,0,586,0,453,438,-10,16,3,157,0
2644,0,0,585,0,454,438,-10,16,3,161,0
2648,0,0,584,0,455,440,-10,16,3,164,0
2652,0,0,583,0,456,441,-9,16,3,164,0
2656,0,0,582,0,457,442,-9,16,3,168,0
2660,0,0,581,0,458,443,-8,16,4,168,0
2664,0,0,581,0,459,444,-8,16,4,168,0
2668,0,0,580,0,460,445,-8,16,4,168,0
2672,0,0,579,0,461,446,-7,16,4,171,0
2676,0,0,579,0,462,447,-7,16,4,171,0
2680,0,0,578,0,463,449,-7,16,4,171,0
2684,0,0,577,0,464,450,-6,16,5,175,0
2688,0,0,577,0,465,451,-6,16,5,175,0
2692,0,0,576,0,466,452,-5,16,5,175,0
2696,0,0,575,0,467,453,-5,16,5,175,0
2700,0,0,575,0,468,454,-5,16,5,182,0
2704,0,0,574,0,469,456,-4,16,6,179,0
2708,0,0,574,0,470,457,-4,16,6,186,0
2712,0,0,573,0,471,458,-4,16,6,182,0
2716,0,0,572,0,472,459,-3,16,6,186,0
2720,0,0,572,0,473,460,-3,16,6,186,0
2724,0,0,570,0,475,462,-2,16,7,189,0
2728,0,0,570,0,476,463,-2,16,7,193,0
2732,0,0,568,0,477,464,-2,16,7,193,0
2736,0,0,568,0,478,465,-1,16,7,193,0
2740,0,0,567,0,479,466,-1,16,7,197,0
2744,0,0,566,0,480,468,0,16,8,193,0
2748,0,0,565,0,481,469,0,16,8,197,0
2752,0,0,564,0,482,470,0,16,8,197,0
2756,0,0,565,0,483,471,0,16,8,197,0
2760,0,0,563,0,484,473,0,16,8,200,0
2764,0,0,564,0,485,474,1,16,8,200,0
2768,0,0,563,0,487,475,1,16,8,200,0
2772,0,0,562,0,488,476,1,16,8,204,0
2776,0,0,562,0,489,478,2,16,9,207,0
2780,0,0,561,0,490,479,2,16,9,207,0
2784,0,0,560,0,491,481,2,16,9,204,0
2788,0,0,559,0,492,482,3,16,9,207,0
2792,0,0,558,0,493,483,3,16,9,207,0
2796,0,0,558,0,494,485,4,15,9,211,0
2800,0,0,557,0,495,486,4,15,9,211,0
2804,0,0,556,0,496,487,4,15,9,211,0
2808,0,0,557,0,497,488,5,15,10,207,0
2812,0,0,556,0,498,490,5,15,10,207,0
2816,0,0,556,0,499,491,5,15,10,215,0
2820,0,0,556,0,501,492,6,15,10,207,0
2824,0,0,556,0,501,494,6,15,10,211,0
2828,0,0,555,0,503,495,6,15,10,211,0
2832,0,0,555,0,504,497,6,15,10,211,0
2836,0,0,554,0,505,498,7,15,11,215,0
2840,0,0,553,0,506,499,7,15,11,215,0
2844,0,0,552,0,507,500,7,15,11,215,0
2848,0,0,551,0,508,502,8,15,11,211,0
2852,0,0,551,0,509,503,8,15,11,215,0
2856,0,0,551,0,510,504,8,15,11,215,0
2860,0,0,551,0,511,506,8,15,11,211,0
2864,0,0,551,0,512,507,9,15,12,215,0
2868,0,0,551,0,513,508,9,15,12,215,0
2872,0,0,551,0,514,510,9,15,12,211,0
2876,0,0,552,0,515,511,9,15,12,211,0
2880,0,0,551,0,516,512,9,14,11,211,0
2884,0,0,550,0,517,514,10,14,12,211,0
2888,0,0,551,0,518,515,10,14,12,211,0
2892,0,0,549,0,519,516,10,14,12,211,0
2896,0,0,549,0,519,518,10,14,12,207,0
2900,0,0,549,0,520,519,10,14,12,207,0
2904,0,0,549,0,521,520,10,14,12,207,0
2908,0,0,549,0,522,521,11,14,12,207,0
2912,0,0,548,0,523,522,11,14,12,207,0
2916,0,0,548,0,524,524,11,14,12,200,0
2920,0,0,549,0,525,525,11,14,12,207,0
2924,0,0,549,0,525,526,11,14,12,204,0
2928,0,0,548,0,526,527,11,14,12,197,0
2932,0,0,549,0,527,528,11,14,12,200,0
2936,0,0,548,0,528,530,11,14,12,193,0
2940,0,0,549,0,529,531,11,13,12,197,0
2944,0,0,549,0,530,532,11,13,12,197,0
2948,0,0,548,0,531,533,12,13,12,197,0
2952,0,0,548,0,531,534,12,13,12,193,0
2956,0,0,548,0,532,536,12,13,12,189,0
2960,0,0,548,0,533,537,12,13,12,193,0
2964,0,0,548,0,534,538,12,13,12,189,0
2968,0,0,549,0,535,539,12,13,12,189,0
2972,0,0,549,0,535,540,12,13,12,189,0
2976,0,0,549,0,536,541,12,13,12,182,0
2980,0,0,549,0,537,542,12,12,12,186,0
2984,0,0,549,0,537,544,12,12,12,182,0
2988,0,0,549,0,538,545,12,12,12,179,0
2992,0,0,549,0,539,546,12,12,12,179,0
2996,0,0,549,0,540,547,12,12,12,179,0
3000,0,0,549,0,540,548,12,12,12,179,0
3004,0,0,550,0,541,549,12,12,12,175,0
3008,0,0,550,0,542,550,12,12,12,179,0
3012,0,0,551,0,543,552,12,12,12,175,0
3016,0,0,552,0,543,553,11,12,11,179,0
3020,0,0,551,0,544,554,11,11,11,172,0
3024,0,0,552,0,545,555,11,11,11,171,0
3028,0,0,552,0,546,556,11,11,11,175,0
3032,0,0,552,0,546,557,11,11,11,171,0
3036,0,0,552,0,547,558,11,11,11,171,0
3040,0,0,552,0,548,560,11,11,11,168,0
3044,0,0,553,0,549,560,11,11,11,171,0
3048,0,0,553,0,549,562,11,11,11,168,0
3052,0,0,553,0,550,563,11,11,11,168,0
3056,0,0,554,0,551,564,10,10,10,171,0
3060,0,0,554,0,551,565,10,10,10,168,0
3064,0,0,555,0,552,566,10,10,10,164,0
3068,0,0,555,0,553,567,10,10,10,164,0
3072,0,0,556,0,554,568,10,10,10,164,0
3076,0,0,556,0,554,569,10,10,10,168,0
3080,0,0,557,0,555,570,9,10,9,164,0
3084,0,0,557,0,556,572,9,10,9,168,0
3088,0,0,558,0,557,573,9,10,9,168,0
3092,0,0,559,0,557,574,9,9,9,168,0
3096,0,0,560,0,558,575,8,9,8,164,0
3100,0,0,560,0,559,576,8,9,8,164,0
3104,0,0,560,0,559,577,8,9,8,168,0
3108,0,0,561,0,560,578,8,9,8,161,0
3112,0,0,561,0,561,579,7,9,8,164,0
3116,0,0,562,0,562,580,7,9,8,164,0
3120,0,0,563,0,562,582,7,9,8,164,0
3124,0,0,564,0,563,582,7,8,7,164,0
3128,0,0,564,0,564,584,6,8,7,161,0
3132,0,0,564,0,564,584,6,8,7,164,0
3136,0,0,566,0,565,586,6,8,7,161,0
3140,0,0,565,0,566,586,5,8,6,164,0
3144,0,0,566,0,566,588,5,8,6,161,0
3148,0,0,566,0,567,589,5,8,6,161,0
3152,0,0,567,0,568,590,5,8,6,161,0
3156,0,0,568,0,569,591,4,8,6,161,0
3160,0,0,568,0,569,592,4,8,6,161,0
3164,0,0,570,0,570,593,4,7,5,161,0
3168,0,0,572,0,571,594,3,7,5,161,0
3172,0,0,572,0,571,595,3,7,5,161,0
3176,0,0,573,0,572,596,2,7,4,161,0
3180,0,0,574,0,573,597,2,7,4,157,0
3184,0,0,575,0,574,598,1,7,4,157,0
3188,0,0,576,0,575,599,1,7,4,157,0
3192,0,0,577,0,575,600,1,7,4,157,0
3196,0,0,577,0,576,601,0,7,3,157,0
3200,0,0,578,0,577,602,0,7,3,157,0
3204,0,0,579,0,578,603,0,6,3,157,0
3208,0,0,580,0,579,604,0,6,3,161,0
3212,0,0,580,0,579,605,-1,6,2,161,0
3216,0,0,582,0,580,606,-1,6,2,154,0
3220,0,0,582,0,581,607,-1,6,2,157,0
3224,0,0,581,0,582,608,-2,6,2,157,0
3228,0,0,583,0,583,609,-2,6,2,161,0
3232,0,0,584,0,583,610,-3,6,1,157,0
3236,0,0,585,0,584,610,-3,6,1,161,0
3240,0,0,586,0,585,612,-3,5,1,157,0
3244,0,0,587,0,586,612,-4,5,0,157,0
3248,0,0,588,0,587,614,-4,5,0,157,0
3252,0,0,589,0,587,614,-5,5,0,161,0
3256,0,0,590,0,588,616,-5,5,0,157,0
3260,0,0,591,0,589,617,-6,5,0,157,0
3264,0,0,591,0,590,617,-6,5,0,161,0
3268,0,0,591,0,591,618,-7,5,-1,157,0
3272,0,0,592,0,592,619,-7,5,-1,157,0
3276,0,0,594,0,593,620,-8,5,-1,157,0
3280,0,0,594,0,593,621,-8,5,-1,161,0
3284,0,0,595,0,594,622,-8,5,-1,161,0
3288,0,0,596,0,595,623,-9,5,-2,157,0
3292,0,0,596,0,596,624,-9,5,-2,157,0
3296,0,0,597,0,597,624,-10,5,-2,161,0
3300,0,0,598,0,598,626,-10,5,-2,161,0
3304,0,0,599,0,599,626,-11,5,-3,161,0
3308,0,0,600,0,600,627,-11,5,-3,157,0
3312,0,0,600,0,601,628,-11,5,-3,157,0
3316,0,0,602,0,601,629,-12,5,-3,161,0
3320,0,0,602,0,602,630,-12,5,-3,157,0
3324,0,0,604,0,603,631,-13,5,-4,161,0
3328,0,0,604,0,604,632,-13,5,-4,157,0
3332,0,0,604,0,605,632,-14,5,-4,157,0
3336,0,0,605,0,606,633,-14,5,-4,157,0
3340,0,0,605,0,607,634,-14,5,-4,157,0
3344,0,0,605,0,608,635,-15,5,-5,157,0
3348,0,0,606,0,609,636,-15,5,-5,161,0
3352,0,0,606,0,610,637,-16,5,-5,157,0
3356,0,0,607,0,611,638,-16,5,-5,161,0
3360,0,0,608,0,612,639,-16,5,-5,161,0
3364,0,0,608,0,613,640,-17,5,-6,161,0
3368,0,0,609,0,613,641,-17,5,-6,164,0
3372,0,0,609,0,614,641,-17,5,-6,161,0
3376,0,0,611,0,615,642,-18,5,-6,161,0
3380,0,0,610,0,616,643,-18,5,-6,157,0
3384,0,0,611,0,617,644,-18,5,-6,161,0
3388,0,0,611,0,618,645,-19,5,-7,161,0
3392,0,0,612,0,619,646,-19,5,-7,161,0
3396,0,0,613,0,620,646,-19,5,-7,161,0
3400,0,0,613,0,621,647,-20,5,-7,161,0
3404,0,0,614,0,623,648,-20,5,-7,161,0
3408,0,0,614,0,623,649,-20,4,-8,164,0
3412,0,0,614,0,624,650,-20,4,-8,161,0
3416,0,0,615,0,625,651,-21,4,-8,164,0
3420,0,0,614,0,627,652,-21,4,-8,168,0
3424,0,0,615,0,627,652,-21,4,-8,164,0
3428,0,0,616,0,629,653,-21,4,-8,161,0
3432,0,0,616,0,629,654,-22,4,-9,168,0
3436,0,0,617,0,631,655,-22,4,-9,168,0
3440,0,0,617,0,632,656,-22,4,-9,168,0
3444,0,0,617,0,633,657,-22,4,-9,168,0
3448,0,0,618,0,634,658,-23,4,-9,168,0
3452,0,0,618,0,635,658,-23,4,-9,168,0
3456,0,0,618,0,636,660,-23,4,-9,168,0
3460,0,0,618,0,637,660,-23,4,-9,168,0
3464,0,0,618,0,638,661,-23,4,-9,164,0
3468,0,0,618,0,639,662,-24,4,-10,164,0
3472,0,0,618,0,640,663,-24,4,-10,168,0
3476,0,0,619,0,641,664,-24,4,-10,168,0
3480,0,0,619,0,642,665,-24,4,-10,171,0
3484,0,0,619,0,643,666,-24,4,-10,168,0
3488,0,0,620,0,645,666,-24,4,-10,171,0
3492,0,0,620,0,646,667,-25,4,-10,171,0
3496,0,0,620,0,647,668,-25,4,-10,171,0
3500,0,0,620,0,648,669,-25,4,-10,172,0
3504,0,0,621,0,649,670,-25,4,-10,171,0
3508,0,0,620,0,650,671,-25,4,-10,171,0
3512,0,0,621,0,651,672,-25,5,-10,175,0
3516,0,0,622,0,652,672,-26,5,-10,172,0
3520,0,0,622,0,653,673,-26,5,-10,168,0
3524,0,0,622,0,654,674,-26,5,-10,168,0
3528,0,0,621,0,655,675,-26,5,-10,175,0
3532,0,0,622,0,657,676,-26,5,-10,168,0
3536,0,0,622,0,658,677,-26,5,-10,175,0
3540,0,0,623,0,659,678,-26,5,-10,175,0
3544,0,0,623,0,660,678,-26,5,-10,175,0
3548,0,0,623,0,661,679,-27,5,-11,172,0
3552,0,0,622,0,662,680,-27,5,-11,171,0
3556,0,0,623,0,663,681,-27,5,-11,172,0
3560,0,0,623,0,664,682,-27,5,-11,172,0
3564,0,0,623,0,665,682,-27,6,-10,175,0
3568,0,0,624,0,666,683,-27,6,-10,171,0
3572,0,0,624,0,667,684,-27,6,-10,175,0
3576,0,0,624,0,668,685,-27,6,-10,172,0
3580,0,0,623,0,669,686,-27,6,-10,175,0
3584,0,0,624,0,671,687,-27,6,-10,175,0
3588,0,0,624,0,672,688,-28,6,-11,175,0
3592,0,0,624,0,673,689,-28,6,-11,175,0
3596,0,0,624,0,674,689,-28,6,-11,175,0
3600,0,0,625,0,675,690,-28,6,-11,171,0
3604,0,0,625,0,676,691,-28,6,-11,172,0
3608,0,0,625,0,677,692,-28,6,-11,172,0
3612,0,0,625,0,678,692,-28,7,-10,171,0
3616,0,0,624,0,679,693,-28,7,-10,171,0
3620,0,0,624,0,681,694,-28,7,-10,179,0
3624,0,0,625,0,682,695,-28,7,-10,175,0
3628,0,0,625,0,683,696,-28,7,-10,175,0
3632,0,0,624,0,684,697,-28,7,-10,175,0
3636,0,0,625,0,685,698,-28,7,-10,172,0
3640,0,0,625,0,686,698,-28,7,-10,172,0
3644,0,0,625,0,687,699,-28,7,-10,168,0
3648,0,0,626,0,688,700,-29,7,-11,171,0
3652,0,0,625,0,689,701,-29,8,-10,172,0
3656,0,0,625,0,690,702,-29,8,-10,172,0
3660,0,0,625,0,691,702,-29,8,-10,171,0
3664,0,0,626,0,692,703,-29,8,-10,168,0
3668,0,0,626,0,693,704,-29,8,-10,172,0
3672,0,0,625,0,695,704,-29,8,-10,168,0
3676,0,0,626,0,696,705,-29,8,-10,175,0
3680,0,0,626,0,697,706,-29,8,-10,172,0
3684,0,0,625,0,698,707,-29,8,-10,168,0
3688,0,0,626,0,699,708,-29,9,-10,168,0
3692,0,0,625,0,700,708,-29,9,-10,168,0
3696,0,0,626,0,701,710,-29,9,-10,168,0
3700,0,0,625,0,702,710,-29,9,-10,172,0
3704,0,0,626,0,703,711,-29,9,-10,168,0
3708,0,0,626,0,704,712,-29,9,-10,168,0
3712,0,0,626,0,705,713,-29,9,-10,168,0
3716,0,0,626,0,706,714,-29,9,-10,168,0
3720,0,0,626,0,707,714,-29,9,-10,168,0
3724,0,0,626,0,709,715,-29,10,-9,164,0
3728,0,0,627,0,710,716,-29,10,-9,168,0
3732,0,0,626,0,711,717,-29,10,-9,168,0
3736,0,0,626,0,712,718,-29,10,-9,168,0
3740,0,0,626,0,713,718,-29,10,-9,168,0
3744,0,0,626,0,714,719,-29,10,-9,168,0
3748,0,0,626,0,715,720,-29,10,-9,168,0
3752,0,0,626,0,716,721,-29,10,-9,168,0
3756,0,0,626,0,717,722,-29,10,-9,168,0
3760,0,0,627,0,718,722,-29,11,-9,168,0
3764,0,0,627,0,719,723,-29,11,-9,168,0
3768,0,0,627,0,721,724,-29,11,-9,168,0
3772,0,0,626,0,722,725,-29,11,-9,171,0
3776,0,0,627,0,723,726,-30,11,-9,168,0
3780,0,0,626,0,724,726,-30,11,-9,168,0
3784,0,0,627,0,725,728,-30,11,-9,171,0
3788,0,0,626,0,726,728,-30,11,-9,171,0
3792,0,0,626,0,727,729,-30,11,-9,168,0
3796,0,0,626,0,728,730,-30,12,-9,168,0
3800,0,0,625,0,729,731,-29,12,-8,168,0
3804,0,0,626,0,731,732,-29,12,-8,171,0
3808,0,0,625,0,732,733,-29,12,-8,175,0
3812,0,0,625,0,733,734,-29,12,-8,175,0
3816,0,0,626,0,734,734,-29,12,-8,175,0
3820,0,0,625,0,735,736,-29,12,-8,172,0
3824,0,0,626,0,736,737,-29,12,-8,179,0
3828,0,0,625,0,737,737,-29,12,-8,175,0
3832,0,0,624,0,738,738,-29,12,-8,171,0
3836,0,0,625,0,739,739,-29,12,-8,171,0
3840,0,0,624,0,741,740,-29,13,-8,172,0
3844,0,0,624,0,742,741,-29,13,-8,179,0
3848,0,0,625,0,743,742,-29,13,-8,179,0
3852,0,0,623,0,744,743,-29,13,-8,179,0
3856,0,0,624,0,745,744,-29,13,-8,179,0
3860,0,0,623,0,746,745,-29,13,-8,179,0
3864,0,0,623,0,747,746,-29,13,-8,182,0
3868,0,0,623,0,749,747,-29,13,-8,182,0
3872,0,0,623,0,750,748,-28,13,-7,182,0
3876,0,0,623,0,751,749,-28,13,-7,182,0
3880,0,0,623,0,752,750,-28,13,-7,182,0
3884,0,0,623,0,753,750,-28,13,-7,182,0
3888,0,0,622,0,754,752,-28,13,-7,182,0
3892,0,0,622,0,755,752,-28,13,-7,186,0
3896,0,0,621,0,757,754,-28,13,-7,186,0
3900,0,0,621,0,758,754,-28,14,-7,189,0
3904,0,0,621,0,759,756,-28,14,-7,189,0
3908,0,0,621,0,760,756,-28,14,-7,186,0
3912,0,0,621,0,761,758,-27,14,-6,186,0
3916,0,0,620,0,762,759,-27,14,-6,186,0
3920,0,0,620,0,763,760,-27,14,-6,186,0
3924,0,0,621,0,765,761,-27,14,-6,189,0
3928,0,0,620,0,766,762,-27,14,-6,189,0
3932,0,0,619,0,767,763,-27,14,-6,193,0
3936,0,0,619,0,768,764,-27,14,-6,193,0
3940,0,0,619,0,769,765,-27,14,-6,193,0
3944,0,0,618,0,771,766,-26,14,-6,189,0
3948,0,0,617,0,772,767,-26,14,-6,193,0
3952,0,0,616,0,773,768,-26,14,-6,197,0
3956,0,0,616,0,774,770,-26,14,-6,193,0
3960,0,0,615,0,775,771,-26,14,-6,197,0
3964,0,0,615,0,776,772,-25,14,-5,197,0
3968,0,0,615,0,777,773,-25,14,-5,197,0
3972,0,0,615,0,779,774,-25,14,-5,193,0
3976,0,0,615,0,780,775,-25,14,-5,197,0
3980,0,0,615,0,781,776,-25,14,-5,200,0
3984,0,0,614,0,782,778,-24,14,-5,197,0
3988,0,0,614,0,783,779,-24,14,-5,200,0
3992,0,0,613,0,785,780,-24,14,-5,200,0
3996,0,0,612,0,786,781,-24,14,-5,204,0
4000,0,0,611,0,787,782,-24,14,-5,200,0
4004,0,0,611,0,788,784,-23,14,-4,200,0
4008,0,0,611,0,789,785,-23,14,-4,204,0
4012,0,0,609,0,791,786,-23,15,-4,204,0
4016,0,0,609,0,792,788,-23,15,-4,207,0
4020,0,0,609,0,793,789,-22,15,-3,211,0
4024,0,0,609,0,795,790,-22,15,-3,207,0
4028,0,0,608,0,796,792,-22,15,-3,211,0
4032,0,0,608,0,797,793,-22,15,-3,215,0
4036,0,0,608,0,799,794,-21,15,-3,215,0
4040,0,0,606,0,800,795,-21,15,-3,218,0
4044,0,0,606,0,801,797,-21,15,-3,222,0
4048,0,0,604,0,803,798,-20,15,-2,218,0
4052,0,0,603,0,804,800,-20,15,-2,218,0
4056,0,0,604,0,805,801,-20,15,-2,225,0
4060,0,0,602,0,807,802,-19,15,-2,222,0
4064,0,0,602,0,808,804,-19,15,-2,225,0
4068,0,0,602,0,809,805,-19,15,-2,229,0
4072,0,0,602,0,811,806,-19,15,-2,229,0
4076,0,0,602,0,812,808,-18,15,-1,232,0
4080,0,0,601,0,814,810,-18,15,-1,229,0
4084,0,0,601,0,815,811,-18,15,-1,240,0
4088,0,0,601,0,817,812,-18,15,-1,236,0
4092,0,0,598,0,818,814,-17,15,-1,240,0
4096,0,0,598,0,819,816,-17,15,-1,240,0
4100,0,0,596,0,821,817,-17,15,-1,247,0
4104,0,0,595,0,823,818,-16,15,0,247,0
4108,0,0,595,0,824,820,-16,15,0,247,0
4112,0,0,595,0,825,822,-15,15,0,250,0
4116,0,0,595,0,827,823,-15,15,0,250,0
4120,0,0,594,0,828,825,-15,15,0,250,0
4124,0,0,594,0,830,826,-14,15,0,254,0
4128,0,0,593,0,831,828,-14,15,0,254,0
4132,0,0,593,0,833,830,-14,15,0,254,0
4136,0,0,591,0,835,831,-14,15,0,261,0
4140,0,0,590,0,836,833,-13,15,1,261,0
4144,0,0,590,0,838,835,-13,15,1,261,0
4148,0,0,589,0,839,836,-12,15,1,268,0
4152,0,0,588,0,841,838,-12,15,1,265,0
4156,0,0,589,0,843,840,-12,15,1,268,0
4160,0,0,589,0,844,842,-11,15,2,275,0
4164,0,0,589,0,846,843,-11,15,2,275,0
4168,0,0,588,0,847,845,-11,15,2,275,0
4172,0,0,587,0,849,847,-11,15,2,279,0
4176,0,0,586,0,851,848,-10,15,2,279,0
4180,0,0,584,0,852,850,-10,15,2,286,0
4184,0,0,584,0,854,852,-10,15,2,279,0
4188,0,0,583,0,855,854,-9,15,3,286,0
4192,0,0,582,0,857,856,-9,15,3,290,0
4196,0,0,582,0,859,858,-8,15,3,290,0
4200,0,0,583,0,861,860,-8,15,3,290,0
4204,0,0,583,0,862,862,-8,15,3,297,0
4208,0,0,584,0,864,864,-8,15,3,297,0
4212,0,0,582,0,865,865,-8,15,3,301,0
4216,0,0,582,0,867,867,-7,15,4,301,0
4220,0,0,581,0,869,869,-7,15,4,301,0
4224,0,0,579,0,871,871,-7,14,3,304,0
4228,0,0,579,0,872,872,-6,14,4,308,0
4232,0,0,578,0,874,874,-6,14,4,308,0
4236,0,0,578,0,875,876,-6,14,4,304,0
4240,0,0,578,0,877,878,-5,14,4,304,0
4244,0,0,578,0,879,880,-5,14,4,308,0
4248,0,0,577,0,880,882,-5,14,4,308,0
4252,0,0,577,0,882,884,-5,14,4,311,0
4256,0,0,576,0,883,886,-4,14,5,311,0
4260,0,0,575,0,885,888,-4,14,5,311,0
4264,0,0,575,0,887,889,-4,14,5,311,0
4268,0,0,574,0,888,891,-4,14,5,315,0
4272,0,0,573,0,890,893,-3,14,5,311,0
4276,0,0,574,0,891,895,-3,14,5,311,0
4280,0,0,573,0,893,896,-3,14,5,308,0
4284,0,0,573,0,894,898,-3,14,5,311,0
4288,0,0,573,0,896,900,-2,14,6,308,0
4292,0,0,572,0,897,902,-2,14,6,308,0
4296,0,0,572,0,899,904,-2,14,6,308,0
4300,0,0,570,0,900,906,-1,14,6,308,0
4304,0,0,570,0,902,908,-1,14,6,304,0
4308,0,0,569,0,903,909,-1,14,6,308,0
4312,0,0,569,0,905,911,-1,14,6,300,0
4316,0,0,570,0,906,913,0,14,7,304,0
4320,0,0,570,0,907,914,0,14,7,304,0
4324,0,0,571,0,909,916,0,14,7,304,0
4328,0,0,571,0,910,918,0,14,7,297,0
4332,0,0,571,0,912,920,0,13,6,301,0
4336,0,0,571,0,913,922,0,13,6,301,0
4340,0,0,570,0,915,923,0,13,6,301,0
4344,0,0,569,0,916,925,0,13,6,297,0
4348,0,0,569,0,917,927,0,13,6,293,0
4352,0,0,569,0,919,929,0,13,6,293,0
4356,0,0,570,0,920,930,0,13,6,293,0
4360,0,0,570,0,921,932,0,13,6,286,0
4364,0,0,571,0,923,934,0,13,6,286,0
4368,0,0,572,0,924,935,0,13,6,286,0
4372,0,0,574,0,925,937,0,13,6,290,0
4376,0,0,573,0,927,939,0,13,6,283,0
4380,0,0,572,0,928,940,0,13,6,286,0
4384,0,0,571,0,929,942,0,13,6,283,0
4388,0,0,572,0,931,944,0,13,6,283,0
4392,0,0,573,0,932,945,0,13,6,283,0
4396,0,0,574,0,933,947,0,13,6,283,0
4400,0,0,576,0,935,948,0,13,6,275,0
4404,0,0,577,0,936,950,0,13,6,275,0
4408,0,0,578,0,937,952,-1,12,5,272,0
4412,0,0,580,0,938,954,-1,12,5,275,0
4416,0,0,581,0,940,955,-1,12,5,275,0
4420,0,0,580,0,941,956,-2,12,5,272,0
4424,0,0,580,0,942,958,-2,12,5,265,0
4428,0,0,580,0,944,960,-2,12,5,268,0
4432,0,0,580,0,945,961,-2,12,5,268,0
4436,0,0,581,0,946,963,-3,12,4,265,0
4440,0,0,582,0,947,964,-3,12,4,265,0
4444,0,0,584,0,949,966,-3,12,4,261,0
4448,0,0,585,0,950,968,-4,12,4,265,0
4452,0,0,586,0,951,969,-4,12,4,265,0
4456,0,0,587,0,953,970,-4,12,4,257,0
4460,0,0,587,0,954,972,-5,12,3,261,0
4464,0,0,588,0,955,973,-5,12,3,261,0
4468,0,0,587,0,957,975,-5,12,3,254,0
4472,0,0,587,0,958,976,-6,12,3,257,0
4476,0,0,588,0,959,978,-6,12,3,257,0
4480,0,0,589,0,961,979,-6,12,3,254,0
4484,0,0,590,0,962,980,-7,11,2,257,0
4488,0,0,591,0,963,982,-7,11,2,258,0
4492,0,0,592,0,965,984,-7,11,2,250,0
4496,0,0,594,0,966,985,-8,11,1,254,0
4500,0,0,595,0,967,986,-8,11,1,254,0
4504,0,0,595,0,969,988,-9,11,1,254,0
4508,0,0,597,0,970,989,-9,11,1,254,0
4512,0,0,598,0,972,991,-10,11,0,250,0
4516,0,0,598,0,973,992,-10,11,0,250,0
4520,0,0,599,0,974,994,-11,11,0,250,0
4524,0,0,600,0,976,995,-11,11,0,254,0
4528,0,0,601,0,977,996,-11,11,0,254,0
4532,0,0,602,0,978,998,-12,11,0,247,0
4536,0,0,603,0,980,999,-12,11,0,254,0
4540,0,0,603,0,981,1001,-13,11,-1,250,0
4544,0,0,604,0,983,1002,-13,11,-1,254,0
4548,0,0,604,0,984,1004,-14,11,-1,250,0
4552,0,0,604,0,985,1005,-14,11,-1,250,0
4556,0,0,605,0,987,1006,-14,11,-1,250,0
4560,0,0,605,0,988,1008,-15,11,-2,250,0
4564,0,0,606,0,990,1009,-15,11,-2,250,0
4568,0,0,606,0,991,1010,-15,11,-2,254,0
4572,0,0,606,0,993,1012,-16,11,-2,247,0
4576,0,0,608,0,994,1013,-16,11,-2,254,0
4580,0,0,609,0,995,1014,-17,11,-3,250,0
4584,0,0,609,0,997,1016,-17,11,-3,250,0
4588,0,0,610,0,998,1017,-17,11,-3,250,0
4592,0,0,610,0,1000,1019,-18,11,-3,254,0
4596,0,0,610,0,1001,1020,-18,11,-3,250,0
4600,0,0,610,0,1003,1022,-18,11,-3,250,0
4604,0,0,611,0,1004,1023,-18,11,-3,254,0
4608,0,0,612,0,1006,1025,-19,11,-4,250,0
4612,0,0,612,0,1007,1026,-19,11,-4,257,0
4616,0,0,613,0,1009,1027,-19,11,-4,250,0
4620,0,0,614,0,1010,1028,-20,11,-4,254,0
4624,0,0,615,0,1011,1030,-20,11,-4,254,0
4628,0,0,615,0,1013,1032,-20,11,-4,254,0
4632,0,0,615,0,1015,1033,-21,11,-5,257,0
4636,0,0,616,0,1016,1034,-21,11,-5,254,0
4640,0,0,616,0,1017,1036,-21,11,-5,254,0
4644,0,0,617,0,1019,1037,-22,11,-5,254,0
4648,0,0,617,0,1020,1038,-22,11,-5,254,0
4652,0,0,618,0,1022,1040,-22,11,-5,250,0
4656,0,0,619,0,1023,1041,-23,11,-6,257,0
4660,0,0,620,0,1025,1042,-23,11,-6,254,0
4664,0,0,621,0,1026,1044,-23,11,-6,254,0
4668,0,0,621,0,1028,1045,-24,11,-6,254,0
4672,0,0,621,0,1029,1046,-24,11,-6,257,0
4676,0,0,621,0,1031,1048,-24,11,-6,250,0
4680,0,0,621,0,1032,1049,-24,11,-6,257,0
4684,0,0,622,0,1034,1050,-25,11,-7,254,0
4688,0,0,621,0,1035,1052,-25,11,-7,254,0
4692,0,0,620,0,1037,1053,-25,11,-7,254,0
4696,0,0,622,0,1038,1054,-25,11,-7,254,0
4700,0,0,622,0,1040,1056,-25,11,-7,254,0
4704,0,0,623,0,1041,1057,-26,11,-7,254,0
4708,0,0,623,0,1043,1058,-26,11,-7,254,0
4712,0,0,623,0,1044,1060,-26,11,-7,250,0
4716,0,0,624,0,1045,1061,-26,11,-7,254,0
4720,0,0,624,0,1047,1062,-26,11,-7,250,0
4724,0,0,624,0,1048,1063,-27,11,-8,250,0
4728,0,0,624,0,1050,1064,-27,11,-8,250,0
4732,0,0,624,0,1051,1066,-27,11,-8,250,0
4736,0,0,624,0,1053,1067,-27,11,-8,247,0
4740,0,0,624,0,1054,1068,-27,11,-8,250,0
4744,0,0,625,0,1056,1070,-27,11,-8,247,0
4748,0,0,626,0,1057,1071,-28,12,-8,250,0
4752,0,0,626,0,1059,1072,-28,12,-8,250,0
4756,0,0,626,0,1060,1073,-28,12,-8,247,0
4760,0,0,626,0,1062,1074,-28,12,-8,247,0
4764,0,0,626,0,1063,1076,-28,12,-8,247,0
4768,0,0,626,0,1065,1077,-28,12,-8,247,0
4772,0,0,625,0,1066,1078,-28,12,-8,247,0
4776,0,0,626,0,1067,1080,-28,12,-8,247,0
4780,0,0,626,0,1069,1081,-29,12,-8,247,0
4784,0,0,626,0,1070,1082,-29,12,-8,247,0
4788,0,0,626,0,1072,1083,-29,12,-8,243,0
4792,0,0,625,0,1073,1084,-29,12,-8,243,0
4796,0,0,626,0,1075,1086,-29,12,-8,240,0
4800,0,0,626,0,1076,1087,-29,12,-8,247,0
4804,0,0,626,0,1077,1088,-29,12,-8,240,0
4808,0,0,626,0,1079,1089,-29,12,-8,243,0
4812,0,0,626,0,1081,1090,-29,12,-8,240,0
4816,0,0,627,0,1082,1092,-29,12,-8,240,0
4820,0,0,626,0,1083,1092,-29,12,-8,243,0
4824,0,0,625,0,1085,1094,-29,12,-8,240,0
4828,0,0,626,0,1086,1095,-29,12,-8,240,0
4832,0,0,626,0,1088,1096,-29,12,-8,240,0
4836,0,0,626,0,1089,1098,-29,12,-8,243,0
4840,0,0,626,0,1091,1099,-29,12,-8,240,0
4844,0,0,627,0,1092,1100,-29,12,-8,243,0
4848,0,0,626,0,1093,1101,-29,12,-8,236,0
4852,0,0,626,0,1095,1102,-29,12,-8,240,0
4856,0,0,627,0,1096,1104,-29,12,-8,236,0
4860,0,0,626,0,1098,1105,-29,13,-8,243,0
4864,0,0,627,0,1099,1106,-29,13,-8,240,0
4868,0,0,626,0,1101,1107,-29,13,-8,236,0
4872,0,0,627,0,1102,1108,-29,13,-8,240,0
4876,0,0,626,0,1104,1110,-29,13,-8,240,0
4880,0,0,626,0,1105,1111,-29,13,-8,236,0
4884,0,0,627,0,1107,1112,-30,13,-8,236,0
4888,0,0,627,0,1108,1114,-30,13,-8,240,0
4892,0,0,627,0,1109,1115,-30,13,-8,240,0
4896,0,0,627,0,1111,1116,-30,13,-8,243,0
4900,0,0,627,0,1112,1117,-30,13,-8,236,0
4904,0,0,627,0,1114,1118,-30,13,-8,240,0
4908,0,0,626,0,1115,1120,-30,13,-8,236,0
4912,0,0,626,0,1117,1121,-30,13,-8,240,0
4916,0,0,627,0,1118,1122,-30,13,-8,240,0
4920,0,0,626,0,1119,1124,-30,13,-8,236,0
4924,0,0,627,0,1121,1125,-30,13,-8,240,0
4928,0,0,627,0,1122,1126,-30,13,-8,240,0
4932,0,0,626,0,1124,1127,-30,13,-8,236,0
4936,0,0,627,0,1125,1128,-30,13,-8,236,0
4940,0,0,626,0,1127,1130,-30,13,-8,240,0
4944,0,0,627,0,1128,1131,-30,13,-8,240,0
4948,0,0,627,0,1129,1132,-30,13,-8,240,0
4952,0,0,627,0,1131,1134,-30,13,-8,240,0
4956,0,0,627,0,1133,1135,-30,13,-8,243,0
4960,0,0,627,0,1134,1136,-30,13,-8,240,0
4964,0,0,627,0,1135,1138,-30,13,-8,240,0
4968,0,0,627,0,1137,1139,-30,13,-8,243,0
4972,0,0,627,0,1138,1140,-30,13,-8,240,0
4976,0,0,627,0,1140,1142,-30,14,-8,243,0
4980,0,0,627,0,1141,1143,-30,14,-8,243,0
4984,0,0,627,0,1143,1145,-30,14,-8,243,0
4988,0,0,627,0,1144,1146,-30,14,-8,247,0
4992,0,0,627,0,1145,1148,-30,14,-8,243,0
4996,0,0,627,0,1147,1149,-30,14,-8,247,0
5000,0,0,626,0,1149,1150,-30,14,-8,247,0
5004,0,0,627,0,1150,1152,-30,14,-8,247,0
5008,0,0,627,0,1152,1154,-30,14,-8,250,0
5012,0,0,626,0,1153,1155,-30,14,-8,254,0
5016,0,0,627,0,1155,1156,-30,14,-8,250,0
5020,0,0,626,0,1156,1158,-30,14,-8,254,0
5024,0,0,627,0,1158,1160,-30,14,-8,257,0
5028,0,0,627,0,1159,1161,-30,14,-8,257,0
5032,0,0,626,0,1161,1162,-30,14,-8,257,0
5036,0,0,627,0,1163,1164,-30,14,-8,258,0
5040,0,0,626,0,1164,1166,-30,14,-8,261,0
5044,0,0,627,0,1166,1167,-30,14,-8,261,0
5048,0,0,627,0,1167,1169,-30,14,-8,265,0
5052,0,0,627,0,1169,1170,-30,14,-8,265,0
5056,0,0,627,0,1171,1172,-30,14,-8,265,0
5060,0,0,626,0,1173,1174,-30,14,-8,268,0
5064,0,0,626,0,1174,1176,-30,14,-8,275,0
5068,0,0,626,0,1176,1177,-30,14,-8,275,0
5072,0,0,626,0,1178,1179,-30,14,-8,275,0
5076,0,0,626,0,1179,1180,-30,14,-8,279,0
5080,0,0,626,0,1181,1182,-30,14,-8,283,0
5084,0,0,627,0,1183,1184,-30,14,-8,283,0
5088,0,0,627,0,1185,1186,-30,14,-8,283,0
5092,0,0,627,0,1187,1188,-30,14,-8,290,0
5096,0,0,627,0,1188,1189,-30,14,-8,290,0
5100,0,0,626,0,1190,1191,-30,14,-8,293,0
5104,0,0,627,0,1192,1193,-30,14,-8,293,0
5108,0,0,627,0,1194,1195,-30,14,-8,297,0
5112,0,0,627,0,1195,1197,-30,14,-8,297,0
5116,0,0,627,0,1197,1199,-30,14,-8,304,0
5120,0,0,626,0,1199,1200,-30,14,-8,304,0
5124,0,0,627,0,1201,1202,-30,14,-8,304,0
5128,0,0,626,0,1203,1204,-30,14,-8,304,0
5132,0,0,626,0,1205,1206,-30,14,-8,311,0
5136,0,0,626,0,1207,1208,-30,14,-8,315,0
5140,0,0,628,0,1209,1210,-30,14,-8,315,0
5144,0,0,626,0,1211,1212,-30,14,-8,318,0
5148,0,0,626,0,1213,1214,-30,14,-8,322,0
5152,0,0,626,0,1215,1216,-30,14,-8,326,0
5156,0,0,626,0,1216,1218,-30,14,-8,329,0
5160,0,0,625,0,1218,1220,-30,14,-8,329,0
5164,0,0,625,0,1221,1222,-29,14,-7,329,0
5168,0,0,625,0,1222,1224,-29,14,-7,333,0
5172,0,0,625,0,1224,1226,-29,14,-7,336,0
5176,0,0,626,0,1227,1228,-29,14,-7,336,0
5180,0,0,625,0,1229,1230,-29,14,-7,336,0
5184,0,0,625,0,1231,1232,-29,14,-7,344,0
5188,0,0,624,0,1233,1234,-29,14,-7,343,0
5192,0,0,624,0,1234,1236,-29,14,-7,344,0
5196,0,0,624,0,1236,1238,-29,14,-7,344,0
5200,0,0,624,0,1238,1241,-29,14,-7,347,0
5204,0,0,625,0,1240,1243,-29,14,-7,354,0
5208,0,0,624,0,1242,1245,-29,14,-7,351,0
5212,0,0,624,0,1244,1247,-29,14,-7,351,0
5216,0,0,624,0,1246,1249,-29,14,-7,351,0
5220,0,0,624,0,1248,1251,-29,14,-7,354,0
5224,0,0,624,0,1250,1253,-29,14,-7,354,0
5228,0,0,624,0,1252,1255,-29,14,-7,358,0
5232,0,0,623,0,1254,1257,-29,14,-7,358,0
5236,0,0,624,0,1256,1259,-29,14,-7,358,0
5240,0,0,624,0,1258,1261,-29,14,-7,358,0
5244,0,0,623,0,1260,1263,-28,14,-7,358,0
5248,0,0,623,0,1261,1265,-28,14,-7,358,0
5252,0,0,623,0,1263,1267,-28,14,-7,354,0
5256,0,0,623,0,1265,1269,-28,14,-7,354,0
5260,0,0,622,0,1267,1271,-28,14,-7,354,0
5264,0,0,623,0,1269,1273,-28,14,-7,354,0
5268,0,0,622,0,1271,1275,-28,14,-7,354,0
5272,0,0,622,0,1273,1277,-28,14,-7,354,0
5276,0,0,622,0,1275,1279,-28,14,-7,354,0
5280,0,0,621,0,1276,1281,-28,14,-7,354,0
5284,0,0,622,0,1278,1283,-28,14,-7,354,0
5288,0,0,622,0,1280,1285,-28,14,-7,351,0
5292,0,0,622,0,1282,1287,-28,14,-7,351,0
5296,0,0,621,0,1283,1289,-28,14,-7,351,0
5300,0,0,622,0,1285,1290,-27,14,-6,351,0
5304,0,0,622,0,1287,1292,-27,14,-6,344,0
5308,0,0,622,0,1289,1294,-27,14,-6,347,0
5312,0,0,622,0,1291,1296,-27,14,-6,347,0
5316,0,0,622,0,1292,1298,-27,14,-6,344,0
5320,0,0,621,0,1294,1300,-27,14,-6,344,0
5324,0,0,622,0,1296,1302,-27,14,-6,340,0
5328,0,0,622,0,1298,1304,-27,14,-6,340,0
5332,0,0,622,0,1299,1306,-27,14,-6,340,0
5336,0,0,622,0,1301,1308,-27,14,-6,340,0
5340,0,0,622,0,1303,1309,-27,13,-7,336,0
5344,0,0,622,0,1305,1311,-27,13,-7,336,0
5348,0,0,622,0,1306,1313,-27,13,-7,333,0
5352,0,0,622,0,1308,1314,-27,13,-7,333,0
5356,0,0,622,0,1309,1316,-27,13,-7,333,0
5360,0,0,623,0,1311,1318,-27,13,-7,326,0
5364,0,0,622,0,1313,1320,-27,13,-7,326,0
5368,0,0,621,0,1314,1322,-27,13,-7,326,0
5372,0,0,621,0,1316,1323,-27,13,-7,322,0
5376,0,0,622,0,1318,1325,-27,13,-7,318,0
5380,0,0,622,0,1319,1326,-27,13,-7,318,0
5384,0,0,623,0,1321,1328,-27,13,-7,318,0
5388,0,0,622,0,1323,1330,-27,13,-7,315,0
5392,0,0,622,0,1325,1332,-27,13,-7,315,0
5396,0,0,623,0,1326,1333,-27,13,-7,315,0
5400,0,0,623,0,1328,1335,-27,13,-7,308,0
5404,0,0,623,0,1329,1336,-27,13,-7,311,0
5408,0,0,623,0,1331,1338,-27,13,-7,308,0
5412,0,0,623,0,1333,1339,-27,13,-7,304,0
5416,0,0,623,0,1334,1341,-27,13,-7,308,0
5420,0,0,623,0,1336,1342,-28,13,-7,300,0
5424,0,0,623,0,1337,1344,-28,13,-7,300,0
5428,0,0,623,0,1339,1346,-28,13,-7,297,0
5432,0,0,623,0,1341,1347,-28,13,-7,297,0
5436,0,0,624,0,1342,1348,-28,13,-7,293,0
5440,0,0,623,0,1344,1350,-28,13,-7,290,0
5444,0,0,624,0,1345,1352,-28,13,-7,290,0
5448,0,0,624,0,1347,1353,-28,13,-7,293,0
5452,0,0,624,0,1349,1354,-28,13,-7,290,0
5456,0,0,624,0,1350,1356,-28,13,-7,286,0
5460,0,0,624,0,1352,1357,-28,13,-7,293,0
5464,0,0,624,0,1353,1359,-28,13,-7,290,0
5468,0,0,624,0,1355,1360,-28,13,-7,283,0
5472,0,0,623,0,1357,1362,-28,13,-7,283,0
5476,0,0,624,0,1358,1363,-28,13,-7,286,0
5480,0,0,624,0,1359,1364,-28,13,-7,279,0
5484,0,0,625,0,1361,1366,-28,13,-7,275,0
5488,0,0,624,0,1363,1367,-28,13,-7,279,0
5492,0,0,624,0,1364,1368,-28,13,-7,275,0
5496,0,0,625,0,1366,1370,-28,13,-7,268,0
5500,0,0,624,0,1367,1371,-28,13,-7,275,0
5504,0,0,625,0,1369,1373,-28,13,-7,272,0
5508,0,0,625,0,1371,1374,-28,13,-7,272,0
5512,0,0,625,0,1372,1375,-28,13,-7,272,0
5516,0,0,625,0,1374,1377,-28,13,-7,268,0
5520,0,0,625,0,1375,1378,-28,13,-7,272,0
5524,0,0,625,0,1377,1379,-29,13,-8,268,0
5528,0,0,626,0,1378,1381,-29,13,-8,272,0
5532,0,0,626,0,1380,1382,-29,14,-7,265,0
5536,0,0,626,0,1381,1383,-29,14,-7,265,0
5540,0,0,625,0,1383,1385,-29,14,-7,268,0
5544,0,0,626,0,1384,1386,-29,14,-7,265,0
5548,0,0,626,0,1386,1388,-29,14,-7,257,0
5552,0,0,626,0,1387,1389,-29,14,-7,265,0
5556,0,0,626,0,1389,1390,-29,14,-7,261,0
5560,0,0,625,0,1390,1391,-29,14,-7,257,0
5564,0,0,626,0,1392,1393,-29,14,-7,261,0
5568,0,0,626,0,1393,1394,-29,14,-7,261,0
5572,0,0,626,0,1395,1395,-29,14,-7,258,0
5576,0,0,626,0,1396,1396,-29,14,-7,254,0
5580,0,0,626,0,1398,1398,-29,14,-7,261,0
5584,0,0,627,0,1399,1399,-29,14,-7,257,0
5588,0,0,626,0,1401,1400,-29,14,-7,254,0
5592,0,0,626,0,1402,1402,-29,14,-7,254,0
5596,0,0,626,0,1403,1403,-29,14,-7,258,0
5600,0,0,626,0,1405,1404,-29,14,-7,254,0
5604,0,0,627,0,1406,1405,-29,14,-7,250,0
5608,0,0,627,0,1408,1406,-29,14,-7,250,0
5612,0,0,627,0,1409,1408,-29,14,-7,247,0
5616,0,0,628,0,1411,1409,-30,14,-8,247,0
5620,0,0,628,0,1412,1410,-30,14,-8,247,0
5624,0,0,628,0,1414,1412,-30,14,-8,247,0
5628,0,0,628,0,1415,1413,-30,14,-8,247,0
5632,0,0,628,0,1417,1414,-30,14,-8,-7868,0
5636,0,0,628,0,1418,1415,-30,14,-8,-7872,0
5640,0,0,628,0,1419,1416,-30,14,-8,-7876,0
5644,0,0,628,0,1421,1418,-30,14,-8,-7876,0
5648,0,0,628,0,1422,1419,-30,14,-8,-7872,0
5652,0,0,628,0,1424,1420,-30,14,-8,-7879,0
5656,0,0,629,0,1425,1421,-30,15,-7,-7876,0
5660,0,0,628,0,1427,1422,-30,15,-7,-7879,0
5664,0,0,628,0,1428,1424,-30,15,-7,-7883,0
5668,0,0,628,0,1429,1425,-30,15,-7,-7879,0
5672,0,0,629,0,1431,1426,-30,15,-7,-7879,0
5676,0,0,628,0,1432,1427,-30,15,-7,-7879,0
5680,0,0,629,0,1434,1428,-30,15,-7,-7886,0
5684,0,0,629,0,1435,1430,-31,15,-8,-7883,0
5688,0,0,628,0,1436,1431,-31,15,-8,-7879,0
5692,0,0,628,0,1438,1432,-31,15,-8,-7879,0
5696,0,0,629,0,1439,1433,-31,15,-8,-7883,0
5700,0,0,629,0,1441,1434,-31,15,-8,-7886,0
5704,0,0,630,0,1442,1436,-31,15,-8,-7883,0
5708,0,0,630,0,1443,1437,-31,15,-8,-7883,0
5712,0,0,630,0,1445,1438,-31,15,-8,-7883,0
5716,0,0,630,0,1446,1439,-31,15,-8,-7883,0
5720,0,0,629,0,1448,1440,-31,15,-8,-7886,0
5724,0,0,629,0,1449,1442,-31,15,-8,-7883,0
5728,0,0,629,0,1450,1443,-31,15,-8,-7886,0
5732,0,0,630,0,1452,1444,-31,15,-8,229,0
5736,0,0,630,0,1453,1445,-31,15,-8,232,0
5740,0,0,630,0,1454,1446,-31,15,-8,232,0
5744,0,0,630,0,1456,1448,-31,15,-8,232,0
5748,0,0,630,0,1457,1448,-31,15,-8,232,0
5752,0,0,630,0,1459,1450,-31,15,-8,232,0
5756,0,0,631,0,1460,1451,-31,15,-8,232,0
5760,0,0,630,0,1461,1452,-31,16,-7,232,0
5764,0,0,630,0,1463,1454,-31,16,-7,229,0
5768,0,0,630,0,1464,1455,-31,16,-7,232,0
5772,0,0,631,0,1465,1456,-31,16,-7,232,0
5776,0,0,631,0,1467,1457,-32,16,-8,232,0
5780,0,0,630,0,1468,1458,-32,16,-8,232,0
5784,0,0,630,0,1470,1460,-32,16,-8,232,0
5788,0,0,630,0,1471,1461,-32,16,-8,232,0
5792,0,0,630,0,1473,1463,-32,16,-8,229,0
5796,0,0,629,0,1474,1464,-32,16,-8,236,0
5800,0,0,629,0,1475,1466,-31,16,-7,236,0
5804,0,0,629,0,1477,1467,-31,16,-7,236,0
5808,0,0,629,0,1478,1468,-31,16,-7,236,0
5812,0,0,629,0,1479,1470,-31,16,-7,236,0
5816,0,0,628,0,1481,1471,-31,16,-7,240,0
5820,0,0,628,0,1482,1472,-31,16,-7,240,0
5824,0,0,628,0,1484,1474,-31,16,-7,240,0
5828,0,0,626,0,1485,1476,-31,16,-7,240,0
5832,0,0,626,0,1487,1477,-31,16,-7,243,0
5836,0,0,626,0,1488,1478,-31,16,-7,243,0
5840,0,0,623,0,1490,1480,-30,16,-7,243,0
5844,0,0,622,0,1491,1481,-30,16,-7,247,0
5848,0,0,617,0,1493,1483,-29,16,-6,247,0
5852,0,0,614,0,1495,1484,-29,16,-6,250,0
5856,0,0,612,0,1496,1486,-28,16,-6,250,0
5860,0,0,608,0,1497,1487,-27,16,-5,254,0
5864,0,0,607,0,1499,1488,-26,16,-5,254,0
5868,0,0,606,0,1500,1490,-26,16,-5,250,0
5872,0,0,604,0,1502,1491,-25,16,-4,254,0
5876,0,0,604,0,1503,1492,-24,16,-4,254,0
5880,0,0,602,0,1505,1493,-23,16,-3,254,0
5884,0,0,602,0,1506,1494,-23,16,-3,254,0
5888,0,0,602,0,1507,1496,-22,16,-3,250,0
5892,0,0,601,0,1509,1497,-21,16,-2,254,0
5896,0,0,600,0,1510,1498,-21,16,-2,250,0
5900,0,0,599,0,1511,1499,-20,16,-2,250,0
5904,0,0,599,0,1513,1500,-20,16,-2,250,0
5908,0,0,599,0,1514,1502,-19,16,-1,247,0
5912,0,0,600,0,1515,1503,-19,16,-1,250,0
5916,0,0,601,0,1517,1504,-18,16,-1,247,0
5920,0,0,601,0,1518,1505,-18,16,-1,247,0
5924,0,0,602,0,1519,1506,-18,16,-1,243,0
5928,0,0,602,0,1520,1507,-18,16,-1,240,0
5932,0,0,602,0,1521,1508,-18,16,-1,236,0
5936,0,0,600,0,1522,1509,-17,16,0,232,0
5940,0,0,600,0,1523,1510,-17,16,0,240,0
5944,0,0,599,0,1525,1511,-17,16,0,225,0
5948,0,0,597,0,1525,1512,-17,16,0,229,0
5952,0,0,597,0,1527,1513,-16,16,0,218,0
5956,0,0,597,0,1527,1514,-16,16,0,222,0
5960,0,0,596,0,1528,1515,-16,17,0,211,0
5964,0,0,596,0,1529,1516,-15,17,1,211,0
5968,0,0,595,0,1530,1517,-15,17,1,207,0
5972,0,0,594,0,1531,1518,-15,17,1,204,0
5976,0,0,593,0,1532,1519,-14,17,1,200,0
5980,0,0,591,0,1533,1520,-14,17,1,200,0
5984,0,0,589,0,1534,1521,-13,17,2,197,0
5988,0,0,587,0,1535,1522,-13,17,2,197,0
5992,0,0,585,0,1535,1522,-12,17,2,193,0
5996,0,0,584,0,1536,1523,-12,17,2,182,0
6000,0,0,583,0,1537,1524,-11,17,3,182,0
6004,0,0,582,0,1538,1525,-11,17,3,179,0
6008,0,0,581,0,1539,1526,-10,17,3,179,0
6012,0,0,580,0,1539,1526,-9,17,4,175,0
6016,0,0,579,0,1540,1527,-9,17,4,164,0
6020,0,0,578,0,1541,1528,-8,17,4,164,0
6024,0,0,577,0,1541,1529,-8,17,4,164,0
6028,0,0,576,0,1542,1529,-7,17,5,161,0
6032,0,0,576,0,1542,1530,-7,17,5,161,0
6036,0,0,576,0,1543,1531,-6,17,5,154,0
6040,0,0,575,0,1543,1532,-6,17,5,146,0
6044,0,0,576,0,1544,1532,-5,17,6,150,0
6048,0,0,576,0,1545,1533,-5,17,6,139,0
6052,0,0,577,0,1545,1534,-5,17,6,146,0
6056,0,0,578,0,1545,1534,-5,17,6,136,0
6060,0,0,577,0,1546,1535,-4,16,6,136,0
6064,0,0,578,0,1546,1535,-4,16,6,136,0
6068,0,0,579,0,1547,1536,-4,16,6,128,0
6072,0,0,578,0,1547,1536,-4,16,6,128,0
6076,0,0,578,0,1547,1537,-4,16,6,121,0
6080,0,0,579,0,1548,1538,-4,16,6,118,0
6084,0,0,579,0,1548,1538,-4,16,6,118,0
6088,0,0,579,0,1548,1538,-4,16,6,111,0
6092,0,0,579,0,1549,1538,-4,16,6,103,0
6096,0,0,579,0,1549,1539,-4,16,6,111,0
6100,0,0,579,0,1549,1539,-4,16,6,103,0
6104,0,0,578,0,1549,1540,-4,16,6,96,0
6108,0,0,578,0,1549,1540,-4,16,6,93,0
6112,0,0,576,0,1550,1540,-3,15,6,85,0
6116,0,0,576,0,1550,1540,-3,15,6,89,0
6120,0,0,576,0,1550,1541,-3,15,6,82,0
6124,0,0,576,0,1550,1541,-3,15,6,78,0
6128,0,0,576,0,1550,1541,-3,15,6,75,0
6132,0,0,576,0,1550,1542,-3,15,6,68,0
6136,0,0,575,0,1550,1542,-3,15,6,71,0
6140,0,0,575,0,1550,1542,-3,15,6,64,0
6144,0,0,575,0,1550,1542,-2,15,6,60,0
6148,0,0,574,0,1550,1542,-2,14,6,57,0
6152,0,0,574,0,1550,1542,-2,14,6,50,0
6156,0,0,573,0,1550,1542,-2,14,6,46,0
6160,0,0,573,0,1550,1542,-2,14,6,46,0
6164,0,0,573,0,1550,1542,-2,13,5,39,0
6168,0,0,573,0,1550,1542,-2,13,5,39,0
6172,0,0,573,0,1550,1542,-1,13,6,32,0
6176,0,0,574,0,1550,1542,-1,13,6,32,0
6180,0,0,574,0,1550,1542,-1,12,5,28,0
6184,0,0,574,0,1550,1542,-1,12,5,21,0
6188,0,0,575,0,1550,1542,-1,12,5,21,0
6192,0,0,575,0,1550,1542,-1,11,5,21,0
6196,0,0,575,0,1550,1542,-1,11,5,14,0
6200,0,0,575,0,1550,1542,-1,10,4,14,0
6204,0,0,576,0,1550,1542,-1,10,4,14,0
6208,0,0,575,0,1550,1542,-1,10,4,10,0
6212,0,0,576,0,1549,1542,-1,9,4,10,0
6216,0,0,576,0,1549,1541,-1,9,4,0,0
6220,0,0,575,0,1549,1541,-1,8,3,0,0
6224,0,0,575,0,1549,1541,-1,8,3,-3,0
6228,0,0,575,0,1549,1541,-1,7,3,-3,0
6232,0,0,575,0,1549,1540,-1,7,3,-3,0
6236,0,0,575,0,1548,1540,-1,7,3,-10,0
6240,0,0,574,0,1548,1540,-1,6,2,-14,0
6244,0,0,574,0,1548,1540,-1,6,2,-14,0
6248,0,0,573,0,1547,1539,-1,6,2,-14,0
6252,0,0,573,0,1547,1539,-1,6,2,-21,0
6256,0,0,573,0,1547,1538,-1,5,2,-21,0
6260,0,0,572,0,1546,1538,-1,5,2,-25,0
6264,0,0,572,0,1545,1537,-1,5,2,-28,0
6268,0,0,571,0,1545,1537,-1,5,2,-35,0
6272,0,0,571,0,1544,1536,-1,5,2,-39,0
6276,0,0,571,0,1543,1535,0,4,2,-42,0
6280,0,0,570,0,1542,1534,0,4,2,-50,0
6284,0,0,571,0,1541,1533,0,4,2,-57,0
6288,0,0,570,0,1540,1532,0,4,2,-64,0
6292,0,0,570,0,1539,1531,0,4,2,-71,0
6296,0,0,570,0,1538,1530,0,4,2,-78,0
6300,0,0,571,0,1537,1529,0,4,2,-85,0
6304,0,0,572,0,1536,1528,0,4,2,-93,0
6308,0,0,572,0,1534,1526,0,4,2,-107,0
6312,0,0,575,0,1533,1525,0,4,2,-114,0
6316,0,0,576,0,1531,1524,0,4,2,-114,0
6320,0,0,577,0,1530,1522,0,4,2,-129,0
6324,0,0,578,0,1529,1521,-1,4,1,-136,0
6328,0,0,579,0,1528,1520,-1,4,1,-143,0
6332,0,0,581,0,1527,1518,-1,4,1,-154,0
6336,0,0,581,0,1525,1518,-2,4,1,-161,0
6340,0,0,581,0,1525,1516,-2,4,1,-161,0
6344,0,0,583,0,1524,1516,-2,4,1,-168,0
6348,0,0,583,0,1523,1514,-3,4,0,-175,0
6352,0,0,583,0,1522,1514,-3,4,0,-175,0
6356,0,0,584,0,1521,1512,-3,4,0,-179,0
6360,0,0,583,0,1520,1511,-4,4,0,-186,0
6364,0,0,584,0,1519,1510,-4,4,0,-189,0
6368,0,0,584,0,1517,1509,-4,4,0,-189,0
6372,0,0,584,0,1516,1508,-4,5,0,-197,0
6376,0,0,585,0,1515,1506,-5,5,0,-200,0
6380,0,0,585,0,1513,1505,-5,5,0,-204,0
6384,0,0,587,0,1512,1504,-5,5,0,-207,0
6388,0,0,588,0,1511,1502,-5,5,0,-207,0
6392,0,0,589,0,1509,1501,-6,5,0,-211,0
6396,0,0,590,0,1508,1500,-6,5,0,-214,0
6400,0,0,590,0,1507,1498,-7,5,-1,-214,0
6404,0,0,591,0,1506,1497,-7,5,-1,-218,0
6408,0,0,591,0,1504,1496,-7,5,-1,-214,0
6412,0,0,591,0,1503,1494,-8,5,-1,-214,0
6416,0,0,591,0,1502,1493,-8,5,-1,-218,0
6420,0,0,591,0,1501,1492,-8,5,-1,-211,0
6424,0,0,592,0,1500,1490,-8,5,-1,-211,0
6428,0,0,593,0,1498,1489,-9,5,-2,-218,0
6432,0,0,594,0,1497,1488,-9,5,-2,-214,0
6436,0,0,594,0,1495,1486,-9,5,-2,-211,0
6440,0,0,595,0,1494,1484,-10,5,-2,-222,0
6444,0,0,597,0,1493,1483,-10,5,-2,-225,0
6448,0,0,597,0,1491,1481,-10,5,-2,-225,0
6452,0,0,598,0,1489,1480,-11,5,-3,-232,0
6456,0,0,601,0,1488,1478,-11,5,-3,-240,0
6460,0,0,602,0,1486,1476,-12,5,-3,-240,0
6464,0,0,605,0,1485,1474,-12,5,-3,-247,0
6468,0,0,606,0,1483,1472,-13,5,-4,-250,0
6472,0,0,608,0,1481,1471,-14,5,-4,-254,0
6476,0,0,612,0,1480,1469,-14,5,-4,-261,0
6480,0,0,613,0,1478,1467,-15,5,-5,-257,0
6484,0,0,615,0,1477,1465,-16,5,-5,-261,0
6488,0,0,614,0,1475,1464,-17,5,-6,-265,0
6492,0,0,613,0,1473,1462,-17,5,-6,-268,0
6496,0,0,612,0,1472,1460,-18,5,-6,-268,0
6500,0,0,608,0,1470,1458,-18,5,-6,-272,0
6504,0,0,607,0,1468,1456,-18,5,-6,-275,0
6508,0,0,605,0,1466,1454,-18,5,-6,-279,0
6512,0,0,605,0,1464,1452,-18,5,-6,-286,0
6516,0,0,606,0,1462,1450,-18,4,-7,-290,0
6520,0,0,609,0,1460,1448,-18,4,-7,-297,0
6524,0,0,612,0,1458,1446,-19,4,-7,-304,0
6528,0,0,615,0,1456,1444,-19,4,-7,-304,0
6532,0,0,619,0,1454,1442,-20,4,-8,-311,0
6536,0,0,621,0,1451,1440,-20,4,-8,-322,0
6540,0,0,622,0,1449,1438,-21,4,-8,-322,0
6544,0,0,624,0,1447,1436,-22,4,-9,-326,0
6548,0,0,626,0,1445,1433,-23,4,-9,-336,0
6552,0,0,624,0,1442,1431,-23,4,-9,-336,0
6556,0,0,625,0,1440,1428,-24,4,-10,-343,0
6560,0,0,625,0,1438,1426,-24,4,-10,-351,0
6564,0,0,625,0,1435,1424,-25,4,-10,-351,0
6568,0,0,625,0,1433,1421,-25,4,-10,-358,0
6572,0,0,625,0,1431,1419,-25,4,-10,-361,0
6576,0,0,625,0,1428,1416,-26,4,-11,-365,0
6580,0,0,625,0,1426,1414,-26,4,-11,-376,0
6584,0,0,626,0,1424,1411,-26,4,-11,-376,0
6588,0,0,625,0,1421,1408,-27,4,-11,-386,0
6592,0,0,626,0,1419,1406,-27,4,-11,-390,0
6596,0,0,626,0,1416,1403,-27,4,-11,-394,0
6600,0,0,626,0,1413,1400,-27,4,-11,-404,0
6604,0,0,626,0,1411,1398,-28,4,-12,-412,0
6608,0,0,626,0,1408,1395,-28,4,-12,-412,0
6612,0,0,626,0,1406,1392,-28,4,-12,-419,0
6616,0,0,626,0,1403,1390,-28,4,-12,-426,0
6620,0,0,626,0,1401,1387,-28,4,-12,-426,0
6624,0,0,627,0,1398,1384,-28,4,-12,-429,0
6628,0,0,627,0,1395,1382,-29,4,-12,-437,0
6632,0,0,627,0,1393,1379,-29,4,-12,-444,0
6636,0,0,627,0,1390,1376,-29,4,-12,-444,0
6640,0,0,627,0,1388,1373,-29,4,-12,-447,0
6644,0,0,627,0,1385,1370,-29,4,-12,-455,0
6648,0,0,626,0,1382,1368,-29,4,-12,-455,0
6652,0,0,627,0,1380,1365,-29,4,-12,-458,0
6656,0,0,627,0,1377,1362,-29,4,-12,-462,0
6660,0,0,627,0,1375,1360,-29,4,-12,-462,0
6664,0,0,628,0,1372,1357,-29,4,-12,-469,0
6668,0,0,628,0,1369,1354,-30,4,-13,-469,0
6672,0,0,627,0,1367,1352,-30,4,-13,-469,0
6676,0,0,627,0,1364,1349,-30,4,-13,-469,0
6680,0,0,627,0,1361,1346,-30,4,-13,-472,0
6684,0,0,627,0,1359,1344,-30,4,-13,-476,0
6688,0,0,626,0,1356,1341,-30,4,-13,-473,0
6692,0,0,625,0,1354,1338,-30,4,-13,-476,0
6696,0,0,625,0,1351,1336,-29,4,-12,-476,0
6700,0,0,625,0,1349,1333,-29,4,-12,-473,0
6704,0,0,624,0,1347,1330,-29,4,-12,-469,0
6708,0,0,624,0,1344,1328,-29,4,-12,-476,0
6712,0,0,623,0,1342,1326,-29,4,-12,-469,0
6716,0,0,623,0,1339,1323,-29,4,-12,-469,0
6720,0,0,621,0,1337,1321,-29,4,-12,-469,0
6724,0,0,621,0,1335,1318,-29,4,-12,-469,0
6728,0,0,619,0,1332,1316,-28,4,-12,-462,0
6732,0,0,619,0,1330,1314,-28,4,-12,-458,0
6736,0,0,618,0,1328,1311,-28,4,-12,-455,0
6740,0,0,617,0,1326,1309,-27,4,-11,-455,0
6744,0,0,616,0,1324,1307,-27,4,-11,-447,0
6748,0,0,616,0,1322,1305,-27,4,-11,-444,0
6752,0,0,615,0,1320,1302,-26,4,-11,-444,0
6756,0,0,614,0,1318,1300,-26,4,-11,-437,0
6760,0,0,613,0,1316,1298,-26,4,-11,-433,0
6764,0,0,611,0,1314,1296,-25,4,-10,-426,0
6768,0,0,611,0,1312,1294,-25,4,-10,-422,0
6772,0,0,609,0,1311,1292,-24,4,-10,-419,0
6776,0,0,608,0,1309,1290,-24,4,-10,-415,0
6780,0,0,607,0,1307,1289,-23,4,-9,-404,0
6784,0,0,606,0,1305,1287,-23,4,-9,-397,0
6788,0,0,604,0,1304,1285,-22,4,-9,-394,0
6792,0,0,604,0,1302,1284,-22,4,-9,-383,0
6796,0,0,602,0,1301,1282,-21,4,-8,-383,0
6800,0,0,601,0,1299,1280,-21,4,-8,-372,0
6804,0,0,600,0,1298,1278,-20,4,-8,-369,0
6808,0,0,598,0,1297,1277,-20,4,-8,-358,0
6812,0,0,597,0,1295,1276,-19,4,-7,-354,0
6816,0,0,595,0,1294,1274,-18,4,-7,-343,0
6820,0,0,594,0,1293,1272,-18,4,-7,-336,0
6824,0,0,593,0,1291,1271,-17,4,-6,-329,0
6828,0,0,591,0,1290,1270,-16,4,-6,-326,0
6832,0,0,591,0,1289,1268,-16,4,-6,-315,0
6836,0,0,591,0,1288,1267,-15,4,-5,-311,0
6840,0,0,590,0,1287,1266,-15,3,-6,-300,0
6844,0,0,590,0,1286,1265,-14,3,-5,-293,0
6848,0,0,589,0,1285,1264,-14,3,-5,-286,0
6852,0,0,588,0,1284,1262,-13,3,-5,-275,0
6856,0,0,587,0,1283,1262,-13,3,-5,-272,0
6860,0,0,585,0,1282,1260,-12,3,-4,-265,0
6864,0,0,584,0,1282,1259,-11,3,-4,-257,0
6868,0,0,584,0,1281,1258,-11,3,-4,-247,0
6872,0,0,582,0,1280,1258,-10,3,-3,-240,0
6876,0,0,582,0,1279,1256,-10,3,-3,-229,0
6880,0,0,582,0,1279,1256,-9,3,-3,-229,0
6884,0,0,581,0,1278,1255,-9,3,-3,-218,0
6888,0,0,582,0,1277,1254,-9,3,-3,-211,0
6892,0,0,581,0,1277,1254,-8,3,-2,-207,0
6896,0,0,580,0,1276,1253,-8,3,-2,-197,0
6900,0,0,579,0,1276,1252,-7,3,-2,-193,0
6904,0,0,578,0,1275,1251,-7,3,-2,-186,0
6908,0,0,577,0,1275,1251,-6,3,-1,-179,0
6912,0,0,576,0,1274,1250,-6,3,-1,-171,0
6916,0,0,575,0,1273,1250,-6,3,-1,-164,0
6920,0,0,574,0,1273,1249,-5,3,-1,-164,0
6924,0,0,574,0,1272,1248,-5,3,-1,-154,0
6928,0,0,573,0,1272,1248,-4,3,0,-150,0
6932,0,0,573,0,1271,1247,-4,3,0,-143,0
6936,0,0,572,0,1271,1246,-3,3,0,-139,0
6940,0,0,571,0,1271,1246,-3,3,0,-136,0
6944,0,0,573,0,1270,1246,-3,2,0,-129,0
6948,0,0,571,0,1269,1245,-2,2,0,-125,0
6952,0,0,571,0,1269,1244,-2,2,0,-125,0
6956,0,0,570,0,1269,1244,-2,2,0,-118,0
6960,0,0,569,0,1268,1243,-1,2,0,-111,0
6964,0,0,569,0,1268,1243,-1,2,0,-111,0
6968,0,0,568,0,1267,1242,-1,2,0,-107,0
6972,0,0,567,0,1267,1242,0,2,1,-107,0
6976,0,0,567,0,1266,1241,0,2,1,-103,0
6980,0,0,567,0,1266,1241,0,2,1,-100,0
6984,0,0,567,0,1265,1240,0,2,1,-100,0
6988,0,0,565,0,1265,1240,0,2,1,-100,0
6992,0,0,565,0,1264,1239,0,2,1,-93,0
6996,0,0,565,0,1264,1238,1,1,1,-96,0
7000,0,0,564,0,1263,1238,1,1,1,-96,0
7004,0,0,563,0,1263,1238,1,1,1,-93,0
7008,0,0,563,0,1262,1237,1,1,1,-89,0
7012,0,0,563,0,1262,1236,2,1,1,-93,0
7016,0,0,562,0,1261,1236,2,1,1,-93,0
7020,0,0,561,0,1261,1235,2,1,1,-89,0
7024,0,0,560,0,1260,1234,3,1,2,-93,0
7028,0,0,559,0,1260,1234,3,1,2,-93,0
7032,0,0,559,0,1259,1233,3,1,2,-93,0
7036,0,0,558,0,1258,1232,4,1,2,-93,0
7040,0,0,557,0,1258,1232,4,1,2,-96,0
7044,0,0,557,0,1257,1231,4,1,2,-96,0
7048,0,0,556,0,1256,1230,5,1,3,-100,0
7052,0,0,556,0,1256,1230,5,0,2,-100,0
7056,0,0,556,0,1255,1229,5,0,2,-96,0
7060,0,0,555,0,1254,1228,6,0,3,-103,0
7064,0,0,554,0,1254,1228,6,0,3,-103,0
7068,0,0,553,0,1253,1227,6,0,3,-103,0
7072,0,0,553,0,1252,1226,7,0,3,-103,0
7076,0,0,553,0,1251,1225,7,0,3,-111,0
7080,0,0,551,0,1251,1224,7,0,3,-111,0
7084,0,0,551,0,1250,1224,8,0,4,-114,0
7088,0,0,550,0,1249,1222,8,0,4,-111,0
7092,0,0,549,0,1248,1222,8,0,4,-121,0
7096,0,0,548,0,1247,1221,9,0,4,-118,0
7100,0,0,547,0,1246,1220,9,0,4,-121,0
7104,0,0,545,0,1245,1219,10,0,5,-125,0
7108,0,0,544,0,1244,1218,10,0,5,-132,0
7112,0,0,543,0,1243,1217,11,0,5,-132,0
7116,0,0,542,0,1242,1216,11,0,5,-136,0
7120,0,0,541,0,1241,1215,12,0,6,-139,0
7124,0,0,541,0,1240,1214,12,0,6,-143,0
7128,0,0,540,0,1239,1213,13,0,6,-143,0
7132,0,0,540,0,1238,1212,13,0,6,-150,0
7136,0,0,538,0,1237,1210,14,0,7,-150,0
7140,0,0,537,0,1236,1210,14,0,7,-154,0
7144,0,0,537,0,1235,1208,14,0,7,-157,0
7148,0,0,534,0,1234,1207,15,0,7,-161,0
7152,0,0,534,0,1233,1206,16,0,8,-161,0
7156,0,0,532,0,1232,1205,16,0,8,-168,0
7160,0,0,531,0,1231,1204,17,0,8,-168,0
7164,0,0,530,0,1230,1203,17,0,8,-168,0
7168,0,0,529,0,1228,1202,18,0,9,-179,0
7172,0,0,529,0,1227,1200,18,0,9,-179,0
7176,0,0,528,0,1226,1199,19,0,9,-182,0
7180,0,0,527,0,1225,1198,19,0,9,-182,0
7184,0,0,527,0,1224,1197,20,1,10,-186,0
7188,0,0,526,0,1222,1196,20,1,10,-189,0
7192,0,0,524,0,1221,1194,21,1,11,-189,0
7196,0,0,524,0,1220,1193,21,1,11,-197,0
7200,0,0,522,0,1219,1192,22,1,11,-197,0
7204,0,0,520,0,1218,1191,22,1,11,-197,0
7208,0,0,520,0,1216,1190,23,1,12,-200,0
7212,0,0,518,0,1215,1188,24,1,12,-200,0
7216,0,0,517,0,1214,1187,24,1,12,-204,0
7220,0,0,516,0,1213,1186,25,1,13,-204,0
7224,0,0,514,0,1211,1185,25,1,13,-204,0
7228,0,0,514,0,1210,1184,26,1,13,-211,0
7232,0,0,513,0,1209,1182,26,1,13,-207,0
7236,0,0,512,0,1208,1181,27,1,14,-211,0
7240,0,0,512,0,1207,1180,28,1,14,-207,0
7244,0,0,511,0,1205,1179,28,1,14,-211,0
7248,0,0,510,0,1204,1178,29,1,15,-211,0
7252,0,0,510,0,1203,1176,29,1,15,-211,0
7256,0,0,508,0,1202,1175,30,1,15,-215,0
7260,0,0,507,0,1201,1174,30,1,15,-215,0
7264,0,0,506,0,1199,1173,31,1,16,-215,0
7268,0,0,505,0,1198,1172,31,1,16,-215,0
7272,0,0,504,0,1197,1171,32,1,16,-215,0
7276,0,0,503,0,1196,1170,32,1,16,-211,0
7280,0,0,502,0,1195,1169,33,1,17,-211,0
7284,0,0,502,0,1194,1168,33,1,17,-211,0
7288,0,0,501,0,1193,1166,34,1,17,-211,0
7292,0,0,501,0,1191,1166,34,1,17,-211,0
7296,0,0,500,0,1190,1164,35,1,18,-207,0
7300,0,0,500,0,1189,1164,35,1,18,-211,0
7304,0,0,499,0,1188,1162,35,1,18,-207,0
7308,0,0,499,0,1187,1162,36,1,18,-207,0
7312,0,0,497,0,1186,1161,36,1,18,-204,0
7316,0,0,497,0,1185,1160,37,1,19,-200,0
7320,0,0,496,0,1184,1159,37,1,19,-200,0
7324,0,0,495,0,1183,1158,38,1,19,-200,0
7328,0,0,494,0,1182,1157,38,1,19,-193,0
7332,0,0,494,0,1181,1156,38,1,19,-197,0
7336,0,0,493,0,1180,1156,39,1,20,-193,0
7340,0,0,493,0,1179,1155,39,1,20,-189,0
7344,0,0,493,0,1178,1154,40,1,20,-189,0
7348,0,0,493,0,1177,1153,40,1,20,-186,0
7352,0,0,493,0,1176,1152,40,1,20,-186,0
7356,0,0,493,0,1175,1152,40,1,20,-182,0
7360,0,0,492,0,1174,1151,41,2,21,-179,0
7364,0,0,492,0,1173,1150,41,2,21,-179,0
7368,0,0,491,0,1173,1150,41,2,21,-175,0
7372,0,0,491,0,1172,1149,41,2,21,-168,0
7376,0,0,490,0,1171,1148,42,2,22,-168,0
7380,0,0,489,0,1170,1148,42,2,22,-168,0
7384,0,0,489,0,1169,1147,42,2,22,-164,0
7388,0,0,489,0,1169,1147,43,2,22,-164,0
7392,0,0,489,0,1168,1146,43,2,22,-154,0
7396,0,0,489,0,1167,1146,43,2,22,-154,0
7400,0,0,488,0,1167,1146,43,2,22,-146,0
7404,0,0,489,0,1166,1145,43,3,23,-150,0
7408,0,0,489,0,1165,1145,43,3,23,-139,0
7412,0,0,488,0,1165,1144,44,3,23,-139,0
7416,0,0,489,0,1164,1144,44,3,23,-136,0
7420,0,0,489,0,1163,1143,44,3,23,-132,0
7424,0,0,489,0,1163,1143,44,3,23,-132,0
7428,0,0,488,0,1162,1143,44,3,23,-125,0
7432,0,0,488,0,1162,1142,44,3,23,-121,0
7436,0,0,488,0,1161,1142,44,3,23,-121,0
7440,0,0,487,0,1161,1142,44,3,23,-118,0
7444,0,0,487,0,1160,1142,45,4,24,-111,0
7448,0,0,486,0,1159,1141,45,4,24,-107,0
7452,0,0,487,0,1159,1141,45,4,24,-107,0
7456,0,0,487,0,1159,1141,45,4,24,-100,0
7460,0,0,488,0,1158,1141,45,4,24,-96,0
7464,0,0,487,0,1158,1141,45,4,24,-93,0
7468,0,0,487,0,1157,1140,45,4,24,-86,0
7472,0,0,487,0,1157,1140,45,4,24,-93,0
7476,0,0,486,0,1157,1140,45,5,25,-85,0
7480,0,0,486,0,1156,1140,45,5,25,-78,0
7484,0,0,486,0,1156,1140,46,5,25,-78,0
7488,0,0,486,0,1155,1140,46,5,25,-71,0
7492,0,0,486,0,1155,1140,46,5,25,-75,0
7496,0,0,485,0,1155,1140,46,5,25,-68,0
7500,0,0,485,0,1155,1140,46,6,26,-64,0
7504,0,0,485,0,1154,1140,46,6,26,-57,0
7508,0,0,486,0,1154,1140,46,6,26,-60,0
7512,0,0,486,0,1154,1140,46,6,26,-57,0
7516,0,0,486,0,1153,1140,46,7,26,-53,0
7520,0,0,486,0,1153,1140,46,7,26,-53,0
7524,0,0,486,0,1153,1140,46,7,26,-46,0
7528,0,0,485,0,1153,1140,46,7,26,-46,0
7532,0,0,485,0,1153,1140,46,8,27,-42,0
7536,0,0,486,0,1153,1140,46,8,27,-35,0
7540,0,0,486,0,1152,1140,46,8,27,-35,0
7544,0,0,486,0,1152,1140,46,9,27,-39,0
7548,0,0,486,0,1152,1140,46,9,27,-35,0
7552,0,0,486,0,1152,1140,46,10,28,-28,0
7556,0,0,486,0,1152,1140,46,10,28,-28,0
7560,0,0,486,0,1152,1140,46,10,28,-28,0
7564,0,0,486,0,1152,1140,46,11,28,-25,0
7568,0,0,486,0,1151,1140,46,11,28,-25,0
7572,0,0,486,0,1151,1140,46,12,29,-21,0
7576,0,0,485,0,1151,1140,46,12,29,-21,0
7580,0,0,485,0,1151,1140,46,13,29,-21,0
7584,0,0,485,0,1151,1140,47,13,30,-17,0
7588,0,0,485,0,1151,1140,47,14,30,-17,0
7592,0,0,485,0,1151,1140,47,14,30,-14,0
7596,0,0,485,0,1151,1140,47,15,31,-14,0
7600,0,0,486,0,1151,1140,47,15,31,-14,0
7604,0,0,486,0,1151,1140,47,16,31,-14,0
7608,0,0,486,0,1151,1140,47,16,31,-10,0
7612,0,0,486,0,1151,1140,47,17,32,-10,0
7616,0,0,486,0,1151,1140,47,17,32,-10,0
7620,0,0,486,0,1151,1140,47,18,32,-7,0
7624,0,0,486,0,1151,1140,47,18,32,-7,0
7628,0,0,486,0,1151,1140,47,19,33,-7,0
7632,0,0,486,0,1151,1140,47,19,33,-7,0
7636,0,0,485,0,1151,1140,47,20,33,-7,0
7640,0,0,486,0,1151,1140,47,20,33,-7,0
7644,0,0,486,0,1151,1140,47,21,34,-3,0
7648,0,0,486,0,1151,1140,47,21,34,-3,0
7652,0,0,486,0,1151,1140,46,22,34,-3,0
7656,0,0,486,0,1151,1140,46,22,34,-3,0
7660,0,0,485,0,1151,1140,47,23,35,-3,0
7664,0,0,486,0,1151,1140,47,23,35,-3,0
7668,0,0,485,0,1151,1140,47,24,35,-3,0
7672,0,0,486,0,1151,1140,47,24,35,0,0
7676,0,0,486,0,1151,1140,47,25,36,0,0
7680,0,0,486,0,1151,1140,47,25,36,0,0
7684,0,0,486,0,1151,1140,47,26,36,0,0
7688,0,0,486,0,1151,1140,47,26,36,0,0
7692,0,0,486,0,1151,1140,46,27,36,0,0
7696,0,0,485,0,1151,1140,47,27,37,0,0
7700,0,0,485,0,1151,1140,47,28,37,0,0
7704,0,0,485,0,1151,1140,47,28,37,0,0
7708,0,0,485,0,1151,1140,47,29,38,0,0
7712,0,0,485,0,1151,1141,47,29,38,0,0
7716,0,0,485,0,1151,1141,47,30,38,3,0
7720,0,0,486,0,1151,1141,47,30,38,3,0
7724,0,0,486,0,1151,1141,47,30,38,3,0
7728,0,0,485,0,1151,1141,47,31,39,3,0
7732,0,0,486,0,1151,1141,47,31,39,3,0
7736,0,0,485,0,1151,1142,47,31,39,3,0
7740,0,0,485,0,1151,1142,47,31,39,7,0
7744,0,0,484,0,1151,1142,47,32,39,7,0
7748,0,0,484,0,1151,1142,47,32,39,7,0
7752,0,0,484,0,1151,1143,47,32,39,7,0
7756,0,0,484,0,1151,1143,47,32,39,10,0
7760,0,0,484,0,1151,1143,47,32,39,10,0
7764,0,0,484,0,1151,1144,47,32,39,10,0
7768,0,0,484,0,1151,1144,47,32,39,14,0
7772,0,0,483,0,1151,1145,47,32,39,14,0
7776,0,0,484,0,1151,1145,47,32,39,17,0
7780,0,0,484,0,1152,1146,47,31,39,17,0
7784,0,0,484,0,1152,1146,47,31,39,25,0
7788,0,0,484,0,1152,1147,47,31,39,25,0
7792,0,0,484,0,1152,1148,47,31,39,28,0
7796,0,0,483,0,1152,1148,47,30,38,32,0
7800,0,0,484,0,1153,1149,47,30,38,32,0
7804,0,0,483,0,1153,1150,47,30,38,39,0
7808,0,0,483,0,1153,1150,48,29,38,43,0
7812,0,0,483,0,1154,1151,48,29,38,43,0
7816,0,0,483,0,1154,1152,48,28,38,46,0
7820,0,0,483,0,1155,1152,48,28,38,53,0
7824,0,0,483,0,1155,1153,48,28,38,53,0
7828,0,0,483,0,1156,1154,48,27,37,57,0
7832,0,0,483,0,1157,1155,48,27,37,64,0
7836,0,0,483,0,1157,1155,48,27,37,71,0
7840,0,0,483,0,1158,1156,48,26,37,71,0
7844,0,0,483,0,1158,1157,48,26,37,75,0
7848,0,0,483,0,1159,1158,48,26,37,78,0
7852,0,0,483,0,1159,1158,48,25,36,85,0
7856,0,0,482,0,1160,1159,48,25,36,82,0
7860,0,0,482,0,1160,1160,48,25,36,89,0
7864,0,0,482,0,1161,1161,48,25,36,93,0
7868,0,0,482,0,1161,1162,48,24,36,96,0
7872,0,0,481,0,1162,1163,48,24,36,100,0
7876,0,0,481,0,1162,1164,48,24,36,103,0
7880,0,0,482,0,1163,1165,48,24,36,107,0
7884,0,0,482,0,1163,1166,48,24,36,107,0
7888,0,0,482,0,1164,1167,48,23,35,111,0
7892,0,0,483,0,1164,1168,48,23,35,114,0
7896,0,0,483,0,1165,1169,48,23,35,114,0
7900,0,0,484,0,1165,1170,48,23,35,121,0
7904,0,0,483,0,1165,1170,48,23,35,118,0
7908,0,0,484,0,1165,1171,48,22,35,114,0
7912,0,0,483,0,1166,1172,48,22,35,118,0
7916,0,0,483,0,1166,1173,48,22,35,118,0
7920,0,0,483,0,1166,1174,48,22,35,114,0
7924,0,0,483,0,1167,1174,48,22,35,121,0
7928,0,0,482,0,1167,1175,48,21,34,118,0
7932,0,0,482,0,1167,1176,48,21,34,114,0
7936,0,0,481,0,1168,1177,48,21,34,111,0
7940,0,0,481,0,1168,1178,48,21,34,114,0
7944,0,0,481,0,1169,1179,48,20,34,114,0
7948,0,0,481,0,1169,1180,49,20,34,118,0
7952,0,0,481,0,1169,1181,49,20,34,114,0
7956,0,0,481,0,1170,1182,49,20,34,118,0
7960,0,0,481,0,1170,1183,49,19,34,118,0
7964,0,0,481,0,1171,1184,49,19,34,118,0
7968,0,0,481,0,1171,1185,49,19,34,118,0
7972,0,0,481,0,1172,1186,49,19,34,118,0
7976,0,0,482,0,1172,1187,49,18,33,118,0
7980,0,0,482,0,1173,1188,49,18,33,118,0
7984,0,0,481,0,1173,1189,49,18,33,118,0
7988,0,0,481,0,1174,1190,49,17,33,118,0
7992,0,0,480,0,1174,1192,49,17,33,118,0
7996,0,0,480,0,1175,1193,49,17,33,121,0
8000,0,0,479,0,1175,1194,49,17,33,121,0
8004,0,0,479,0,1176,1195,49,16,32,121,0
8008,0,0,478,0,1177,1196,49,16,32,129,0
8012,0,0,479,0,1177,1198,49,16,32,132,0
8016,0,0,478,0,1178,1199,50,16,33,132,0
8020,0,0,479,0,1179,1200,50,15,32,136,0
8024,0,0,478,0,1180,1202,50,15,32,136,0
8028,0,0,480,0,1180,1203,50,15,32,146,0
8032,0,0,479,0,1181,1204,50,15,32,150,0
8036,0,0,479,0,1182,1206,50,14,32,150,0
8040,0,0,479,0,1183,1207,50,14,32,154,0
8044,0,0,478,0,1184,1209,50,14,32,157,0
8048,0,0,477,0,1185,1210,50,14,32,161,0
8052,0,0,477,0,1185,1212,50,14,32,164,0
8056,0,0,474,0,1186,1213,51,13,32,168,0
8060,0,0,474,0,1187,1215,51,13,32,168,0
8064,0,0,473,0,1188,1216,51,13,32,175,0
8068,0,0,472,0,1189,1218,51,13,32,175,0
8072,0,0,472,0,1189,1218,52,13,32,182,0
8076,0,0,472,0,1190,1220,52,12,32,179,0
8080,0,0,473,0,1191,1221,52,12,32,182,0
8084,0,0,474,0,1191,1222,52,12,32,182,0
8088,0,0,476,0,1191,1222,52,12,32,182,0
8092,0,0,477,0,1192,1223,52,12,32,175,0
8096,0,0,478,0,1192,1224,52,12,32,175,0
8100,0,0,479,0,1192,1224,52,11,31,171,0
8104,0,0,480,0,1192,1225,52,11,31,168,0
8108,0,0,479,0,1192,1225,51,11,31,164,0
8112,0,0,480,0,1191,1225,51,11,31,157,0
8116,0,0,479,0,1191,1225,51,10,30,146,0
8120,0,0,479,0,1190,1225,51,10,30,139,0
8124,0,0,478,0,1189,1224,51,10,30,128,0
8128,0,0,478,0,1188,1224,51,10,30,111,0
8132,0,0,479,0,1187,1223,51,10,30,100,0
8136,0,0,479,0,1186,1222,51,10,30,89,0
8140,0,0,480,0,1184,1221,51,10,30,71,0
8144,0,0,482,0,1183,1219,51,10,30,53,0
8148,0,0,483,0,1181,1218,50,9,29,32,0
8152,0,0,484,0,1180,1216,50,9,29,14,0
8156,0,0,486,0,1178,1214,50,9,29,-7,0
8160,0,0,488,0,1176,1213,49,9,29,-25,0
8164,0,0,489,0,1175,1212,49,9,29,-46,0
8168,0,0,491,0,1173,1210,48,9,28,-64,0
8172,0,0,492,0,1171,1208,48,9,28,-85,0
8176,0,0,492,0,1169,1206,47,9,28,-103,0
8180,0,0,493,0,1168,1205,47,9,28,-125,0
8184,0,0,495,0,1166,1203,46,9,27,-139,0
8188,0,0,495,0,1164,1201,46,9,27,-157,0
8192,0,0,496,0,1162,1199,45,9,27,-172,0
8196,0,0,497,0,1160,1197,45,9,27,-193,0
8200,0,0,498,0,1158,1195,44,9,26,-211,0
8204,0,0,499,0,1156,1193,44,9,26,-225,0
8208,0,0,500,0,1154,1190,43,9,26,-243,0
8212,0,0,502,0,1151,1188,43,9,26,-265,0
8216,0,0,503,0,1149,1186,42,9,25,-275,0
8220,0,0,505,0,1147,1183,42,9,25,-290,0
8224,0,0,506,0,1144,1181,41,9,25,-304,0
8228,0,0,506,0,1142,1178,40,9,24,-315,0
8232,0,0,509,0,1139,1176,40,9,24,-329,0
8236,0,0,509,0,1137,1173,39,9,24,-340,0
8240,0,0,510,0,1134,1170,39,9,24,-351,0
8244,0,0,512,0,1132,1168,38,9,23,-361,0
8248,0,0,513,0,1129,1165,37,9,23,-369,0
8252,0,0,514,0,1126,1162,37,9,23,-376,0
8256,0,0,516,0,1123,1160,36,9,22,-383,0
8260,0,0,517,0,1121,1157,35,9,22,-394,0
8264,0,0,518,0,1118,1154,35,9,22,-404,0
8268,0,0,518,0,1115,1151,34,9,21,-408,0
8272,0,0,519,0,1113,1148,34,9,21,-419,0
8276,0,0,519,0,1110,1146,33,9,21,-426,0
8280,0,0,520,0,1107,1143,32,9,20,-430,0
8284,0,0,520,0,1104,1140,32,9,20,-444,0
8288,0,0,518,0,1101,1137,32,9,20,-447,0
8292,0,0,517,0,1099,1134,31,9,20,-455,0
8296,0,0,516,0,1096,1131,31,9,20,-458,0
8300,0,0,514,0,1093,1128,31,9,20,-465,0
8304,0,0,515,0,1090,1125,31,9,20,-472,0
8308,0,0,511,0,1087,1122,31,9,20,-480,0
8312,0,0,510,0,1085,1120,32,9,20,-480,0
8316,0,0,510,0,1081,1116,32,9,20,-487,0
8320,0,0,509,0,1079,1114,32,9,20,-494,0
8324,0,0,510,0,1075,1110,32,9,20,-498,0
8328,0,0,509,0,1073,1108,32,9,20,-501,0
8332,0,0,510,0,1070,1104,32,9,20,-505,0
8336,0,0,510,0,1067,1101,32,9,20,-508,0
8340,0,0,510,0,1064,1098,32,9,20,-512,0
8344,0,0,512,0,1061,1095,32,9,20,-512,0
8348,0,0,513,0,1057,1092,32,9,20,-519,0
8352,0,0,513,0,1054,1088,32,9,20,-519,0
8356,0,0,513,0,1051,1086,32,9,20,-523,0
8360,0,0,513,0,1048,1082,32,9,20,-523,0
8364,0,0,515,0,1045,1079,32,9,20,-523,0
8368,0,0,515,0,1042,1076,32,9,20,-530,0
8372,0,0,516,0,1039,1072,32,9,20,-530,0
8376,0,0,518,0,1036,1069,31,9,20,-533,0
8380,0,0,519,0,1033,1066,31,9,20,-537,0
8384,0,0,521,0,1029,1062,31,9,20,-541,0
8388,0,0,522,0,1026,1059,30,9,19,-548,0
8392,0,0,523,0,1023,1056,30,9,19,-548,0
8396,0,0,526,0,1020,1052,29,9,19,-551,0
8400,0,0,527,0,1017,1049,29,9,19,-555,0
8404,0,0,528,0,1014,1046,28,9,18,-555,0
8408,0,0,530,0,1011,1042,28,9,18,-555,0
8412,0,0,532,0,1007,1039,27,9,18,-559,0
8416,0,0,533,0,1004,1036,26,9,17,-562,0
8420,0,0,535,0,1001,1032,26,9,17,-562,0
8424,0,0,536,0,998,1029,25,9,17,-566,0
8428,0,0,537,0,995,1026,24,9,16,-566,0
8432,0,0,539,0,992,1022,24,9,16,-566,0
8436,0,0,539,0,989,1019,23,9,16,-573,0
8440,0,0,540,0,985,1016,22,9,15,-573,0
8444,0,0,540,0,982,1012,22,9,15,-573,0
8448,0,0,539,0,979,1009,21,9,15,-573,0
8452,0,0,540,0,975,1006,21,9,15,-576,0
8456,0,0,540,0,973,1002,21,9,15,-580,0
8460,0,0,539,0,969,999,20,9,14,-580,0
8464,0,0,540,0,966,995,20,9,14,-584,0
8468,0,0,539,0,963,992,20,9,14,-584,0
8472,0,0,539,0,960,988,19,9,14,-584,0
8476,0,0,538,0,956,985,19,9,14,-587,0
8480,0,0,538,0,953,982,19,9,14,-587,0
8484,0,0,538,0,950,978,19,9,14,-584,0
8488,0,0,537,0,947,975,19,9,14,-584,0
8492,0,0,537,0,943,972,19,9,14,-584,0
8496,0,0,536,0,940,968,19,9,14,-591,0
8500,0,0,535,0,937,965,19,9,14,-587,0
8504,0,0,536,0,934,962,19,9,14,-587,0
8508,0,0,534,0,931,958,19,9,14,-591,0
8512,0,0,535,0,927,955,19,9,14,-591,0
8516,0,0,533,0,924,951,19,9,14,-591,0
8520,0,0,532,0,921,948,19,9,14,-591,0
8524,0,0,533,0,918,944,20,9,14,-587,0
8528,0,0,530,0,914,941,20,9,14,-594,0
8532,0,0,531,0,911,938,20,9,14,-594,0
8536,0,0,530,0,908,934,20,9,14,-587,0
8540,0,0,530,0,905,931,20,9,14,-594,0
8544,0,0,530,0,901,928,21,9,15,-594,0
8548,0,0,528,0,898,924,21,9,15,-594,0
8552,0,0,528,0,895,921,21,9,15,-594,0
8556,0,0,528,0,892,918,21,9,15,-591,0
8560,0,0,527,0,888,914,22,9,15,-594,0
8564,0,0,526,0,885,910,22,9,15,-591,0
8568,0,0,525,0,882,907,22,9,15,-594,0
8572,0,0,525,0,878,904,22,9,15,-598,0
8576,0,0,524,0,875,900,23,9,16,-591,0
8580,0,0,523,0,872,897,23,9,16,-594,0
8584,0,0,523,0,869,894,23,9,16,-594,0
8588,0,0,522,0,865,890,24,9,16,-594,0
8592,0,0,523,0,862,887,24,9,16,-598,0
8596,0,0,521,0,859,883,24,9,16,-594,0
8600,0,0,521,0,855,880,25,9,17,-594,0
8604,0,0,521,0,852,876,25,9,17,-598,0
8608,0,0,519,0,849,873,25,9,17,-598,0
8612,0,0,520,0,846,870,25,9,17,-594,0
8616,0,0,518,0,842,866,26,9,17,-594,0
8620,0,0,518,0,839,863,26,9,17,-598,0
8624,0,0,518,0,836,859,26,9,17,-602,0
8628,0,0,516,0,832,856,27,9,18,-598,0
8632,0,0,518,0,829,852,27,9,18,-598,0
8636,0,0,516,0,826,849,27,9,18,-602,0
8640,0,0,516,0,823,846,28,9,18,-594,0
8644,0,0,516,0,819,842,28,9,18,-594,0
8648,0,0,515,0,816,839,28,8,18,-598,0
8652,0,0,515,0,813,835,28,8,18,-601,0
8656,0,0,515,0,809,832,29,8,18,-602,0
8660,0,0,514,0,806,828,29,8,18,-598,0
8664,0,0,514,0,803,825,29,8,18,-602,0
8668,0,0,513,0,800,822,29,8,18,-598,0
8672,0,0,514,0,796,818,29,8,18,-598,0
8676,0,0,513,0,793,815,30,8,19,-601,0
8680,0,0,512,0,790,811,30,8,19,-601,0
8684,0,0,513,0,786,808,30,8,19,-605,0
8688,0,0,511,0,783,804,30,8,19,-601,0
8692,0,0,512,0,780,801,31,8,19,-602,0
8696,0,0,511,0,777,798,31,8,19,-598,0
8700,0,0,511,0,773,794,31,8,19,-605,0
8704,0,0,511,0,770,791,31,8,19,-602,0
8708,0,0,510,0,767,787,31,8,19,-602,0
8712,0,0,511,0,763,784,31,8,19,-601,0
8716,0,0,510,0,760,780,32,8,20,-601,0
8720,0,0,510,0,757,777,32,8,20,-601,0
8724,0,0,511,0,753,774,32,8,20,-598,0
8728,0,0,510,0,750,770,32,8,20,-601,0
8732,0,0,511,0,747,767,32,8,20,-602,0
8736,0,0,510,0,744,763,32,8,20,-602,0
8740,0,0,511,0,740,760,32,8,20,-605,0
8744,0,0,512,0,737,756,32,8,20,-605,0
8748,0,0,510,0,734,753,32,8,20,-602,0
8752,0,0,511,0,731,749,32,8,20,-605,0
8756,0,0,511,0,727,746,32,8,20,-601,0
8760,0,0,512,0,724,742,32,8,20,-601,0
8764,0,0,512,0,721,739,32,8,20,-601,0
8768,0,0,511,0,717,736,32,8,20,-602,0
8772,0,0,513,0,714,732,32,8,20,-605,0
8776,0,0,512,0,711,728,32,8,20,-602,0
8780,0,0,513,0,708,725,32,8,20,-602,0
8784,0,0,513,0,705,722,32,8,20,-602,0
8788,0,0,512,0,701,718,32,8,20,-602,0
8792,0,0,514,0,698,715,32,8,20,-601,0
8796,0,0,513,0,695,711,32,8,20,-605,0
8800,0,0,513,0,691,708,32,8,20,-601,0
8804,0,0,515,0,688,704,32,8,20,-602,0
8808,0,0,514,0,685,701,32,8,20,-601,0
8812,0,0,516,0,682,698,32,8,20,-602,0
8816,0,0,516,0,679,694,31,8,19,-601,0
8820,0,0,517,0,675,691,31,8,19,-602,0
8824,0,0,518,0,672,687,31,8,19,-605,0
8828,0,0,517,0,669,684,31,8,19,-598,0
8832,0,0,520,0,665,680,31,8,19,-598,0
8836,0,0,519,0,662,677,30,8,19,-601,0
8840,0,0,520,0,659,674,30,8,19,-598,0
8844,0,0,521,0,656,670,30,8,19,-601,0
8848,0,0,522,0,653,666,29,8,18,-598,0
8852,0,0,524,0,649,663,29,8,18,-598,0
8856,0,0,525,0,646,660,29,8,18,-598,0
8860,0,0,526,0,643,656,28,8,18,-598,0
8864,0,0,527,0,640,653,28,8,18,-598,0
8868,0,0,527,0,636,650,27,8,17,-602,0
8872,0,0,530,0,633,646,27,8,17,-598,0
8876,0,0,530,0,630,642,26,8,17,-598,0
8880,0,0,532,0,627,639,26,8,17,-598,0
8884,0,0,533,0,624,636,25,8,16,-594,0
8888,0,0,533,0,620,632,25,8,16,-598,0
8892,0,0,536,0,617,629,24,8,16,-598,0
8896,0,0,537,0,614,626,24,8,16,-594,0
8900,0,0,536,0,611,622,23,8,15,-594,0
8904,0,0,540,0,607,619,23,8,15,-598,0
8908,0,0,540,0,604,615,22,8,15,-598,0
8912,0,0,541,0,601,612,21,8,14,-598,0
8916,0,0,543,0,598,608,21,8,14,-594,0
8920,0,0,544,0,594,605,20,8,14,-598,0
8924,0,0,545,0,591,602,20,8,14,-594,0
8928,0,0,545,0,588,598,19,8,13,-594,0
8932,0,0,547,0,585,595,18,8,13,-598,0
8936,0,0,547,0,582,591,18,8,13,-594,0
8940,0,0,548,0,579,588,17,8,12,-598,0
8944,0,0,550,0,575,584,17,8,12,-594,0
8948,0,0,550,0,572,581,16,8,12,-598,0
8952,0,0,551,0,569,578,16,8,12,-591,0
8956,0,0,552,0,565,574,15,8,11,-594,0
8960,0,0,553,0,562,571,15,8,11,-598,0
8964,0,0,554,0,559,568,14,8,11,-594,0
8968,0,0,553,0,556,564,14,8,11,-594,0
8972,0,0,554,0,553,560,13,8,10,-591,0
8976,0,0,554,0,549,557,13,7,10,-598,0
8980,0,0,555,0,546,554,12,7,9,-594,0
8984,0,0,556,0,543,550,12,7,9,-594,0
8988,0,0,554,0,539,547,12,7,9,-594,0
8992,0,0,556,0,536,544,11,7,9,-594,0
8996,0,0,556,0,533,540,11,7,9,-598,0
9000,0,0,556,0,530,537,11,7,9,-594,0
9004,0,0,557,0,527,533,10,7,8,-594,0
9008,0,0,556,0,523,530,10,7,8,-594,0
9012,0,0,557,0,520,526,10,7,8,-594,0
9016,0,0,556,0,517,523,10,7,8,-598,0
9020,0,0,556,0,514,520,9,7,8,-591,0
9024,0,0,557,0,510,516,9,7,8,-598,0
9028,0,0,556,0,507,513,9,7,8,-598,0
9032,0,0,557,0,504,510,9,7,8,-598,0
9036,0,0,557,0,501,506,9,7,8,-594,0
9040,0,0,558,0,497,503,9,7,8,-594,0
9044,0,0,560,0,494,499,8,7,7,-598,0
9048,0,0,558,0,491,496,8,7,7,-594,0
9052,0,0,559,0,488,492,8,7,7,-598,0
9056,0,0,560,0,485,489,8,7,7,-598,0
9060,0,0,560,0,481,486,8,7,7,-598,0
9064,0,0,561,0,478,482,7,7,7,-598,0
9068,0,0,560,0,474,478,7,7,7,-598,0
9072,0,0,561,0,471,475,7,7,7,-602,0
9076,0,0,561,0,468,472,7,7,7,-594,0
9080,0,0,562,0,465,468,7,7,7,-594,0
9084,0,0,562,0,461,465,6,7,6,-598,0
9088,0,0,561,0,458,462,6,7,6,-598,0
9092,0,0,563,0,455,458,6,7,6,-598,0
9096,0,0,562,0,451,454,6,7,6,-594,0
9100,0,0,562,0,448,451,6,7,6,-602,0
9104,0,0,563,0,445,448,6,7,6,-598,0
9108,0,0,562,0,442,444,6,7,6,-594,0
9112,0,0,562,0,439,441,5,7,6,-598,0
9116,0,0,562,0,435,438,5,7,6,-602,0
9120,0,0,562,0,432,434,5,7,6,-602,0
9124,0,0,563,0,429,431,5,7,6,-594,0
9128,0,0,561,0,425,427,5,7,6,-602,0
9132,0,0,562,0,422,424,5,7,6,-598,0
9136,0,0,561,0,419,420,5,7,6,-598,0
9140,0,0,561,0,416,417,5,7,6,-598,0
9144,0,0,561,0,413,414,5,7,6,-602,0
9148,0,0,560,0,409,410,5,7,6,-601,0
9152,0,0,561,0,406,406,5,7,6,-598,0
9156,0,0,560,0,402,403,5,7,6,-602,0
9160,0,0,560,0,399,400,5,7,6,-598,0
9164,0,0,560,0,396,396,5,7,6,-598,0
9168,0,0,559,0,393,393,6,7,6,-598,0
9172,0,0,560,0,389,389,6,7,6,-598,0
9176,0,0,559,0,386,386,6,7,6,-601,0
9180,0,0,559,0,383,382,6,7,6,-602,0
9184,0,0,559,0,379,379,6,7,6,-601,0
9188,0,0,558,0,376,376,6,7,6,-602,0
9192,0,0,560,0,373,372,6,7,6,-602,0
9196,0,0,559,0,370,369,6,7,6,-602,0
9200,0,0,559,0,367,366,6,7,6,-602,0
9204,0,0,560,0,363,362,6,7,6,-602,0
9208,0,0,559,0,360,358,6,7,6,-602,0
9212,0,0,560,0,357,355,6,7,6,-605,0
9216,0,0,560,0,353,352,6,7,6,-598,0
9220,0,0,560,0,350,348,6,7,6,-601,0
9224,0,0,561,0,347,344,6,7,6,-602,0
9228,0,0,560,0,343,341,6,7,6,-598,0
9232,0,0,561,0,340,338,6,7,6,-602,0
9236,0,0,560,0,337,334,6,7,6,-602,0
9240,0,0,561,0,334,331,6,7,6,-602,0
9244,0,0,563,0,330,328,6,7,6,-598,0
9248,0,0,561,0,327,324,6,7,6,-602,0
9252,0,0,562,0,324,320,5,7,6,-602,0
9256,0,0,563,0,321,317,5,7,6,-601,0
9260,0,0,562,0,317,314,5,7,6,-602,0
9264,0,0,562,0,314,310,5,7,6,-602,0
9268,0,0,562,0,311,307,5,7,6,-602,0
9272,0,0,563,0,307,304,5,7,6,-602,0
9276,0,0,562,0,304,300,5,7,6,-602,0
9280,0,0,563,0,301,296,5,7,6,-602,0
9284,0,0,563,0,298,293,5,7,6,-602,0
9288,0,0,562,0,294,290,5,7,6,-602,0
9292,0,0,563,0,291,286,5,7,6,-598,0
9296,0,0,561,0,288,283,5,7,6,-602,0
9300,0,0,561,0,285,280,5,7,6,-594,0
9304,0,0,561,0,281,276,5,7,6,-602,0
9308,0,0,560,0,278,273,5,7,6,-602,0
9312,0,0,561,0,275,269,5,7,6,-598,0
9316,0,0,560,0,272,266,5,7,6,-598,0
9320,0,0,562,0,268,262,5,7,6,-598,0
9324,0,0,561,0,265,259,5,6,5,-602,0
9328,0,0,560,0,262,256,5,6,5,-598,0
9332,0,0,561,0,258,252,5,6,5,-602,0
9336,0,0,560,0,255,249,5,6,5,-601,0
9340,0,0,560,0,252,246,5,6,5,-602,0
9344,0,0,561,0,249,242,5,6,5,-598,0
9348,0,0,560,0,246,239,5,6,5,-594,0
9352,0,0,560,0,242,235,5,6,5,-602,0
9356,0,0,560,0,239,232,5,6,5,-594,0
9360,0,0,560,0,236,228,5,6,5,-594,0
9364,0,0,561,0,233,225,5,6,5,-598,0
9368,0,0,560,0,229,222,5,6,5,-598,0
9372,0,0,561,0,226,218,5,6,5,-594,0
9376,0,0,560,0,223,215,5,6,5,-594,0
9380,0,0,560,0,220,212,6,6,6,-594,0
9384,0,0,560,0,216,208,6,6,6,-598,0
9388,0,0,559,0,213,205,6,6,6,-594,0
9392,0,0,559,0,210,201,6,6,6,-598,0
9396,0,0,559,0,207,198,6,6,6,-594,0
9400,0,0,559,0,203,194,6,6,6,-598,0
9404,0,0,558,0,200,191,6,6,6,-594,0
9408,0,0,557,0,197,188,6,6,6,-594,0
9412,0,0,558,0,194,184,6,6,6,-591,0
9416,0,0,556,0,190,181,6,6,6,-598,0
9420,0,0,556,0,187,178,7,6,6,-594,0
9424,0,0,556,0,184,174,7,6,6,-594,0
9428,0,0,555,0,181,171,7,6,6,-594,0
9432,0,0,556,0,177,167,7,6,6,-594,0
9436,0,0,554,0,174,164,7,6,6,-594,0
9440,0,0,555,0,171,161,7,6,6,-591,0
9444,0,0,554,0,168,157,7,6,6,-594,0
9448,0,0,553,0,164,154,8,6,7,-594,0
9452,0,0,554,0,161,150,8,6,7,-591,0
9456,0,0,551,0,158,147,8,6,7,-594,0
9460,0,0,552,0,155,144,8,6,7,-594,0
9464,0,0,552,0,151,140,9,6,7,-594,0
9468,0,0,550,0,148,137,9,6,7,-594,0
9472,0,0,551,0,145,133,9,6,7,-594,0
9476,0,0,550,0,142,130,9,6,7,-594,0
9480,0,0,550,0,138,126,9,6,7,-598,0
9484,0,0,549,0,135,123,10,6,8,-594,0
9488,0,0,548,0,132,120,10,6,8,-594,0
9492,0,0,548,0,129,116,10,6,8,-594,0
9496,0,0,547,0,125,113,10,6,8,-598,0
9500,0,0,547,0,122,109,11,6,8,-594,0
9504,0,0,547,0,119,106,11,6,8,-594,0
9508,0,0,545,0,115,102,11,6,8,-594,0
9512,0,0,547,0,112,99,11,6,8,-602,0
9516,0,0,546,0,109,96,12,6,9,-594,0
9520,0,0,546,0,106,92,12,6,9,-594,0
9524,0,0,546,0,103,89,12,6,9,-598,0
9528,0,0,546,0,99,85,12,6,9,-598,0
9532,0,0,546,0,96,82,12,6,9,-594,0
9536,0,0,545,0,92,78,12,6,9,-594,0
9540,0,0,547,0,89,75,12,6,9,-602,0
9544,0,0,546,0,86,72,13,6,9,-598,0
9548,0,0,545,0,83,68,13,6,9,-602,0
9552,0,0,546,0,79,65,13,6,9,-601,0
9556,0,0,546,0,76,61,13,6,9,-598,0
9560,0,0,547,0,73,58,13,6,9,-602,0
9564,0,0,547,0,69,54,13,6,9,-598,0
9568,0,0,547,0,66,51,13,6,9,-602,0
9572,0,0,548,0,63,48,13,6,9,-602,0
9576,0,0,548,0,59,44,13,6,9,-598,0
9580,0,0,550,0,56,41,13,6,9,-601,0
9584,0,0,550,0,53,37,13,6,9,-598,0
9588,0,0,550,0,50,34,12,6,9,-601,0
9592,0,0,552,0,46,30,12,6,9,-602,0
9596,0,0,551,0,43,27,12,6,9,-602,0
9600,0,0,553,0,40,24,12,6,9,-602,0
9604,0,0,553,0,36,20,12,6,9,-605,0
9608,0,0,553,0,33,17,11,6,8,-605,0
9612,0,0,555,0,30,13,11,6,8,-598,0
9616,0,0,555,0,27,10,11,6,8,-601,0
9620,0,0,555,0,23,6,11,6,8,-605,0
9624,0,0,557,0,20,3,10,6,8,-601,0
9628,0,0,556,0,17,0,10,6,8,-602,0
9632,0,0,558,0,13,-4,10,6,8,-602,0
9636,0,0,557,0,10,-7,10,6,8,-605,0
9640,0,0,558,0,7,-10,9,6,7,-598,0
9644,0,0,559,0,3,-14,9,6,7,-602,0
9648,0,0,559,0,0,-17,9,6,7,-602,0
9652,0,0,561,0,-3,-21,8,6,7,-602,0
9656,0,0,561,0,-7,-24,8,6,7,-602,0
9660,0,0,562,0,-10,-28,8,6,7,-601,0
9664,0,0,563,0,-13,-31,7,6,6,-605,0
9668,0,0,564,0,-16,-34,7,6,6,-598,0
9672,0,0,565,0,-20,-38,7,6,6,-605,0
9676,0,0,566,0,-23,-41,6,6,6,-605,0
9680,0,0,568,0,-26,-45,6,6,6,-602,0
9684,0,0,570,0,-30,-48,5,6,5,-605,0
9688,0,0,570,0,-33,-52,5,6,5,-602,0
9692,0,0,572,0,-36,-55,4,6,5,-601,0
9696,0,0,573,0,-39,-58,4,6,5,-598,0
9700,0,0,575,0,-43,-62,3,6,4,-601,0
9704,0,0,576,0,-46,-65,2,6,4,-598,0
9708,0,0,579,0,-49,-68,2,6,4,-598,0
9712,0,0,581,0,-53,-72,1,6,3,-602,0
9716,0,0,582,0,-56,-75,0,6,3,-602,0
9720,0,0,586,0,-59,-79,0,5,2,-601,0
9724,0,0,587,0,-62,-82,0,5,2,-598,0
9728,0,0,588,0,-66,-86,-1,5,2,-601,0
9732,0,0,593,0,-69,-89,-2,5,1,-602,0
9736,0,0,593,0,-72,-92,-3,5,1,-598,0
9740,0,0,595,0,-76,-96,-4,5,0,-602,0
9744,0,0,598,0,-79,-99,-5,5,0,-602,0
9748,0,0,598,0,-82,-102,-6,5,0,-601,0
9752,0,0,601,0,-85,-106,-7,5,-1,-598,0
9756,0,0,601,0,-89,-110,-8,5,-1,-601,0
9760,0,0,602,0,-92,-113,-9,5,-2,-602,0
9764,0,0,603,0,-95,-116,-9,5,-2,-598,0
9768,0,0,603,0,-99,-120,-10,5,-2,-598,0
9772,0,0,605,0,-102,-123,-11,5,-3,-598,0
9776,0,0,606,0,-105,-126,-12,5,-3,-598,0
9780,0,0,607,0,-108,-130,-12,5,-3,-594,0
9784,0,0,609,0,-111,-133,-13,5,-4,-594,0
9788,0,0,609,0,-115,-136,-14,5,-4,-602,0
9792,0,0,611,0,-118,-140,-15,5,-5,-598,0
9796,0,0,611,0,-121,-143,-15,5,-5,-598,0
9800,0,0,613,0,-125,-147,-16,5,-5,-598,0
9804,0,0,615,0,-128,-150,-17,5,-6,-598,0
9808,0,0,615,0,-131,-154,-17,5,-6,-598,0
9812,0,0,616,0,-134,-157,-18,5,-6,-598,0
9816,0,0,617,0,-137,-160,-19,5,-7,-598,0
9820,0,0,618,0,-141,-164,-19,5,-7,-598,0
9824,0,0,619,0,-144,-167,-20,5,-7,-598,0
9828,0,0,619,0,-147,-170,-20,5,-7,-594,0
9832,0,0,621,0,-151,-174,-21,5,-8,-598,0
9836,0,0,621,0,-154,-177,-22,5,-8,-598,0
9840,0,0,622,0,-157,-181,-22,5,-8,-598,0
9844,0,0,623,0,-160,-184,-23,5,-9,-594,0
9848,0,0,624,0,-164,-188,-23,5,-9,-594,0
9852,0,0,625,0,-167,-191,-24,5,-9,-598,0
9856,0,0,624,0,-170,-194,-24,5,-9,-594,0
9860,0,0,625,0,-174,-198,-25,5,-10,-594,0
9864,0,0,626,0,-177,-201,-25,5,-10,-598,0
9868,0,0,626,0,-180,-204,-26,5,-10,-602,0
9872,0,0,627,0,-183,-208,-26,5,-10,-594,0
9876,0,0,627,0,-187,-211,-26,5,-10,-598,0
9880,0,0,628,0,-190,-215,-27,5,-11,-601,0
9884,0,0,629,0,-193,-218,-27,5,-11,-598,0
9888,0,0,628,0,-197,-222,-28,5,-11,-591,0
9892,0,0,629,0,-200,-225,-28,5,-11,-598,0
9896,0,0,628,0,-203,-228,-28,5,-11,-598,0
9900,0,0,629,0,-206,-232,-28,5,-11,-598,0
9904,0,0,630,0,-209,-235,-29,5,-12,-594,0
9908,0,0,630,0,-213,-239,-29,5,-12,-602,0
9912,0,0,631,0,-216,-242,-29,5,-12,-598,0
9916,0,0,631,0,-219,-246,-30,5,-12,-594,0
9920,0,0,632,0,-223,-249,-30,5,-12,-598,0
9924,0,0,632,0,-226,-252,-30,5,-12,-598,0
9928,0,0,632,0,-229,-256,-30,5,-12,-601,0
9932,0,0,634,0,-232,-259,-31,5,-13,-594,0
9936,0,0,634,0,-236,-263,-31,5,-13,-602,0
9940,0,0,634,0,-239,-266,-31,5,-13,-598,0
9944,0,0,635,0,-242,-270,-32,5,-13,-598,0
9948,0,0,635,0,-246,-273,-32,5,-13,-601,0
9952,0,0,637,0,-249,-276,-32,5,-13,-598,0
9956,0,0,637,0,-252,-280,-33,5,-14,-601,0
9960,0,0,637,0,-255,-284,-33,5,-14,-598,0
9964,0,0,638,0,-259,-287,-33,5,-14,-602,0
9968,0,0,638,0,-262,-290,-33,5,-14,-598,0
9972,0,0,639,0,-265,-294,-34,5,-14,-598,0
9976,0,0,639,0,-268,-297,-34,5,-14,-598,0
9980,0,0,640,0,-272,-300,-34,5,-14,-598,0
9984,0,0,641,0,-275,-304,-35,5,-15,-601,0
9988,0,0,641,0,-278,-307,-35,5,-15,-601,0
9992,0,0,641,0,-281,-311,-35,5,-15,-598,0
9996,0,0,641,0,-285,-314,-35,5,-15,-598,0
10000,0,0,641,0,-288,-318,-36,5,-15,-598,0
10004,0,0,642,0,-291,-321,-36,5,-15,-602,0
10008,0,0,642,0,-294,-324,-36,5,-15,-594,0
10012,0,0,642,0,-297,-328,-36,5,-15,-598,0
10016,0,0,642,0,-301,-331,-37,5,-16,-602,0
10020,0,0,642,0,-304,-335,-37,5,-16,-598,0
10024,0,0,642,0,-307,-338,-37,5,-16,-598,0
10028,0,0,643,0,-310,-342,-37,5,-16,-594,0
10032,0,0,643,0,-313,-345,-37,5,-16,-598,0
10036,0,0,644,0,-317,-348,-37,5,-16,-594,0
10040,0,0,644,0,-320,-352,-38,5,-16,-594,0
10044,0,0,644,0,-323,-355,-38,5,-16,-598,0
10048,0,0,644,0,-326,-358,-38,5,-16,-591,0
10052,0,0,645,0,-329,-362,-38,5,-16,-598,0
10056,0,0,644,0,-333,-365,-38,5,-16,-594,0
10060,0,0,645,0,-336,-369,-38,5,-16,-598,0
10064,0,0,645,0,-339,-372,-39,5,-17,-591,0
10068,0,0,646,0,-343,-376,-39,5,-17,-591,0
10072,0,0,645,0,-346,-379,-39,5,-17,-598,0
10076,0,0,644,0,-349,-382,-39,5,-17,-594,0
10080,0,0,645,0,-352,-386,-39,5,-17,-591,0
10084,0,0,645,0,-355,-389,-39,5,-17,-591,0
10088,0,0,645,0,-359,-392,-39,5,-17,-591,0
10092,0,0,646,0,-362,-396,-39,5,-17,-594,0
10096,0,0,645,0,-365,-399,-39,5,-17,-594,0
10100,0,0,646,0,-368,-402,-39,4,-17,-591,0
,,,,,,,,,,,
