0,0,0,544,0,3,-2,100,0,50,0,0
4,0,0,543,0,3,-2,100,0,50,3,0
8,0,0,544,0,3,-2,100,0,50,3,0
12,0,0,544,0,3,-2,100,0,50,3,0
16,0,0,545,0,3,-1,100,1,50,3,0
20,0,0,544,0,3,-1,100,1,50,7,0
24,0,0,544,0,3,-1,100,1,50,7,0
28,0,0,544,0,3,-1,100,2,51,7,0
32,0,0,544,0,3,0,100,2,51,7,0
36,0,0,544,0,3,0,100,2,51,10,0
40,0,0,544,0,3,0,100,2,51,10,0
44,0,0,543,0,3,0,100,3,51,10,0
48,0,0,543,0,3,1,100,3,51,10,0
52,0,0,543,0,2,1,97,3,50,14,0
56,0,0,543,0,2,2,90,3,46,10,0
60,0,0,543,0,2,2,83,4,43,14,0
64,0,0,542,0,2,2,77,4,40,14,0
68,0,0,542,0,2,3,72,4,38,14,0
72,0,0,542,0,2,3,67,4,35,17,0
76,0,0,542,0,2,4,63,4,33,17,0
80,0,0,542,0,2,4,59,4,31,21,0
84,0,0,541,0,2,5,56,5,30,21,0
88,0,0,542,0,2,5,53,5,29,25,0
92,0,0,542,0,2,6,50,5,27,25,0
96,0,0,543,0,2,6,47,5,26,28,0
100,0,0,542,0,2,6,45,5,25,28,0
104,0,0,542,0,2,7,43,5,24,28,0
108,0,0,543,0,2,8,41,4,22,28,0
112,0,0,543,0,3,8,39,4,21,32,0
116,0,0,543,0,3,8,38,4,21,35,0
120,0,0,543,0,3,9,36,3,19,32,0
124,0,0,544,0,3,9,35,3,19,35,0
128,0,0,544,0,3,9,34,2,18,35,0
132,0,0,545,0,3,10,33,2,17,39,0
136,0,0,546,0,3,10,32,2,17,35,0
140,0,0,546,0,3,10,31,1,16,35,0
144,0,0,546,0,3,11,30,1,15,35,0
148,0,0,547,0,3,11,29,1,15,39,0
152,0,0,546,0,3,11,28,0,14,35,0
156,0,0,546,0,2,11,28,0,14,39,0
160,0,0,547,0,2,11,27,0,13,32,0
164,0,0,546,0,2,11,27,0,13,32,0
168,0,0,546,0,2,11,26,0,13,32,0
172,0,0,545,0,2,11,26,0,13,28,0
176,0,0,546,0,2,11,25,-1,12,28,0
180,0,0,547,0,1,11,25,-1,12,25,0
184,0,0,547,0,1,11,25,-1,12,21,0
188,0,0,547,0,1,11,24,-1,11,17,0
192,0,0,547,0,1,11,24,-1,11,17,0
196,0,0,546,0,1,11,24,-1,11,14,0
200,0,0,546,0,1,11,24,-1,11,14,0
204,0,0,545,0,0,11,24,-1,11,7,0
208,0,0,545,0,0,11,23,-1,11,7,0
212,0,0,545,0,0,11,23,-1,11,3,0
216,0,0,544,0,0,11,23,-1,11,0,0
220,0,0,545,0,0,11,23,-1,11,0,0
224,0,0,545,0,-1,11,23,0,11,-3,0
228,0,0,545,0,-1,11,23,0,11,-7,0
232,0,0,545,0,-1,11,23,0,11,-10,0
236,0,0,545,0,-1,10,23,0,11,-10,0
240,0,0,545,0,-2,10,23,0,11,-14,0
244,0,0,544,0,-2,10,23,0,11,-17,0
248,0,0,544,0,-2,10,23,0,11,-21,0
252,0,0,545,0,-2,10,23,1,12,-21,0
256,0,0,545,0,-3,9,23,1,12,-21,0
260,0,0,546,0,-3,9,23,2,12,-25,0
264,0,0,546,0,-3,9,23,2,12,-25,0
268,0,0,546,0,-4,8,23,2,12,-25,0
272,0,0,546,0,-4,8,23,3,13,-32,0
276,0,0,546,0,-4,8,23,3,13,-32,0
280,0,0,546,0,-5,8,23,3,13,-32,0
284,0,0,546,0,-5,8,22,4,13,-32,0
288,0,0,548,0,-5,7,22,4,13,-32,0
292,0,0,548,0,-5,7,22,4,13,-35,0
296,0,0,547,0,-6,7,22,4,13,-35,0
300,0,0,547,0,-6,6,22,5,13,-39,0
304,0,0,547,0,-6,6,22,5,13,-39,0
308,0,0,547,0,-6,6,22,5,13,-39,0
312,0,0,547,0,-6,6,22,5,13,-39,0
316,0,0,548,0,-7,6,22,5,13,-39,0
320,0,0,549,0,-7,6,22,5,13,-43,0
324,0,0,548,0,-7,6,22,5,13,-43,0
328,0,0,549,0,-7,5,21,5,13,-39,0
332,0,0,549,0,-7,5,21,5,13,-43,0
336,0,0,549,0,-8,5,21,5,13,-46,0
340,0,0,549,0,-8,5,21,5,13,-43,0
344,0,0,548,0,-8,5,21,5,13,-39,0
348,0,0,548,0,-8,5,21,5,13,-39,0
352,0,0,548,0,-8,5,21,5,13,-39,0
356,0,0,548,0,-8,5,21,5,13,-39,0
360,0,0,549,0,-8,5,21,5,13,-32,0
364,0,0,549,0,-8,5,21,5,13,-32,0
368,0,0,549,0,-8,5,21,6,13,-32,0
372,0,0,549,0,-8,5,21,6,13,-25,0
376,0,0,549,0,-8,5,21,6,13,-25,0
380,0,0,550,0,-8,5,21,6,13,-25,0
384,0,0,549,0,-8,5,21,6,13,-21,0
388,0,0,549,0,-8,6,21,7,14,-21,0
392,0,0,548,0,-8,6,21,7,14,-14,0
396,0,0,549,0,-8,6,21,7,14,-14,0
400,0,0,549,0,-8,6,21,7,14,-10,0
404,0,0,548,0,-8,6,21,7,14,-7,0
408,0,0,548,0,-8,6,21,8,14,-7,0
412,0,0,547,0,-8,7,21,8,14,-7,0
416,0,0,547,0,-8,7,21,8,14,-3,0
420,0,0,548,0,-8,7,21,8,14,0,0
424,0,0,547,0,-8,8,21,8,14,0,0
428,0,0,547,0,-7,8,21,8,14,3,0
432,0,0,547,0,-7,8,21,8,14,10,0
436,0,0,547,0,-7,8,21,8,14,14,0
440,0,0,547,0,-7,9,21,9,15,14,0
444,0,0,547,0,-7,9,21,9,15,17,0
448,0,0,547,0,-6,10,21,9,15,17,0
452,0,0,546,0,-6,11,21,9,15,25,0
456,0,0,546,0,-6,11,21,9,15,28,0
460,0,0,546,0,-6,12,21,8,14,28,0
464,0,0,546,0,-5,12,21,8,14,32,0
468,0,0,546,0,-5,13,21,8,14,35,0
472,0,0,546,0,-4,13,22,8,15,39,0
476,0,0,546,0,-4,14,22,8,15,46,0
480,0,0,545,0,-3,15,22,8,15,46,0
484,0,0,545,0,-3,16,22,7,14,53,0
488,0,0,546,0,-2,16,22,7,14,57,0
492,0,0,546,0,-1,17,22,7,14,57,0
496,0,0,547,0,-1,18,22,7,14,64,0
500,0,0,547,0,0,18,22,7,14,68,0
504,0,0,548,0,1,19,22,6,14,71,0
508,0,0,549,0,1,20,22,6,14,78,0
512,0,0,550,0,2,20,21,6,13,82,0
516,0,0,551,0,2,21,21,6,13,82,0
520,0,0,551,0,3,22,21,6,13,86,0
524,0,0,551,0,4,22,21,6,13,93,0
528,0,0,551,0,4,23,21,6,13,93,0
532,0,0,551,0,4,24,20,6,13,93,0
536,0,0,551,0,5,24,20,6,13,96,0
540,0,0,551,0,5,25,20,6,13,100,0
544,0,0,551,0,6,25,20,5,12,100,0
548,0,0,551,0,6,26,20,5,12,103,0
552,0,0,550,0,6,26,20,5,12,100,0
556,0,0,550,0,6,27,20,5,12,96,0
560,0,0,550,0,7,27,20,5,12,100,0
564,0,0,549,0,7,28,20,5,12,100,0
568,0,0,550,0,7,28,20,5,12,100,0
572,0,0,549,0,8,28,20,5,12,96,0
576,0,0,549,0,8,29,20,5,12,93,0
580,0,0,549,0,8,29,20,5,12,96,0
584,0,0,549,0,8,29,20,4,12,89,0
588,0,0,550,0,8,30,20,4,12,89,0
592,0,0,549,0,8,30,20,4,12,85,0
596,0,0,550,0,8,30,20,4,12,78,0
600,0,0,550,0,8,30,20,4,12,75,0
604,0,0,550,0,8,30,20,4,12,71,0
608,0,0,550,0,8,30,20,3,11,64,0
612,0,0,550,0,8,30,20,3,11,60,0
616,0,0,550,0,8,30,20,3,11,57,0
620,0,0,550,0,8,30,20,3,11,53,0
624,0,0,549,0,8,30,20,2,11,46,0
628,0,0,550,0,8,30,20,2,11,42,0
632,0,0,550,0,8,30,20,2,11,39,0
636,0,0,550,0,8,30,20,1,10,35,0
640,0,0,550,0,8,30,20,1,10,32,0
644,0,0,550,0,8,30,20,0,10,28,0
648,0,0,550,0,8,30,20,0,10,25,0
652,0,0,550,0,8,30,20,0,10,21,0
656,0,0,550,0,8,30,20,0,10,21,0
660,0,0,550,0,8,30,20,0,10,17,0
664,0,0,550,0,8,30,20,-1,9,14,0
668,0,0,550,0,8,30,20,-1,9,10,0
672,0,0,550,0,8,30,20,-2,9,10,0
676,0,0,550,0,8,30,20,-2,9,7,0
680,0,0,550,0,8,30,20,-3,8,3,0
684,0,0,550,0,8,30,20,-3,8,3,0
688,0,0,550,0,8,30,20,-4,8,0,0
692,0,0,550,0,8,30,20,-4,8,0,0
696,0,0,550,0,7,30,20,-5,7,0,0
700,0,0,550,0,7,30,20,-5,7,-3,0
704,0,0,550,0,7,30,20,-5,7,-3,0
708,0,0,550,0,7,30,20,-6,7,-3,0
712,0,0,550,0,7,30,20,-6,7,-3,0
716,0,0,550,0,7,30,20,-6,7,-3,0
720,0,0,550,0,7,30,20,-7,6,-3,0
724,0,0,550,0,7,30,20,-7,6,-3,0
728,0,0,551,0,7,30,20,-7,6,-3,0
732,0,0,550,0,7,30,20,-7,6,-3,0
736,0,0,550,0,7,30,20,-7,6,-3,0
740,0,0,551,0,7,30,20,-7,6,-3,0
744,0,0,550,0,7,30,20,-7,6,-3,0
748,0,0,550,0,7,30,20,-7,6,-3,0
752,0,0,550,0,7,30,20,-7,6,-3,0
756,0,0,550,0,7,30,20,-7,6,-3,0
760,0,0,550,0,7,30,20,-7,6,-3,0
764,0,0,550,0,7,30,20,-7,6,-3,0
768,0,0,550,0,7,30,20,-7,6,-3,0
772,0,0,550,0,7,30,20,-6,7,-3,0
776,0,0,550,0,7,30,20,-6,7,-3,0
780,0,0,550,0,7,30,20,-6,7,-3,0
784,0,0,550,0,7,30,20,-5,7,-3,0
788,0,0,550,0,7,30,20,-5,7,-3,0
792,0,0,550,0,7,30,20,-4,8,-3,0
796,0,0,550,0,8,30,20,-4,8,-3,0
800,0,0,550,0,8,30,20,-3,8,3,0
804,0,0,549,0,8,30,20,-3,8,3,0
808,0,0,550,0,8,30,20,-2,9,3,0
812,0,0,550,0,8,30,20,-2,9,3,0
816,0,0,550,0,8,30,20,-1,9,3,0
820,0,0,550,0,8,30,20,-1,9,3,0
824,0,0,550,0,8,31,20,0,10,3,0
828,0,0,550,0,8,31,20,0,10,7,0
832,0,0,550,0,8,31,20,0,10,7,0
836,0,0,550,0,8,31,20,0,10,7,0
840,0,0,550,0,8,31,20,0,10,7,0
844,0,0,549,0,8,31,20,0,10,7,0
848,0,0,550,0,8,31,20,1,10,7,0
852,0,0,550,0,8,32,20,1,10,7,0
856,0,0,550,0,8,32,20,1,10,10,0
860,0,0,550,0,9,32,20,1,10,10,0
864,0,0,550,0,9,32,20,1,10,14,0
868,0,0,550,0,9,32,20,1,10,14,0
872,0,0,550,0,9,32,20,2,11,14,0
876,0,0,550,0,9,32,20,2,11,14,0
880,0,0,551,0,9,32,20,2,11,14,0
884,0,0,550,0,10,32,20,2,11,14,0
888,0,0,551,0,10,33,20,2,11,17,0
892,0,0,551,0,10,33,20,2,11,21,0
896,0,0,551,0,10,33,19,2,10,21,0
900,0,0,551,0,10,34,19,2,10,17,0
904,0,0,551,0,10,34,19,2,10,21,0
908,0,0,551,0,10,34,19,2,10,21,0
912,0,0,551,0,11,35,19,2,10,25,0
916,0,0,551,0,11,35,19,2,10,28,0
920,0,0,552,0,11,35,19,2,10,28,0
924,0,0,552,0,11,35,19,2,10,28,0
928,0,0,552,0,11,36,19,2,10,25,0
932,0,0,553,0,12,36,19,1,10,28,0
936,0,0,552,0,12,36,19,1,10,32,0
940,0,0,552,0,12,36,19,1,10,32,0
944,0,0,551,0,12,36,19,1,10,32,0
948,0,0,552,0,12,37,19,1,10,32,0
952,0,0,552,0,12,37,19,1,10,35,0
956,0,0,552,0,13,37,19,1,10,32,0
960,0,0,553,0,13,38,19,1,10,39,0
964,0,0,552,0,13,38,19,1,10,35,0
968,0,0,553,0,13,38,19,1,10,35,0
972,0,0,553,0,13,38,19,1,10,35,0
976,0,0,553,0,14,39,18,1,9,39,0
980,0,0,554,0,14,39,18,1,9,43,0
984,0,0,553,0,14,40,18,1,9,43,0
988,0,0,553,0,14,40,18,0,9,43,0
992,0,0,553,0,14,40,18,0,9,39,0
996,0,0,553,0,15,41,18,0,9,39,0
1000,0,0,553,0,15,41,18,0,9,46,0
1004,0,0,554,0,15,42,18,0,9,43,0
1008,0,0,555,0,15,42,18,0,9,46,0
1012,0,0,555,0,16,42,18,0,9,46,0
1016,0,0,554,0,16,43,18,0,9,42,0
1020,0,0,555,0,16,43,18,0,9,46,0
1024,0,0,555,0,17,44,18,0,9,46,0
1028,0,0,555,0,17,44,17,0,8,53,0
1032,0,0,555,0,17,44,17,0,8,50,0
1036,0,0,556,0,18,45,17,0,8,50,0
1040,0,0,556,0,18,46,17,0,8,53,0
1044,0,0,556,0,18,46,17,0,8,57,0
1048,0,0,556,0,19,46,17,0,8,57,0
1052,0,0,556,0,19,47,17,0,8,57,0
1056,0,0,557,0,19,48,17,0,8,60,0
1060,0,0,558,0,20,48,17,0,8,57,0
1064,0,0,557,0,20,48,16,0,8,60,0
1068,0,0,557,0,21,49,16,0,8,64,0
1072,0,0,558,0,21,50,16,0,8,68,0
1076,0,0,557,0,21,50,16,-1,7,68,0
1080,0,0,558,0,22,51,16,-1,7,68,0
1084,0,0,558,0,22,52,16,-1,7,71,0
1088,0,0,559,0,23,52,16,-1,7,71,0
1092,0,0,559,0,23,53,16,-1,7,75,0
1096,0,0,560,0,24,53,15,-1,7,82,0
1100,0,0,560,0,24,54,15,-1,7,75,0
1104,0,0,560,0,25,55,15,-1,7,82,0
1108,0,0,561,0,26,56,15,-1,7,82,0
1112,0,0,561,0,26,56,15,-1,7,85,0
1116,0,0,561,0,27,57,15,-2,6,85,0
1120,0,0,563,0,28,58,14,-2,6,89,0
1124,0,0,563,0,28,59,14,-2,6,96,0
1128,0,0,563,0,29,59,14,-2,6,93,0
1132,0,0,563,0,29,60,14,-2,6,96,0
1136,0,0,563,0,30,61,13,-2,5,96,0
1140,0,0,564,0,31,62,13,-2,5,100,0
1144,0,0,564,0,31,62,13,-2,5,103,0
1148,0,0,565,0,32,63,13,-2,5,107,0
1152,0,0,565,0,33,64,13,-2,5,107,0
1156,0,0,566,0,34,65,12,-2,5,111,0
1160,0,0,566,0,34,66,12,-2,5,114,0
1164,0,0,565,0,35,66,12,-2,5,114,0
1168,0,0,568,0,36,68,12,-3,4,114,0
1172,0,0,569,0,37,68,11,-3,4,121,0
1176,0,0,569,0,37,69,11,-3,4,121,0
1180,0,0,571,0,38,70,11,-3,4,121,0
1184,0,0,571,0,39,71,10,-3,3,125,0
1188,0,0,572,0,40,72,10,-3,3,129,0
1192,0,0,573,0,40,73,10,-3,3,132,0
1196,0,0,574,0,41,74,9,-3,3,128,0
1200,0,0,575,0,42,74,9,-3,3,136,0
1204,0,0,575,0,43,76,8,-3,2,132,0
1208,0,0,575,0,44,76,8,-3,2,139,0
1212,0,0,576,0,44,77,8,-3,2,136,0
1216,0,0,577,0,45,78,7,-3,2,139,0
1220,0,0,577,0,46,79,7,-3,2,139,0
1224,0,0,578,0,47,80,6,-3,1,139,0
1228,0,0,578,0,48,81,6,-3,1,143,0
1232,0,0,579,0,48,82,6,-3,1,146,0
1236,0,0,579,0,49,83,5,-3,1,146,0
1240,0,0,580,0,50,84,5,-3,1,146,0
1244,0,0,580,0,51,85,5,-3,1,146,0
1248,0,0,581,0,52,86,4,-4,0,150,0
1252,0,0,582,0,53,87,4,-4,0,154,0
1256,0,0,583,0,54,88,4,-4,0,154,0
1260,0,0,584,0,55,89,3,-4,0,154,0
1264,0,0,585,0,56,90,3,-4,0,157,0
1268,0,0,587,0,57,91,2,-4,-1,161,0
1272,0,0,588,0,58,92,2,-4,-1,157,0
1276,0,0,588,0,59,93,1,-4,-1,161,0
1280,0,0,589,0,60,94,1,-4,-1,164,0
1284,0,0,590,0,61,95,0,-4,-2,164,0
1288,0,0,589,0,62,96,0,-4,-2,164,0
1292,0,0,590,0,63,97,0,-4,-2,164,0
1296,0,0,591,0,64,98,0,-4,-2,168,0
1300,0,0,592,0,65,99,0,-4,-2,168,0
1304,0,0,593,0,66,100,-1,-4,-2,172,0
1308,0,0,594,0,67,101,-1,-4,-2,168,0
1312,0,0,595,0,68,102,-2,-4,-3,172,0
1316,0,0,596,0,69,103,-2,-4,-3,175,0
1320,0,0,597,0,70,104,-3,-4,-3,175,0
1324,0,0,598,0,70,106,-3,-4,-3,175,0
1328,0,0,599,0,72,107,-4,-4,-4,179,0
1332,0,0,600,0,72,108,-4,-4,-4,179,0
1336,0,0,601,0,74,108,-5,-4,-4,182,0
1340,0,0,602,0,75,110,-5,-4,-4,179,0
1344,0,0,602,0,76,111,-6,-4,-5,182,0
1348,0,0,604,0,77,112,-6,-4,-5,182,0
1352,0,0,604,0,78,113,-7,-4,-5,182,0
1356,0,0,605,0,79,114,-7,-4,-5,182,0
1360,0,0,605,0,80,115,-8,-4,-6,182,0
1364,0,0,606,0,81,116,-8,-4,-6,182,0
1368,0,0,607,0,82,117,-9,-4,-6,182,0
1372,0,0,607,0,83,118,-9,-4,-6,182,0
1376,0,0,609,0,84,119,-10,-4,-7,182,0
1380,0,0,609,0,85,120,-10,-4,-7,182,0
1384,0,0,609,0,86,121,-11,-4,-7,182,0
1388,0,0,610,0,87,122,-11,-4,-7,182,0
1392,0,0,611,0,88,123,-11,-4,-7,182,0
1396,0,0,611,0,89,124,-12,-4,-8,182,0
1400,0,0,612,0,90,125,-12,-4,-8,182,0
1404,0,0,612,0,91,126,-13,-4,-8,186,0
1408,0,0,612,0,92,128,-13,-4,-8,182,0
1412,0,0,613,0,93,128,-13,-4,-8,186,0
1416,0,0,613,0,94,130,-14,-4,-9,182,0
1420,0,0,615,0,95,131,-14,-4,-9,186,0
1424,0,0,615,0,96,132,-15,-3,-9,186,0
1428,0,0,615,0,98,133,-15,-3,-9,182,0
1432,0,0,616,0,99,134,-15,-3,-9,186,0
1436,0,0,616,0,100,135,-16,-3,-9,186,0
1440,0,0,617,0,101,136,-16,-3,-9,189,0
1444,0,0,617,0,102,137,-16,-3,-9,186,0
1448,0,0,618,0,103,138,-17,-3,-10,186,0
1452,0,0,618,0,104,140,-17,-3,-10,186,0
1456,0,0,618,0,105,140,-17,-3,-10,189,0
1460,0,0,619,0,106,142,-17,-3,-10,186,0
1464,0,0,619,0,107,143,-18,-3,-10,189,0
1468,0,0,620,0,108,144,-18,-3,-10,189,0
1472,0,0,620,0,109,145,-18,-3,-10,189,0
1476,0,0,620,0,110,146,-19,-3,-11,193,0
1480,0,0,621,0,112,147,-19,-3,-11,193,0
1484,0,0,621,0,113,148,-19,-3,-11,193,0
1488,0,0,622,0,114,149,-19,-3,-11,193,0
1492,0,0,622,0,115,150,-20,-3,-11,193,0
1496,0,0,622,0,116,151,-20,-3,-11,193,0
1500,0,0,623,0,117,152,-20,-3,-11,193,0
1504,0,0,623,0,118,154,-20,-3,-11,189,0
1508,0,0,623,0,119,155,-21,-3,-12,197,0
1512,0,0,624,0,120,156,-21,-3,-12,193,0
1516,0,0,624,0,121,157,-21,-3,-12,197,0
1520,0,0,624,0,122,158,-21,-3,-12,197,0
1524,0,0,624,0,124,159,-22,-3,-12,197,0
1528,0,0,625,0,125,160,-22,-3,-12,197,0
1532,0,0,625,0,126,161,-22,-3,-12,193,0
1536,0,0,625,0,127,162,-22,-3,-12,197,0
1540,0,0,626,0,128,164,-22,-3,-12,193,0
1544,0,0,626,0,130,165,-23,-3,-13,197,0
1548,0,0,627,0,130,166,-23,-3,-13,200,0
1552,0,0,627,0,132,167,-23,-2,-12,200,0
1556,0,0,627,0,133,168,-23,-2,-12,197,0
1560,0,0,627,0,134,169,-23,-2,-12,200,0
1564,0,0,627,0,135,170,-24,-2,-13,197,0
1568,0,0,628,0,136,172,-24,-2,-13,197,0
1572,0,0,628,0,137,172,-24,-2,-13,200,0
1576,0,0,628,0,139,174,-24,-2,-13,197,0
1580,0,0,629,0,140,175,-24,-2,-13,200,0
1584,0,0,628,0,141,176,-24,-2,-13,200,0
1588,0,0,629,0,142,177,-25,-2,-13,200,0
1592,0,0,629,0,143,179,-25,-2,-13,200,0
1596,0,0,629,0,144,180,-25,-2,-13,204,0
1600,0,0,630,0,146,181,-25,-2,-13,207,0
1604,0,0,629,0,147,182,-25,-2,-13,207,0
1608,0,0,630,0,148,183,-25,-2,-13,204,0
1612,0,0,630,0,150,184,-26,-2,-14,204,0
1616,0,0,629,0,151,185,-26,-2,-14,207,0
1620,0,0,630,0,152,186,-26,-2,-14,207,0
1624,0,0,629,0,153,188,-26,-2,-14,204,0
1628,0,0,630,0,155,189,-26,-2,-14,211,0
1632,0,0,630,0,156,190,-26,-2,-14,211,0
1636,0,0,629,0,157,191,-26,-2,-14,207,0
1640,0,0,630,0,159,192,-26,-2,-14,211,0
1644,0,0,630,0,160,194,-26,-2,-14,211,0
1648,0,0,631,0,161,195,-26,-2,-14,211,0
1652,0,0,631,0,162,196,-26,-2,-14,211,0
1656,0,0,630,0,164,197,-26,-2,-14,211,0
1660,0,0,631,0,165,198,-26,-2,-14,215,0
1664,0,0,631,0,166,200,-27,-2,-14,215,0
1668,0,0,631,0,168,201,-27,-2,-14,218,0
1672,0,0,631,0,169,202,-27,-2,-14,218,0
1676,0,0,630,0,170,203,-27,-2,-14,218,0
1680,0,0,631,0,172,204,-27,-2,-14,218,0
1684,0,0,630,0,173,206,-27,-2,-14,218,0
1688,0,0,631,0,175,207,-27,-2,-14,222,0
1692,0,0,631,0,176,208,-27,-2,-14,225,0
1696,0,0,630,0,177,210,-27,-1,-14,222,0
1700,0,0,631,0,179,211,-27,-1,-14,225,0
1704,0,0,630,0,180,212,-27,-1,-14,225,0
1708,0,0,631,0,182,213,-27,-1,-14,225,0
1712,0,0,631,0,183,214,-27,-1,-14,229,0
1716,0,0,631,0,184,216,-27,-1,-14,229,0
1720,0,0,631,0,186,217,-27,-1,-14,225,0
1724,0,0,630,0,187,218,-27,-1,-14,232,0
1728,0,0,630,0,189,220,-27,-1,-14,225,0
1732,0,0,630,0,190,221,-27,-1,-14,232,0
1736,0,0,629,0,191,222,-27,-1,-14,232,0
1740,0,0,630,0,193,224,-27,-1,-14,236,0
1744,0,0,629,0,194,225,-27,-1,-14,236,0
1748,0,0,629,0,196,226,-27,-1,-14,232,0
1752,0,0,629,0,197,228,-27,-1,-14,240,0
1756,0,0,628,0,199,229,-27,-1,-14,240,0
1760,0,0,629,0,200,230,-27,-1,-14,240,0
1764,0,0,629,0,202,232,-27,-1,-14,240,0
1768,0,0,629,0,203,233,-26,-1,-13,243,0
1772,0,0,629,0,204,234,-26,-1,-13,240,0
1776,0,0,628,0,206,236,-26,-1,-13,243,0
1780,0,0,628,0,207,237,-26,-1,-13,243,0
1784,0,0,627,0,209,238,-26,-1,-13,243,0
1788,0,0,627,0,210,240,-26,-1,-13,243,0
1792,0,0,627,0,211,241,-26,-1,-13,243,0
1796,0,0,626,0,213,242,-26,-1,-13,247,0
1800,0,0,626,0,214,244,-26,-1,-13,240,0
1804,0,0,626,0,216,245,-26,-1,-13,243,0
1808,0,0,626,0,217,246,-25,-1,-13,247,0
1812,0,0,625,0,218,248,-25,-1,-13,243,0
1816,0,0,625,0,220,249,-25,-1,-13,247,0
1820,0,0,625,0,221,250,-25,-1,-13,247,0
1824,0,0,624,0,223,252,-25,-1,-13,243,0
1828,0,0,624,0,224,253,-25,-1,-13,250,0
1832,0,0,623,0,226,254,-24,-1,-12,243,0
1836,0,0,623,0,227,256,-24,-1,-12,247,0
1840,0,0,623,0,228,257,-24,-1,-12,247,0
1844,0,0,623,0,230,258,-24,-1,-12,243,0
1848,0,0,623,0,231,259,-24,-1,-12,247,0
1852,0,0,623,0,232,261,-24,-1,-12,243,0
1856,0,0,623,0,234,262,-24,-1,-12,243,0
1860,0,0,623,0,235,263,-23,-1,-12,243,0
1864,0,0,622,0,236,264,-23,-1,-12,243,0
1868,0,0,622,0,238,266,-23,-1,-12,236,0
1872,0,0,622,0,239,267,-23,-1,-12,243,0
1876,0,0,620,0,240,268,-23,-1,-12,240,0
1880,0,0,620,0,242,270,-23,-1,-12,236,0
1884,0,0,620,0,243,271,-22,-1,-11,243,0
1888,0,0,620,0,244,272,-22,-1,-11,240,0
1892,0,0,620,0,246,273,-22,-1,-11,236,0
1896,0,0,619,0,247,275,-22,-1,-11,236,0
1900,0,0,619,0,248,276,-22,-1,-11,240,0
1904,0,0,619,0,250,277,-22,-1,-11,240,0
1908,0,0,618,0,251,278,-21,-1,-11,236,0
1912,0,0,618,0,252,280,-21,-1,-11,236,0
1916,0,0,616,0,254,281,-21,0,-10,236,0
1920,0,0,616,0,255,282,-21,0,-10,236,0
1924,0,0,615,0,256,283,-20,0,-10,236,0
1928,0,0,615,0,258,284,-20,0,-10,229,0
1932,0,0,615,0,259,286,-20,0,-10,232,0
1936,0,0,615,0,260,287,-20,0,-10,232,0
1940,0,0,616,0,262,288,-20,0,-10,229,0
1944,0,0,615,0,263,289,-19,0,-9,232,0
1948,0,0,615,0,264,290,-19,0,-9,232,0
1952,0,0,614,0,266,292,-19,0,-9,229,0
1956,0,0,613,0,267,293,-19,0,-9,232,0
1960,0,0,613,0,268,294,-19,0,-9,229,0
1964,0,0,612,0,270,296,-18,0,-3,-1784,0
1968,0,0,612,0,271,297,-18,0,-3,-1777,0
1972,0,0,612,0,273,298,-18,0,-3,-1784,0
1976,0,0,612,0,274,299,-18,0,-3,-1780,0
1980,0,0,613,0,275,300,-18,0,-3,-1780,0
1984,0,0,613,0,277,302,-18,0,-3,-1788,0
1988,0,0,614,0,278,303,-18,0,-3,-1780,0
1992,0,0,614,0,279,304,-18,0,-3,-1780,0
1996,0,0,614,0,281,306,-17,0,-3,-1784,0
2000,0,0,614,0,282,307,-17,0,-3,-1780,0
2004,0,0,613,0,283,308,-17,0,-3,-1784,0
2008,0,0,612,0,285,309,-17,0,-3,-1784,0
2012,0,0,612,0,286,310,-17,0,-3,-1780,0
2016,0,0,611,0,287,312,-17,0,-3,-1788,0
2020,0,0,611,0,289,313,-17,0,-3,-1780,0
2024,0,0,612,0,290,314,-17,0,-3,-1780,0
2028,0,0,612,0,292,315,-17,0,-3,-1780,0
2032,0,0,612,0,293,316,-17,0,-3,-1777,0
2036,0,0,612,0,294,318,-17,0,-3,-1784,0
2040,0,0,613,0,296,319,-17,0,-3,-1780,0
2044,0,0,613,0,297,320,-17,0,-3,-1780,0
2048,0,0,613,0,298,321,-17,0,-3,-1784,0
2052,0,0,612,0,300,323,-17,0,-3,-1784,0
2056,0,0,611,0,301,324,-16,0,-3,-1780,0
2060,0,0,611,0,302,325,-16,0,-3,-1780,0
2064,0,0,610,0,304,326,-16,0,-3,232,0
2068,0,0,611,0,305,327,-16,0,-3,229,0
2072,0,0,612,0,306,328,-16,0,-3,229,0
2076,0,0,612,0,307,330,-16,0,-3,225,0
2080,0,0,613,0,309,331,-16,0,-3,232,0
2084,0,0,613,0,310,332,-16,0,-3,232,0
2088,0,0,613,0,311,333,-16,0,-3,225,0
2092,0,0,613,0,313,334,-16,0,-3,225,0
2096,0,0,612,0,314,335,-16,0,-3,229,0
2100,0,0,613,0,315,336,-16,0,-3,225,0
2104,0,0,611,0,317,338,-16,0,-3,222,0
2108,0,0,611,0,318,339,-16,0,-3,229,0
2112,0,0,611,0,319,340,-16,0,-3,225,0
2116,0,0,611,0,320,341,-16,0,-3,225,0
2120,0,0,612,0,322,342,-16,0,-3,222,0
2124,0,0,613,0,323,343,-16,0,-3,222,0
2128,0,0,613,0,324,344,-16,0,-3,222,0
2132,0,0,613,0,326,346,-16,0,-3,215,0
2136,0,0,612,0,327,347,-16,0,-3,225,0
2140,0,0,613,0,328,348,-16,0,-3,222,0
2144,0,0,612,0,330,349,-16,0,-3,218,0
2148,0,0,612,0,331,350,-16,0,-3,222,0
2152,0,0,611,0,332,351,-16,0,-3,222,0
2156,0,0,611,0,333,352,-16,0,-3,215,0
2160,0,0,612,0,335,354,-16,0,-3,218,0
2164,0,0,612,0,336,355,-16,0,-3,222,0
2168,0,0,612,0,337,356,-16,0,-3,218,0
2172,0,0,612,0,339,357,-16,0,-3,222,0
2176,0,0,612,0,340,358,-16,0,-3,222,0
2180,0,0,611,0,341,359,-16,0,-3,215,0
2184,0,0,610,0,343,360,-16,0,-3,222,0
2188,0,0,609,0,344,362,-16,0,-3,218,0
2192,0,0,609,0,345,363,-16,0,-3,222,0
2196,0,0,608,0,347,364,-15,0,-3,222,0
2200,0,0,608,0,348,365,-15,1,-2,218,0
2204,0,0,608,0,349,366,-15,1,-2,222,0
2208,0,0,609,0,351,367,-15,1,-2,214,0
2212,0,0,609,0,352,368,-15,1,-2,222,0
2216,0,0,608,0,353,370,-15,1,-2,218,0
2220,0,0,609,0,354,371,-15,1,-2,218,0
2224,0,0,608,0,356,372,-15,1,-2,218,0
2228,0,0,607,0,357,374,-15,1,-2,222,0
2232,0,0,607,0,358,374,-14,1,-2,225,0
2236,0,0,606,0,360,376,-14,1,-2,218,0
2240,0,0,606,0,361,377,-14,1,-2,222,0
2244,0,0,605,0,362,378,-14,1,-2,222,0
2248,0,0,605,0,364,380,-14,1,-2,218,0
2252,0,0,605,0,365,381,-13,1,-1,225,0
2256,0,0,604,0,366,382,-13,1,-1,225,0
2260,0,0,604,0,368,383,-13,1,-1,222,0
2264,0,0,604,0,369,384,-13,1,-1,222,0
2268,0,0,603,0,370,385,-13,1,-1,222,0
2272,0,0,602,0,371,386,-12,1,-1,222,0
2276,0,0,602,0,373,388,-12,1,-1,222,0
2280,0,0,601,0,374,389,-12,1,-1,225,0
2284,0,0,600,0,375,390,-12,2,0,218,0
2288,0,0,600,0,376,391,-11,2,0,222,0
2292,0,0,599,0,378,392,-11,2,0,225,0
2296,0,0,599,0,379,394,-11,2,0,218,0
2300,0,0,600,0,380,395,-11,2,0,222,0
2304,0,0,599,0,381,396,-10,2,0,222,0
2308,0,0,599,0,382,397,-10,2,0,222,0
2312,0,0,599,0,384,398,-10,2,0,222,0
2316,0,0,598,0,385,400,-10,2,0,222,0
2320,0,0,598,0,386,401,-10,2,0,222,0
2324,0,0,597,0,387,402,-9,2,0,222,0
2328,0,0,597,0,388,403,-9,2,0,218,0
2332,0,0,596,0,390,404,-9,2,0,218,0
2336,0,0,596,0,391,405,-9,2,0,218,0
2340,0,0,596,0,392,406,-8,2,0,214,0
2344,0,0,595,0,393,407,-8,2,0,214,0
2348,0,0,595,0,394,408,-8,2,0,218,0
2352,0,0,596,0,396,410,-8,2,0,207,0
2356,0,0,594,0,397,410,-8,2,0,215,0
2360,0,0,594,0,398,412,-7,2,0,211,0
2364,0,0,594,0,399,413,-7,3,1,211,0
2368,0,0,594,0,400,414,-7,3,1,211,0
2372,0,0,593,0,401,415,-7,3,1,207,0
2376,0,0,593,0,402,416,-7,3,1,207,0
2380,0,0,592,0,403,417,-6,3,1,204,0
2384,0,0,591,0,404,418,-6,3,1,204,0
2388,0,0,592,0,405,419,-6,3,1,204,0
2392,0,0,592,0,406,420,-6,3,1,197,0
2396,0,0,591,0,407,421,-6,3,1,200,0
2400,0,0,592,0,408,422,-5,3,1,197,0
2404,0,0,591,0,409,423,-5,3,1,197,0
2408,0,0,591,0,410,424,-5,3,1,200,0
2412,0,0,591,0,412,425,-5,3,1,189,0
2416,0,0,591,0,413,426,-5,3,1,197,0
2420,0,0,590,0,414,427,-5,3,1,193,0
2424,0,0,589,0,415,428,-4,3,1,193,0
2428,0,0,589,0,416,429,-4,3,1,193,0
2432,0,0,588,0,417,430,-4,3,1,189,0
2436,0,0,588,0,418,431,-4,3,1,189,0
2440,0,0,588,0,419,432,-4,3,1,189,0
2444,0,0,587,0,420,433,-3,3,1,189,0
2448,0,0,587,0,421,434,-3,4,2,186,0
2452,0,0,588,0,422,435,-3,4,2,189,0
2456,0,0,587,0,423,436,-3,4,2,182,0
2460,0,0,587,0,424,437,-3,4,2,186,0
2464,0,0,587,0,425,438,-3,4,2,182,0
2468,0,0,587,0,426,439,-2,4,2,182,0
2472,0,0,586,0,427,440,-2,4,2,182,0
2476,0,0,587,0,428,441,-2,4,2,182,0
2480,0,0,587,0,429,442,-2,4,2,182,0
2484,0,0,587,0,430,443,-2,4,2,182,0
2488,0,0,586,0,431,444,-2,4,2,182,0
2492,0,0,586,0,432,444,-2,4,2,182,0
2496,0,0,586,0,433,446,-2,4,2,179,0
2500,0,0,585,0,434,446,-1,4,3,182,0
2504,0,0,585,0,435,447,-1,4,3,179,0
2508,0,0,585,0,436,448,-1,4,3,175,0
2512,0,0,584,0,436,449,-1,4,3,179,0
2516,0,0,584,0,438,450,-1,4,3,175,0
2520,0,0,584,0,438,451,-1,4,3,175,0
2524,0,0,584,0,439,452,-1,4,3,172,0
2528,0,0,585,0,440,453,-1,4,3,175,0
2532,0,0,585,0,441,454,-1,4,3,171,0
2536,0,0,585,0,442,455,0,4,3,171,0
2540,0,0,584,0,443,456,0,4,3,171,0
2544,0,0,584,0,444,457,0,4,3,171,0
2548,0,0,584,0,445,458,0,4,3,171,0
2552,0,0,583,0,446,458,0,4,3,171,0
2556,0,0,582,0,447,459,0,4,3,168,0
2560,0,0,583,0,447,460,0,4,3,168,0
2564,0,0,582,0,448,461,0,4,3,168,0
2568,0,0,582,0,449,462,0,4,3,164,0
2572,0,0,582,0,450,463,0,4,3,164,0
2576,0,0,582,0,451,464,0,4,3,164,0
2580,0,0,582,0,452,465,0,4,3,164,0
2584,0,0,582,0,452,466,0,4,3,164,0
2588,0,0,582,0,453,467,0,4,3,164,0
2592,0,0,582,0,454,468,0,4,3,161,0
2596,0,0,581,0,455,468,0,4,3,164,0
2600,0,0,582,0,456,470,0,4,3,161,0
2604,0,0,582,0,457,470,0,4,3,164,0
2608,0,0,582,0,458,472,0,4,3,164,0
2612,0,0,581,0,458,472,0,4,3,164,0
2616,0,0,582,0,459,474,0,4,3,161,0
2620,0,0,581,0,460,474,1,4,3,161,0
2624,0,0,580,0,461,475,1,4,3,161,0
2628,0,0,580,0,462,476,1,4,3,161,0
2632,0,0,580,0,463,477,1,4,3,161,0
2636,0,0,579,0,464,478,1,4,3,161,0
2640,0,0,579,0,464,479,1,4,3,161,0
2644,0,0,579,0,465,480,1,4,3,157,0
2648,0,0,579,0,466,481,1,4,3,157,0
2652,0,0,579,0,467,482,2,4,3,157,0
2656,0,0,578,0,468,483,2,4,3,161,0
2660,0,0,579,0,468,484,2,4,3,161,0
2664,0,0,578,0,469,485,2,4,3,157,0
2668,0,0,578,0,470,486,2,4,3,161,0
2672,0,0,579,0,471,487,2,4,3,161,0
2676,0,0,577,0,472,488,2,4,3,161,0
2680,0,0,577,0,472,489,2,4,3,161,0
2684,0,0,577,0,473,490,2,4,3,161,0
2688,0,0,577,0,474,491,3,4,3,157,0
2692,0,0,578,0,475,492,3,4,3,161,0
2696,0,0,575,0,476,493,3,4,3,161,0
2700,0,0,575,0,477,494,3,4,3,164,0
2704,0,0,575,0,478,496,3,4,3,161,0
2708,0,0,575,0,478,496,3,3,3,164,0
2712,0,0,574,0,479,498,4,3,3,157,0
2716,0,0,574,0,480,498,4,3,3,164,0
2720,0,0,573,0,481,500,4,3,3,164,0
2724,0,0,573,0,482,501,4,3,3,168,0
2728,0,0,573,0,483,502,4,3,3,164,0
2732,0,0,573,0,484,503,5,3,3,168,0
2736,0,0,574,0,484,504,5,3,3,168,0
2740,0,0,574,0,485,505,5,3,3,164,0
2744,0,0,574,0,486,506,5,3,3,172,0
2748,0,0,573,0,487,507,5,3,3,168,0
2752,0,0,573,0,488,508,5,3,3,168,0
2756,0,0,572,0,489,509,5,3,3,168,0
2760,0,0,572,0,490,510,5,3,3,168,0
2764,0,0,571,0,491,512,6,3,3,171,0
2768,0,0,571,0,492,512,6,3,3,175,0
2772,0,0,570,0,493,514,6,3,3,171,0
2776,0,0,570,0,494,515,6,2,2,175,0
2780,0,0,571,0,494,516,6,2,2,175,0
2784,0,0,569,0,496,517,6,2,2,175,0
2788,0,0,569,0,496,518,7,2,3,179,0
2792,0,0,569,0,497,519,7,2,3,175,0
2796,0,0,568,0,498,520,7,2,3,175,0
2800,0,0,568,0,499,521,7,2,3,171,0
2804,0,0,568,0,500,522,7,2,3,175,0
2808,0,0,567,0,501,523,8,2,3,171,0
2812,0,0,566,0,502,524,8,2,3,179,0
2816,0,0,566,0,503,525,8,2,3,175,0
2820,0,0,566,0,504,526,8,2,3,175,0
2824,0,0,566,0,505,527,8,2,3,175,0
2828,0,0,565,0,506,528,9,2,3,179,0
2832,0,0,565,0,507,530,9,2,3,175,0
2836,0,0,564,0,508,530,9,2,3,179,0
2840,0,0,564,0,508,532,9,2,3,179,0
2844,0,0,563,0,510,532,10,2,3,175,0
2848,0,0,563,0,510,534,10,2,3,182,0
2852,0,0,562,0,511,535,10,2,3,179,0
2856,0,0,562,0,512,536,10,2,3,182,0
2860,0,0,561,0,513,537,11,2,3,179,0
2864,0,0,561,0,514,538,11,2,3,179,0
2868,0,0,560,0,515,539,11,2,3,175,0
2872,0,0,561,0,516,540,11,2,3,179,0
2876,0,0,559,0,517,541,12,1,3,175,0
2880,0,0,560,0,518,542,12,1,3,175,0
2884,0,0,559,0,519,543,12,1,3,175,0
2888,0,0,559,0,520,544,12,1,3,175,0
2892,0,0,559,0,521,545,13,1,3,179,0
2896,0,0,558,0,522,546,13,1,3,179,0
2900,0,0,557,0,522,547,13,1,3,179,0
2904,0,0,557,0,523,548,13,1,3,179,0
2908,0,0,556,0,524,549,14,1,3,179,0
2912,0,0,556,0,525,550,14,1,3,179,0
2916,0,0,555,0,526,552,14,1,3,175,0
2920,0,0,555,0,527,552,14,1,3,179,0
2924,0,0,554,0,528,554,15,1,3,175,0
2928,0,0,554,0,529,554,15,1,3,175,0
2932,0,0,553,0,530,556,15,1,3,179,0
2936,0,0,553,0,531,556,15,1,3,175,0
2940,0,0,552,0,532,558,16,1,4,179,0
2944,0,0,551,0,533,559,16,1,4,179,0
2948,0,0,551,0,534,560,16,1,4,175,0
2952,0,0,549,0,535,561,17,1,4,179,0
2956,0,0,549,0,536,562,17,1,4,175,0
2960,0,0,549,0,537,563,17,1,4,179,0
2964,0,0,547,0,538,564,18,1,4,179,0
2968,0,0,547,0,539,565,18,1,4,179,0
2972,0,0,546,0,540,566,19,1,4,179,0
2976,0,0,545,0,541,567,19,1,4,179,0
2980,0,0,545,0,542,568,19,1,4,179,0
2984,0,0,544,0,543,569,20,1,4,179,0
2988,0,0,544,0,544,570,20,1,4,179,0
2992,0,0,543,0,544,571,20,1,4,179,0
2996,0,0,543,0,545,572,21,1,5,182,0
3000,0,0,543,0,546,574,21,1,5,179,0
3004,0,0,542,0,547,574,21,1,5,179,0
3008,0,0,541,0,548,576,22,1,5,175,0
3012,0,0,541,0,549,576,22,1,5,179,0
3016,0,0,540,0,550,578,22,1,5,182,0
3020,0,0,539,0,551,579,23,2,6,179,0
3024,0,0,538,0,552,580,23,2,6,182,0
3028,0,0,537,0,553,581,24,2,6,179,0
3032,0,0,537,0,554,582,24,2,6,179,0
3036,0,0,536,0,554,583,24,2,6,179,0
3040,0,0,536,0,555,584,25,2,6,179,0
3044,0,0,536,0,556,585,25,2,6,179,0
3048,0,0,535,0,557,586,25,2,6,175,0
3052,0,0,535,0,558,587,26,2,6,175,0
3056,0,0,534,0,559,588,26,2,6,175,0
3060,0,0,533,0,560,589,26,1,6,175,0
3064,0,0,532,0,561,590,27,1,6,179,0
3068,0,0,530,0,562,592,27,1,6,175,0
3072,0,0,530,0,562,592,28,1,6,179,0
3076,0,0,529,0,563,594,28,1,6,171,0
3080,0,0,529,0,564,594,29,1,6,175,0
3084,0,0,528,0,565,596,29,1,6,171,0
3088,0,0,528,0,566,596,29,1,6,175,0
3092,0,0,527,0,567,598,30,1,6,175,0
3096,0,0,526,0,568,598,30,1,6,171,0
3100,0,0,526,0,568,600,31,1,7,175,0
3104,0,0,525,0,569,601,31,1,7,172,0
3108,0,0,525,0,570,602,31,1,7,175,0
3112,0,0,526,0,571,603,32,1,7,172,0
3116,0,0,524,0,572,604,32,1,7,172,0
3120,0,0,524,0,573,605,32,1,7,172,0
3124,0,0,523,0,574,606,33,1,7,172,0
3128,0,0,522,0,574,607,33,1,7,172,0
3132,0,0,521,0,575,608,33,1,7,168,0
3136,0,0,521,0,576,609,34,1,7,168,0
3140,0,0,519,0,577,611,34,1,7,172,0
3144,0,0,519,0,578,612,35,1,7,172,0
3148,0,0,518,0,578,612,35,1,7,175,0
3152,0,0,517,0,579,614,35,1,7,172,0
3156,0,0,517,0,580,614,36,1,8,172,0
3160,0,0,516,0,581,616,36,1,8,168,0
3164,0,0,516,0,582,617,37,1,8,168,0
3168,0,0,516,0,583,618,37,1,8,171,0
3172,0,0,515,0,584,619,37,1,8,168,0
3176,0,0,515,0,584,620,38,1,8,175,0
3180,0,0,514,0,585,621,38,1,8,168,0
3184,0,0,513,0,586,622,38,1,8,175,0
3188,0,0,512,0,587,624,39,0,7,168,0
3192,0,0,511,0,588,624,39,0,7,171,0
3196,0,0,509,0,589,626,40,0,8,168,0
3200,0,0,509,0,590,627,40,0,8,171,0
3204,0,0,508,0,591,628,40,0,8,175,0
3208,0,0,507,0,592,629,41,0,8,175,0
3212,0,0,507,0,592,630,41,0,8,175,0
3216,0,0,506,0,593,631,42,0,8,175,0
3220,0,0,506,0,594,632,42,0,8,175,0
3224,0,0,505,0,595,634,43,0,8,171,0
3228,0,0,505,0,596,635,43,0,8,175,0
3232,0,0,504,0,597,636,43,0,8,179,0
3236,0,0,503,0,598,637,44,0,8,179,0
3240,0,0,503,0,599,638,44,0,8,175,0
3244,0,0,502,0,600,640,45,0,9,175,0
3248,0,0,501,0,601,641,45,0,9,179,0
3252,0,0,501,0,602,642,45,0,9,182,0
3256,0,0,500,0,603,643,46,0,9,182,0
3260,0,0,500,0,604,645,46,0,9,189,0
3264,0,0,499,0,605,646,46,0,9,186,0
3268,0,0,499,0,606,647,47,0,9,186,0
3272,0,0,498,0,607,648,47,0,9,186,0
3276,0,0,497,0,608,650,48,0,9,186,0
3280,0,0,497,0,609,651,48,0,9,193,0
3284,0,0,496,0,610,652,48,0,9,189,0
3288,0,0,496,0,612,653,49,0,9,193,0
3292,0,0,495,0,612,654,49,0,9,193,0
3296,0,0,495,0,614,656,49,-1,9,200,0
3300,0,0,495,0,615,657,50,-1,9,197,0
3304,0,0,494,0,616,659,50,-1,9,197,0
3308,0,0,494,0,617,660,50,-1,9,200,0
3312,0,0,494,0,618,661,51,-1,9,200,0
3316,0,0,493,0,619,663,51,-1,9,200,0
3320,0,0,493,0,620,664,51,-1,9,204,0
3324,0,0,493,0,621,665,51,-1,9,207,0
3328,0,0,492,0,622,667,52,-1,9,211,0
3332,0,0,491,0,624,668,52,-1,9,211,0
3336,0,0,491,0,625,670,52,-1,9,211,0
3340,0,0,491,0,626,671,52,-1,9,214,0
3344,0,0,490,0,627,672,53,-1,9,215,0
3348,0,0,491,0,628,674,53,-1,9,211,0
3352,0,0,491,0,630,675,53,-1,9,214,0
3356,0,0,491,0,631,676,53,-1,9,218,0
3360,0,0,491,0,632,678,53,-1,9,215,0
3364,0,0,490,0,633,679,54,-1,10,218,0
3368,0,0,490,0,634,680,54,-2,9,218,0
3372,0,0,490,0,636,682,54,-2,9,218,0
3376,0,0,490,0,637,683,54,-2,9,225,0
3380,0,0,490,0,638,684,54,-2,9,222,0
3384,0,0,489,0,639,685,54,-2,9,222,0
3388,0,0,489,0,640,687,54,-2,9,225,0
3392,0,0,489,0,641,688,55,-2,9,222,0
3396,0,0,489,0,642,689,55,-2,9,222,0
3400,0,0,489,0,644,690,55,-2,9,222,0
3404,0,0,489,0,645,692,55,-2,9,225,0
3408,0,0,489,0,646,693,55,-2,9,222,0
3412,0,0,489,0,647,694,55,-2,9,222,0
3416,0,0,489,0,648,696,55,-2,9,222,0
3420,0,0,489,0,649,697,55,-2,9,222,0
3424,0,0,489,0,650,698,55,-2,9,222,0
3428,0,0,489,0,652,699,55,-2,9,218,0
3432,0,0,489,0,653,700,55,-2,9,218,0
3436,0,0,489,0,654,702,55,-2,9,218,0
3440,0,0,488,0,655,703,56,-2,9,218,0
3444,0,0,489,0,656,704,56,-2,9,218,0
3448,0,0,487,0,657,705,56,-2,9,218,0
3452,0,0,488,0,658,706,56,-2,9,215,0
3456,0,0,489,0,659,707,56,-2,9,211,0
3460,0,0,489,0,660,708,56,-2,9,215,0
3464,0,0,488,0,661,710,56,-2,9,207,0
3468,0,0,489,0,662,711,56,-2,9,211,0
3472,0,0,489,0,663,712,56,-2,9,211,0
3476,0,0,489,0,664,713,56,-2,9,204,0
3480,0,0,489,0,665,714,56,-2,9,204,0
3484,0,0,488,0,666,715,56,-2,9,204,0
3488,0,0,488,0,667,716,56,-2,9,200,0
3492,0,0,488,0,668,718,56,-2,9,200,0
3496,0,0,488,0,669,718,56,-2,9,200,0
3500,0,0,487,0,670,720,56,-2,9,197,0
3504,0,0,488,0,671,721,56,-2,9,197,0
3508,0,0,488,0,672,722,56,-2,9,197,0
3512,0,0,489,0,673,722,56,-2,9,197,0
3516,0,0,488,0,674,724,56,-2,9,193,0
3520,0,0,489,0,674,724,56,-2,9,193,0
3524,0,0,488,0,675,726,56,-2,9,186,0
3528,0,0,489,0,676,726,56,-2,9,186,0
3532,0,0,488,0,677,728,56,-2,9,182,0
3536,0,0,488,0,678,728,56,-2,9,186,0
3540,0,0,488,0,679,730,56,-2,9,179,0
3544,0,0,488,0,680,731,56,-2,9,182,0
3548,0,0,488,0,680,732,56,-2,9,182,0
3552,0,0,488,0,681,732,56,-2,9,182,0
3556,0,0,487,0,682,734,56,-2,9,182,0
3560,0,0,487,0,683,735,56,-2,9,175,0
3564,0,0,487,0,684,736,56,-2,9,179,0
3568,0,0,487,0,685,736,57,-2,9,175,0
3572,0,0,487,0,686,738,57,-2,9,171,0
3576,0,0,487,0,686,738,57,-2,9,175,0
3580,0,0,487,0,687,739,57,-2,9,168,0
3584,0,0,488,0,688,740,57,-2,9,168,0
3588,0,0,488,0,689,741,57,-2,9,168,0
3592,0,0,488,0,689,742,57,-2,9,168,0
3596,0,0,489,0,690,742,57,-2,9,161,0
3600,0,0,488,0,691,744,57,-2,9,164,0
3604,0,0,488,0,692,744,57,-2,9,161,0
3608,0,0,488,0,692,745,56,-2,9,157,0
3612,0,0,488,0,693,746,56,-2,9,154,0
3616,0,0,487,0,694,747,57,-2,9,157,0
3620,0,0,488,0,694,748,57,-2,9,154,0
3624,0,0,487,0,695,748,57,-2,9,157,0
3628,0,0,486,0,696,749,57,-2,9,150,0
3632,0,0,487,0,696,750,57,-2,9,154,0
3636,0,0,486,0,697,751,57,-2,9,146,0
3640,0,0,487,0,698,752,57,-2,9,150,0
3644,0,0,487,0,698,752,57,-2,9,146,0
3648,0,0,487,0,699,753,57,-2,9,139,0
3652,0,0,487,0,700,754,57,-2,9,139,0
3656,0,0,487,0,700,755,57,-2,9,139,0
3660,0,0,487,0,701,755,57,-2,9,139,0
3664,0,0,487,0,702,756,57,-3,9,136,0
3668,0,0,486,0,702,757,57,-3,9,136,0
3672,0,0,486,0,703,758,57,-3,9,136,0
3676,0,0,488,0,704,758,57,-3,9,132,0
3680,0,0,486,0,705,759,57,-3,9,136,0
3684,0,0,486,0,705,760,57,-3,9,136,0
3688,0,0,487,0,706,760,57,-3,9,132,0
3692,0,0,486,0,706,761,57,-3,9,132,0
3696,0,0,486,0,707,762,57,-3,9,136,0
3700,0,0,486,0,708,763,57,-3,9,128,0
3704,0,0,486,0,709,764,57,-3,9,128,0
3708,0,0,485,0,709,764,57,-3,9,132,0
3712,0,0,485,0,710,765,57,-3,9,129,0
3716,0,0,485,0,711,766,58,-3,9,128,0
3720,0,0,485,0,712,767,58,-3,9,128,0
3724,0,0,486,0,712,768,58,-3,9,132,0
3728,0,0,486,0,713,768,58,-3,9,132,0
3732,0,0,486,0,714,769,58,-3,9,128,0
3736,0,0,485,0,714,770,58,-3,9,132,0
3740,0,0,485,0,715,770,58,-3,9,128,0
3744,0,0,485,0,716,771,58,-3,9,125,0
3748,0,0,485,0,716,772,58,-3,9,132,0
3752,0,0,485,0,717,773,58,-3,9,129,0
3756,0,0,485,0,718,773,58,-3,9,128,0
3760,0,0,485,0,718,774,58,-3,9,132,0
3764,0,0,485,0,719,775,58,-4,8,128,0
3768,0,0,485,0,720,776,58,-4,8,128,0
3772,0,0,485,0,721,776,58,-4,8,132,0
3776,0,0,484,0,722,777,58,-4,8,128,0
3780,0,0,485,0,722,778,58,-4,8,132,0
3784,0,0,484,0,723,779,58,-4,8,128,0
3788,0,0,485,0,724,780,58,-4,8,132,0
3792,0,0,484,0,725,780,58,-4,8,132,0
3796,0,0,483,0,726,781,58,-4,8,128,0
3800,0,0,484,0,726,782,58,-4,8,136,0
3804,0,0,483,0,727,783,58,-4,8,132,0
3808,0,0,484,0,728,784,59,-4,8,132,0
3812,0,0,484,0,729,785,59,-4,8,139,0
3816,0,0,484,0,730,786,59,-4,8,139,0
3820,0,0,484,0,731,786,59,-4,8,139,0
3824,0,0,483,0,732,788,59,-4,8,136,0
3828,0,0,484,0,732,788,59,-4,8,143,0
3832,0,0,484,0,733,789,59,-4,8,139,0
3836,0,0,484,0,734,790,59,-4,8,139,0
3840,0,0,484,0,735,791,59,-4,8,143,0
3844,0,0,484,0,736,792,59,-4,8,146,0
3848,0,0,483,0,737,793,59,-4,8,146,0
3852,0,0,484,0,738,794,59,-4,8,150,0
3856,0,0,483,0,739,795,59,-4,8,150,0
3860,0,0,483,0,740,796,59,-4,8,150,0
3864,0,0,483,0,741,797,59,-4,8,157,0
3868,0,0,483,0,742,798,59,-4,8,157,0
3872,0,0,483,0,742,799,59,-4,8,157,0
3876,0,0,483,0,744,800,59,-4,8,161,0
3880,0,0,483,0,744,801,59,-4,8,161,0
3884,0,0,482,0,746,802,59,-4,8,161,0
3888,0,0,483,0,746,803,59,-4,8,164,0
3892,0,0,483,0,748,804,59,-4,8,164,0
3896,0,0,483,0,749,805,59,-4,8,168,0
3900,0,0,484,0,750,806,59,-4,8,168,0
3904,0,0,484,0,751,808,59,-4,8,171,0
3908,0,0,484,0,752,808,59,-4,8,175,0
3912,0,0,483,0,753,810,59,-4,8,172,0
3916,0,0,484,0,754,811,59,-4,8,175,0
3920,0,0,483,0,755,812,59,-4,8,175,0
3924,0,0,482,0,756,813,59,-4,8,179,0
3928,0,0,482,0,757,814,59,-4,8,175,0
3932,0,0,482,0,758,815,59,-4,8,182,0
3936,0,0,482,0,759,816,59,-4,8,182,0
3940,0,0,482,0,760,818,59,-4,8,182,0
3944,0,0,483,0,761,819,59,-4,8,186,0
3948,0,0,483,0,762,820,59,-4,8,189,0
3952,0,0,483,0,764,821,59,-4,8,189,0
3956,0,0,483,0,765,822,59,-4,8,189,0
3960,0,0,482,0,766,824,60,-4,8,189,0
3964,0,0,483,0,767,825,59,-4,8,193,0
3968,0,0,483,0,768,826,59,-4,8,193,0
3972,0,0,483,0,769,827,59,-4,8,193,0
3976,0,0,483,0,770,828,59,-4,8,193,0
3980,0,0,483,0,772,830,59,-4,8,197,0
3984,0,0,483,0,773,831,59,-4,8,204,0
3988,0,0,483,0,774,832,59,-4,8,200,0
3992,0,0,483,0,775,834,59,-4,8,200,0
3996,0,0,483,0,776,835,59,-4,8,204,0
4000,0,0,483,0,778,836,59,-4,8,204,0
4004,0,0,483,0,779,837,59,-4,8,207,0
4008,0,0,483,0,780,838,59,-4,8,207,0
4012,0,0,483,0,781,840,59,-4,8,211,0
4016,0,0,483,0,782,841,59,-4,8,207,0
4020,0,0,483,0,784,843,59,-4,8,215,0
4024,0,0,483,0,785,844,59,-4,8,215,0
4028,0,0,483,0,786,845,59,-4,8,215,0
4032,0,0,483,0,787,847,59,-4,8,218,0
4036,0,0,483,0,789,848,59,-4,8,222,0
4040,0,0,483,0,790,850,59,-4,8,222,0
4044,0,0,482,0,791,851,59,-4,8,222,0
4048,0,0,482,0,792,852,60,-4,8,218,0
4052,0,0,483,0,794,854,60,-4,8,218,0
4056,0,0,483,0,795,855,59,-4,8,225,0
4060,0,0,483,0,796,856,59,-4,8,225,0
4064,0,0,483,0,798,858,59,-4,8,222,0
4068,0,0,483,0,799,859,59,-4,8,229,0
4072,0,0,483,0,800,861,59,-4,8,229,0
4076,0,0,483,0,802,862,59,-4,8,232,0
4080,0,0,483,0,803,864,59,-4,8,232,0
4084,0,0,483,0,804,865,59,-4,8,232,0
4088,0,0,483,0,806,866,59,-4,8,232,0
4092,0,0,482,0,807,868,59,-4,8,236,0
4096,0,0,483,0,808,869,59,-4,8,236,0
4100,0,0,483,0,809,870,59,-4,8,236,0
4104,0,0,483,0,810,872,59,-4,8,236,0
4108,0,0,484,0,812,873,59,-4,8,236,0
4112,0,0,484,0,813,875,59,-4,8,240,0
4116,0,0,484,0,814,876,59,-4,8,240,0
4120,0,0,484,0,816,878,59,-4,8,232,0
4124,0,0,484,0,817,879,59,-4,8,240,0
4128,0,0,484,0,818,880,59,-4,8,240,0
4132,0,0,483,0,819,882,59,-4,8,236,0
4136,0,0,484,0,821,883,59,-4,8,240,0
4140,0,0,484,0,822,885,59,-4,8,243,0
4144,0,0,483,0,823,886,59,-4,8,240,0
4148,0,0,484,0,824,888,59,-4,8,240,0
4152,0,0,484,0,826,889,59,-4,8,243,0
4156,0,0,484,0,827,890,59,-4,8,240,0
4160,0,0,484,0,828,892,59,-4,8,240,0
4164,0,0,484,0,829,893,59,-4,8,243,0
4168,0,0,485,0,830,894,59,-4,8,236,0
4172,0,0,485,0,832,896,59,-4,8,240,0
4176,0,0,484,0,833,897,59,-4,8,240,0
4180,0,0,483,0,834,899,59,-4,8,236,0
4184,0,0,484,0,835,900,59,-4,8,236,0
4188,0,0,484,0,836,902,59,-4,8,236,0
4192,0,0,484,0,838,903,59,-4,8,236,0
4196,0,0,484,0,839,904,59,-4,8,236,0
4200,0,0,484,0,840,906,59,-4,8,236,0
4204,0,0,485,0,841,907,59,-4,8,236,0
4208,0,0,485,0,842,908,59,-4,8,232,0
4212,0,0,484,0,843,910,59,-4,8,229,0
4216,0,0,485,0,845,911,59,-4,8,236,0
4220,0,0,485,0,846,913,59,-4,8,236,0
4224,0,0,484,0,847,914,59,-4,8,232,0
4228,0,0,485,0,848,916,59,-5,7,232,0
4232,0,0,485,0,850,917,59,-5,7,240,0
4236,0,0,485,0,851,918,59,-5,7,232,0
4240,0,0,485,0,852,920,58,-5,7,229,0
4244,0,0,485,0,853,921,58,-5,7,232,0
4248,0,0,485,0,854,923,58,-5,7,232,0
4252,0,0,485,0,856,924,58,-5,7,236,0
4256,0,0,485,0,857,925,58,-5,7,232,0
4260,0,0,485,0,858,927,58,-5,7,236,0
4264,0,0,485,0,859,928,58,-5,7,232,0
4268,0,0,485,0,861,930,58,-5,7,232,0
4272,0,0,485,0,862,931,58,-5,7,236,0
4276,0,0,484,0,863,932,58,-5,7,232,0
4280,0,0,485,0,864,934,58,-5,7,232,0
4284,0,0,484,0,866,935,58,-5,7,232,0
4288,0,0,484,0,867,937,58,-5,7,236,0
4292,0,0,485,0,868,938,58,-5,7,236,0
4296,0,0,484,0,870,940,58,-5,7,232,0
4300,0,0,484,0,871,941,58,-5,7,240,0
4304,0,0,484,0,872,942,59,-5,7,236,0
4308,0,0,484,0,874,944,59,-5,7,236,0
4312,0,0,484,0,875,945,59,-5,7,243,0
4316,0,0,484,0,876,947,59,-5,7,240,0
4320,0,0,484,0,878,948,59,-5,7,240,0
4324,0,0,483,0,879,950,59,-5,7,240,0
4328,0,0,483,0,880,952,59,-5,7,243,0
4332,0,0,483,0,882,953,59,-5,7,243,0
4336,0,0,483,0,883,954,59,-5,7,243,0
4340,0,0,484,0,885,956,59,-5,7,247,0
4344,0,0,484,0,886,958,59,-5,7,247,0
4348,0,0,484,0,887,959,59,-5,7,250,0
4352,0,0,484,0,889,961,59,-5,7,247,0
4356,0,0,484,0,890,962,59,-5,7,250,0
4360,0,0,484,0,892,964,59,-5,7,247,0
4364,0,0,483,0,893,966,59,-6,7,254,0
4368,0,0,483,0,895,967,59,-6,7,261,0
4372,0,0,483,0,896,969,59,-6,7,254,0
4376,0,0,483,0,898,971,59,-6,7,261,0
4380,0,0,483,0,900,972,59,-6,7,265,0
4384,0,0,483,0,901,974,59,-6,7,265,0
4388,0,0,484,0,903,976,59,-6,7,265,0
4392,0,0,484,0,904,977,59,-6,7,268,0
4396,0,0,484,0,906,979,59,-6,7,268,0
4400,0,0,484,0,907,980,59,-6,7,268,0
4404,0,0,484,0,909,982,59,-6,7,272,0
4408,0,0,484,0,910,984,59,-6,7,275,0
4412,0,0,484,0,912,986,59,-6,7,272,0
4416,0,0,484,0,913,988,59,-6,7,275,0
4420,0,0,484,0,915,989,59,-6,7,283,0
4424,0,0,484,0,916,991,59,-6,7,279,0
4428,0,0,484,0,918,993,59,-6,7,283,0
4432,0,0,484,0,920,995,59,-6,7,279,0
4436,0,0,484,0,921,996,59,-6,7,286,0
4440,0,0,483,0,923,998,59,-6,7,286,0
4444,0,0,483,0,925,1000,59,-6,7,286,0
4448,0,0,483,0,926,1002,59,-6,7,290,0
4452,0,0,483,0,928,1004,59,-6,7,290,0
4456,0,0,483,0,929,1005,59,-6,7,293,0
4460,0,0,483,0,931,1007,59,-6,7,297,0
4464,0,0,483,0,932,1009,59,-6,7,293,0
4468,0,0,482,0,934,1011,59,-6,7,290,0
4472,0,0,482,0,936,1013,59,-6,7,297,0
4476,0,0,483,0,937,1014,59,-6,7,297,0
4480,0,0,483,0,939,1016,59,-6,7,293,0
4484,0,0,483,0,940,1018,59,-6,7,297,0
4488,0,0,483,0,941,1019,59,-6,7,297,0
4492,0,0,483,0,942,1021,59,-6,7,290,0
4496,0,0,483,0,944,1022,59,-6,7,293,0
4500,0,0,484,0,945,1024,59,-6,7,290,0
4504,0,0,484,0,946,1025,59,-6,7,290,0
4508,0,0,484,0,946,1026,59,-6,7,286,0
4512,0,0,484,0,947,1027,59,-7,6,279,0
4516,0,0,484,0,948,1028,59,-7,6,272,0
4520,0,0,484,0,948,1028,59,-7,6,265,0
4524,0,0,484,0,948,1029,59,-7,6,257,0
4528,0,0,484,0,948,1030,59,-7,6,247,0
4532,0,0,485,0,949,1030,59,-7,6,240,0
4536,0,0,486,0,948,1030,59,-7,6,229,0
4540,0,0,487,0,948,1030,59,-7,6,214,0
4544,0,0,488,0,948,1030,58,-7,6,204,0
4548,0,0,490,0,947,1029,58,-7,6,189,0
4552,0,0,492,0,947,1028,58,-7,6,171,0
4556,0,0,493,0,946,1028,57,-7,5,154,0
4560,0,0,495,0,945,1027,57,-7,5,139,0
4564,0,0,497,0,943,1026,56,-7,5,118,0
4568,0,0,501,0,942,1024,55,-7,5,100,0
4572,0,0,502,0,940,1023,55,-7,5,75,0
4576,0,0,505,0,939,1022,54,-7,5,50,0
4580,0,0,510,0,937,1020,53,-7,5,35,0
4584,0,0,513,0,936,1018,52,-7,4,7,0
4588,0,0,516,0,934,1016,51,-7,4,-17,0
4592,0,0,522,0,932,1014,49,-7,4,-35,0
4596,0,0,525,0,930,1012,48,-7,4,-60,0
4600,0,0,531,0,928,1010,46,-7,3,-86,0
4604,0,0,533,0,926,1008,44,-7,3,-111,0
4608,0,0,535,0,924,1006,43,-7,3,-132,0
4612,0,0,540,0,921,1004,41,-7,2,-154,0
4616,0,0,541,0,919,1001,39,-7,2,-179,0
4620,0,0,543,0,916,998,38,-7,2,-200,0
4624,0,0,544,0,914,996,36,-7,1,-222,0
4628,0,0,545,0,911,994,35,-7,1,-240,0
4632,0,0,546,0,909,991,34,-6,2,-265,0
4636,0,0,545,0,906,988,33,-6,1,-286,0
4640,0,0,546,0,904,985,32,-6,1,-301,0
4644,0,0,546,0,901,982,31,-6,1,-318,0
4648,0,0,545,0,898,980,30,-6,1,-340,0
4652,0,0,546,0,896,977,29,-6,1,-351,0
4656,0,0,544,0,893,974,28,-6,0,-365,0
4660,0,0,544,0,890,971,28,-6,0,-383,0
4664,0,0,544,0,887,968,27,-6,0,-394,0
4668,0,0,542,0,884,965,27,-6,0,-408,0
4672,0,0,542,0,882,962,27,-6,0,-419,0
4676,0,0,539,0,879,959,27,-6,0,-430,0
4680,0,0,539,0,876,956,27,-6,0,-444,0
4684,0,0,538,0,873,953,27,-6,0,-447,0
4688,0,0,537,0,870,950,27,-6,0,-455,0
4692,0,0,536,0,867,947,27,-6,0,-465,0
4696,0,0,535,0,864,943,27,-6,0,-472,0
4700,0,0,535,0,861,940,27,-6,0,-483,0
4704,0,0,534,0,858,937,27,-6,0,-490,0
4708,0,0,533,0,855,934,28,-7,0,-498,0
4712,0,0,533,0,852,930,28,-7,0,-501,0
4716,0,0,531,0,849,927,28,-7,0,-508,0
4720,0,0,531,0,846,924,28,-7,0,-519,0
4724,0,0,530,0,842,921,29,-7,0,-519,0
4728,0,0,530,0,839,918,29,-7,0,-530,0
4732,0,0,529,0,836,914,29,-7,0,-530,0
4736,0,0,528,0,833,911,30,-7,0,-533,0
4740,0,0,528,0,830,908,30,-7,0,-537,0
4744,0,0,527,0,827,904,30,-7,0,-541,0
4748,0,0,527,0,824,901,31,-7,0,-544,0
4752,0,0,527,0,821,898,31,-7,0,-548,0
4756,0,0,525,0,817,894,31,-7,0,-558,0
4760,0,0,526,0,814,891,32,-7,0,-558,0
4764,0,0,526,0,811,888,32,-7,0,-558,0
4768,0,0,524,0,808,884,32,-7,0,-562,0
4772,0,0,524,0,805,881,32,-7,0,-562,0
4776,0,0,522,0,802,878,33,-7,1,-562,0
4780,0,0,522,0,798,874,33,-7,1,-569,0
4784,0,0,521,0,795,871,33,-7,1,-573,0
4788,0,0,521,0,792,868,34,-7,1,-576,0
4792,0,0,520,0,789,864,34,-7,1,-576,0
4796,0,0,519,0,786,861,35,-7,1,-576,0
4800,0,0,519,0,782,857,35,-7,1,-576,0
4804,0,0,518,0,779,854,35,-7,1,-580,0
4808,0,0,517,0,776,851,36,-7,1,-580,0
4812,0,0,517,0,773,847,36,-7,1,-584,0
4816,0,0,516,0,770,844,36,-7,1,-580,0
4820,0,0,516,0,766,840,37,-7,1,-580,0
4824,0,0,515,0,763,837,37,-7,1,-584,0
4828,0,0,514,0,760,834,38,-7,2,-584,0
4832,0,0,514,0,757,830,38,-7,2,-584,0
4836,0,0,513,0,754,827,38,-7,2,-584,0
4840,0,0,514,0,751,823,39,-7,2,-584,0
4844,0,0,512,0,747,820,39,-7,2,-591,0
4848,0,0,512,0,744,816,39,-7,2,-587,0
4852,0,0,512,0,741,813,40,-7,2,-591,0
4856,0,0,511,0,738,810,40,-7,2,-584,0
4860,0,0,512,0,734,806,40,-7,2,-587,0
4864,0,0,512,0,732,803,40,-7,2,-591,0
4868,0,0,511,0,728,799,41,-7,2,-587,0
4872,0,0,512,0,725,796,41,-7,2,-591,0
4876,0,0,510,0,722,792,41,-7,2,-591,0
4880,0,0,511,0,718,789,41,-7,2,-591,0
4884,0,0,510,0,715,786,41,-7,2,-591,0
4888,0,0,510,0,712,782,42,-7,2,-587,0
4892,0,0,511,0,709,779,42,-7,2,-591,0
4896,0,0,509,0,706,775,42,-7,2,-591,0
4900,0,0,511,0,702,772,42,-7,2,-591,0
4904,0,0,510,0,699,769,42,-7,2,-591,0
4908,0,0,509,0,696,765,42,-7,2,-594,0
4912,0,0,511,0,693,762,42,-7,2,-591,0
4916,0,0,510,0,690,758,42,-7,2,-594,0
4920,0,0,511,0,686,755,43,-7,3,-594,0
4924,0,0,510,0,683,752,43,-7,3,-591,0
4928,0,0,510,0,680,748,43,-7,3,-591,0
4932,0,0,511,0,677,745,43,-7,3,-591,0
4936,0,0,510,0,673,741,43,-7,3,-598,0
4940,0,0,512,0,670,738,43,-7,3,-598,0
4944,0,0,511,0,667,734,43,-7,3,-591,0
4948,0,0,512,0,664,731,43,-7,3,-594,0
4952,0,0,513,0,661,728,43,-7,3,-591,0
4956,0,0,512,0,658,724,43,-7,3,-594,0
4960,0,0,513,0,654,721,42,-7,2,-594,0
4964,0,0,513,0,651,718,42,-7,2,-591,0
4968,0,0,513,0,648,714,42,-7,2,-594,0
4972,0,0,514,0,644,711,42,-7,2,-594,0
4976,0,0,515,0,641,707,42,-7,2,-598,0
4980,0,0,516,0,638,704,42,-7,2,-591,0
4984,0,0,516,0,635,700,42,-7,2,-591,0
4988,0,0,517,0,632,697,41,-7,2,-594,0
4992,0,0,518,0,628,694,41,-7,2,-594,0
4996,0,0,518,0,625,690,41,-7,2,-594,0
5000,0,0,520,0,622,687,40,-7,2,-594,0
5004,0,0,520,0,619,684,40,-7,2,-594,0
5008,0,0,521,0,615,680,40,-7,2,-594,0
5012,0,0,522,0,612,676,39,-8,1,-594,0
5016,0,0,521,0,609,673,39,-8,1,-594,0
5020,0,0,524,0,606,670,39,-8,1,-591,0
5024,0,0,524,0,602,666,38,-8,1,-594,0
5028,0,0,524,0,599,663,38,-8,1,-594,0
5032,0,0,527,0,596,659,38,-8,1,-598,0
5036,0,0,526,0,593,656,37,-8,1,-591,0
5040,0,0,528,0,589,652,37,-8,1,-594,0
5044,0,0,529,0,586,649,36,-8,0,-598,0
5048,0,0,530,0,583,646,36,-8,0,-594,0
5052,0,0,532,0,580,642,35,-8,0,-598,0
5056,0,0,532,0,576,639,35,-8,0,-598,0
5060,0,0,534,0,573,635,34,-8,0,-598,0
5064,0,0,535,0,570,632,34,-8,0,-598,0
5068,0,0,536,0,566,628,33,-8,0,-594,0
5072,0,0,538,0,563,625,32,-8,0,-598,0
5076,0,0,539,0,560,622,32,-8,0,-594,0
5080,0,0,541,0,557,618,31,-8,0,-598,0
5084,0,0,543,0,553,615,30,-8,0,-602,0
5088,0,0,543,0,550,611,30,-8,0,-602,0
5092,0,0,545,0,547,608,29,-8,0,-598,0
5096,0,0,545,0,544,604,28,-8,0,-598,0
5100,0,0,547,0,541,601,28,-8,0,-598,0
5104,0,0,548,0,538,598,27,-8,-1,-594,0
5108,0,0,549,0,535,594,26,-8,-1,-594,0
5112,0,0,550,0,532,591,26,-8,-1,-598,0
5116,0,0,550,0,528,587,25,-8,-1,-598,0
5120,0,0,551,0,525,584,24,-8,-1,-598,0
5124,0,0,551,0,522,580,24,-8,-1,-594,0
5128,0,0,551,0,519,577,23,-8,-1,-594,0
5132,0,0,553,0,516,574,23,-8,-1,-591,0
5136,0,0,552,0,513,570,22,-8,-2,-594,0
5140,0,0,553,0,510,567,22,-8,-2,-591,0
5144,0,0,553,0,507,563,22,-8,-2,-591,0
5148,0,0,552,0,504,560,21,-8,-2,-591,0
5152,0,0,554,0,501,556,21,-8,-2,-587,0
5156,0,0,553,0,498,553,21,-8,-2,-587,0
5160,0,0,554,0,496,550,20,-8,-2,-584,0
5164,0,0,555,0,493,546,20,-8,-2,-584,0
5168,0,0,554,0,490,543,20,-8,-2,-584,0
5172,0,0,556,0,487,539,19,-8,-2,-580,0
5176,0,0,556,0,484,536,19,-8,-2,-580,0
5180,0,0,557,0,481,532,19,-8,-2,-576,0
5184,0,0,557,0,479,529,18,-8,-2,-576,0
5188,0,0,558,0,476,526,18,-8,-2,-573,0
5192,0,0,559,0,473,522,18,-8,-2,-573,0
5196,0,0,560,0,470,519,17,-8,-3,-573,0
5200,0,0,560,0,468,515,17,-8,-3,-573,0
5204,0,0,562,0,465,512,16,-8,-3,-569,0
5208,0,0,564,0,462,508,16,-8,-3,-566,0
5212,0,0,565,0,460,505,15,-8,-3,-566,0
5216,0,0,566,0,457,502,15,-9,-4,-558,0
5220,0,0,567,0,455,498,14,-9,-4,-562,0
5224,0,0,569,0,452,495,14,-9,-4,-558,0
5228,0,0,569,0,450,491,13,-9,-4,-558,0
5232,0,0,571,0,448,488,13,-9,-4,-555,0
5236,0,0,570,0,445,484,12,-9,-4,-551,0
5240,0,0,573,0,443,481,12,-9,-4,-551,0
5244,0,0,574,0,440,478,11,-9,-5,-548,0
5248,0,0,574,0,438,474,10,-9,-5,-544,0
5252,0,0,576,0,435,471,10,-9,-5,-544,0
5256,0,0,576,0,433,468,9,-9,-5,-544,0
5260,0,0,578,0,430,464,9,-9,-5,-541,0
5264,0,0,578,0,428,460,8,-9,-5,-541,0
5268,0,0,577,0,426,457,8,-9,-5,-541,0
5272,0,0,580,0,423,454,7,-9,-5,-533,0
5276,0,0,580,0,421,450,7,-9,-5,-533,0
5280,0,0,581,0,418,447,6,-10,-6,-533,0
5284,0,0,582,0,416,444,5,-10,-7,-530,0
5288,0,0,582,0,413,440,5,-10,-7,-526,0
5292,0,0,584,0,411,437,4,-10,-7,-530,0
5296,0,0,583,0,408,434,4,-10,-7,-526,0
5300,0,0,585,0,406,430,3,-10,-7,-526,0
5304,0,0,585,0,403,427,3,-10,-7,-526,0
5308,0,0,585,0,401,424,3,-10,-7,-530,0
5312,0,0,587,0,398,420,2,-10,-7,-523,0
5316,0,0,587,0,396,417,2,-10,-7,-526,0
5320,0,0,588,0,393,413,1,-10,-7,-523,0
5324,0,0,589,0,390,410,1,-10,-7,-526,0
5328,0,0,589,0,388,406,0,-10,-8,-523,0
5332,0,0,590,0,385,403,0,-11,-8,-526,0
5336,0,0,590,0,382,400,0,-11,-8,-526,0
5340,0,0,591,0,380,396,0,-11,-8,-526,0
5344,0,0,592,0,377,393,0,-11,-8,-530,0
5348,0,0,592,0,374,390,-1,-11,-9,-530,0
5352,0,0,593,0,371,386,-1,-11,-9,-530,0
5356,0,0,592,0,368,383,-1,-11,-9,-530,0
5360,0,0,594,0,365,380,-2,-11,-9,-533,0
5364,0,0,594,0,362,376,-2,-11,-9,-537,0
5368,0,0,594,0,359,373,-3,-11,-9,-537,0
5372,0,0,596,0,356,369,-3,-11,-9,-544,0
5376,0,0,596,0,354,366,-3,-11,-9,-544,0
5380,0,0,597,0,350,363,-4,-11,-9,-544,0
5384,0,0,597,0,348,359,-4,-11,-9,-548,0
5388,0,0,597,0,344,356,-4,-11,-9,-551,0
5392,0,0,599,0,342,352,-5,-11,-9,-548,0
5396,0,0,598,0,338,349,-5,-12,-10,-555,0
5400,0,0,599,0,335,346,-5,-12,-10,-551,0
5404,0,0,600,0,332,342,-6,-12,-10,-555,0
5408,0,0,600,0,329,339,-6,-12,-10,-555,0
5412,0,0,601,0,326,336,-6,-12,-10,-562,0
5416,0,0,600,0,323,332,-7,-12,-11,-562,0
5420,0,0,602,0,320,328,-7,-12,-11,-562,0
5424,0,0,601,0,316,325,-7,-12,-11,-566,0
5428,0,0,601,0,313,322,-8,-12,-11,-569,0
5432,0,0,602,0,310,318,-8,-12,-11,-569,0
5436,0,0,602,0,307,315,-8,-12,-11,-573,0
5440,0,0,602,0,304,312,-8,-12,-11,-573,0
5444,0,0,603,0,301,308,-8,-12,-11,-569,0
5448,0,0,603,0,298,305,-9,-12,-11,-576,0
5452,0,0,604,0,294,302,-9,-12,-11,-584,0
5456,0,0,603,0,291,298,-9,-12,-11,-580,0
5460,0,0,604,0,288,294,-9,-12,-11,-580,0
5464,0,0,604,0,285,291,-10,-12,-11,-580,0
5468,0,0,604,0,282,288,-10,-12,-11,-584,0
5472,0,0,605,0,278,284,-10,-12,-11,-580,0
5476,0,0,604,0,275,281,-10,-12,-11,-584,0
5480,0,0,605,0,272,277,-10,-12,-11,-584,0
5484,0,0,605,0,269,274,-10,-12,-11,-584,0
5488,0,0,605,0,265,270,-11,-12,-11,-587,0
5492,0,0,606,0,262,267,-11,-12,-11,-591,0
5496,0,0,605,0,259,264,-11,-12,-11,-587,0
5500,0,0,606,0,256,260,-11,-12,-11,-587,0
5504,0,0,607,0,253,257,-11,-12,-11,-591,0
5508,0,0,606,0,250,254,-11,-12,-11,-594,0
5512,0,0,607,0,246,250,-12,-12,-12,-591,0
5516,0,0,606,0,243,246,-12,-12,-12,-591,0
5520,0,0,607,0,240,243,-12,-12,-12,-594,0
5524,0,0,607,0,236,240,-12,-12,-12,-594,0
5528,0,0,607,0,233,236,-12,-12,-12,-591,0
5532,0,0,608,0,230,233,-12,-12,-12,-594,0
5536,0,0,607,0,227,229,-12,-12,-12,-594,0
5540,0,0,608,0,223,226,-12,-12,-12,-598,0
5544,0,0,609,0,220,222,-13,-12,-12,-598,0
5548,0,0,609,0,217,219,-13,-12,-12,-598,0
5552,0,0,609,0,214,216,-13,-12,-12,-591,0
5556,0,0,609,0,210,212,-13,-12,-12,-598,0
5560,0,0,609,0,207,209,-13,-12,-12,-598,0
5564,0,0,609,0,204,205,-13,-12,-12,-598,0
5568,0,0,609,0,201,202,-13,-12,-12,-594,0
5572,0,0,610,0,198,198,-14,-13,-13,-594,0
5576,0,0,610,0,194,195,-14,-13,-13,-598,0
5580,0,0,610,0,191,192,-14,-13,-13,-598,0
5584,0,0,610,0,188,188,-14,-13,-13,-594,0
5588,0,0,609,0,184,185,-14,-13,-13,-594,0
5592,0,0,610,0,181,181,-14,-13,-13,-598,0
5596,0,0,609,0,178,178,-14,-13,-13,-598,0
5600,0,0,609,0,175,174,-14,-13,-13,-598,0
5604,0,0,609,0,171,171,-14,-13,-13,-601,0
5608,0,0,608,0,168,168,-14,-13,-13,-594,0
5612,0,0,609,0,165,164,-14,-13,-13,-594,0
5616,0,0,607,0,162,161,-14,-13,-13,-601,0
5620,0,0,608,0,158,157,-14,-13,-13,-601,0
5624,0,0,607,0,155,154,-14,-13,-13,-598,0
5628,0,0,607,0,152,150,-14,-13,-13,-598,0
5632,0,0,607,0,148,147,-14,-13,-13,-598,0
5636,0,0,606,0,145,144,-14,-13,-13,-601,0
5640,0,0,606,0,142,140,-14,-13,-13,-598,0
5644,0,0,607,0,138,136,-13,-13,-13,-598,0
5648,0,0,605,0,135,133,-13,-13,-13,-601,0
5652,0,0,605,0,132,130,-13,-13,-13,-601,0
5656,0,0,604,0,129,126,-13,-13,-13,-598,0
5660,0,0,605,0,126,123,-13,-13,-13,-598,0
5664,0,0,604,0,122,120,-13,-13,-13,-601,0
5668,0,0,603,0,119,116,-13,-13,-13,-601,0
5672,0,0,604,0,116,112,-12,-13,-12,-601,0
5676,0,0,604,0,112,109,-12,-13,-12,-601,0
5680,0,0,603,0,109,106,-12,-13,-12,-601,0
5684,0,0,603,0,106,102,-12,-13,-12,-605,0
5688,0,0,601,0,102,99,-12,-13,-12,-601,0
5692,0,0,602,0,99,95,-12,-13,-12,-601,0
5696,0,0,601,0,96,92,-11,-13,-12,-601,0
5700,0,0,601,0,93,88,-11,-13,-12,-601,0
5704,0,0,600,0,90,85,-11,-13,-12,-601,0
5708,0,0,599,0,86,82,-11,-13,-12,-601,0
5712,0,0,600,0,83,78,-11,-13,-12,-605,0
5716,0,0,599,0,80,75,-10,-13,-12,-598,0
5720,0,0,599,0,76,71,-10,-13,-12,-601,0
5724,0,0,599,0,73,68,-10,-13,-12,-601,0
5728,0,0,598,0,70,64,-10,-13,-12,-601,0
5732,0,0,599,0,66,61,-10,-13,-12,-605,0
5736,0,0,598,0,63,58,-9,-13,-12,-598,0
5740,0,0,598,0,60,54,-9,-13,-12,-601,0
5744,0,0,598,0,57,51,-9,-13,-12,-601,0
5748,0,0,597,0,53,48,-9,-13,-12,-601,0
5752,0,0,598,0,50,44,-9,-13,-12,-601,0
5756,0,0,596,0,47,41,-9,-13,-12,-598,0
5760,0,0,597,0,43,37,-8,-13,-12,-605,0
5764,0,0,598,0,40,34,-8,-13,-12,-598,0
5768,0,0,596,0,37,30,-8,-13,-12,-598,0
5772,0,0,597,0,34,27,-8,-13,-12,-601,0
5776,0,0,596,0,30,24,-8,-13,-12,-601,0
5780,0,0,596,0,27,20,-8,-13,-12,-601,0
5784,0,0,596,0,24,17,-8,-13,-12,-598,0
5788,0,0,595,0,20,13,-8,-13,-12,-601,0
5792,0,0,597,0,17,10,-8,-13,-12,-598,0
5796,0,0,595,0,14,6,-7,-13,-11,-598,0
5800,0,0,596,0,11,3,-7,-13,-11,-601,0
5804,0,0,596,0,8,0,-7,-13,-11,-601,0
5808,0,0,595,0,4,-4,-7,-13,-11,-601,0
5812,0,0,596,0,1,-7,-7,-13,-11,-598,0
5816,0,0,595,0,-2,-11,-7,-13,-11,-601,0
5820,0,0,596,0,-6,-14,-7,-13,-11,-594,0
5824,0,0,596,0,-9,-18,-7,-13,-11,-598,0
5828,0,0,595,0,-12,-21,-7,-13,-11,-601,0
5832,0,0,597,0,-15,-24,-7,-13,-11,-594,0
5836,0,0,596,0,-19,-28,-7,-13,-11,-601,0
5840,0,0,596,0,-22,-31,-7,-13,-11,-598,0
5844,0,0,597,0,-25,-35,-7,-13,-11,-601,0
5848,0,0,596,0,-28,-38,-7,-13,-11,-598,0
5852,0,0,597,0,-32,-42,-7,-13,-11,-598,0
5856,0,0,596,0,-35,-45,-7,-13,-11,-601,0
5860,0,0,596,0,-38,-48,-7,-13,-11,-594,0
5864,0,0,597,0,-41,-52,-7,-13,-11,-598,0
5868,0,0,596,0,-45,-55,-7,-13,-11,-601,0
5872,0,0,597,0,-48,-59,-7,-13,-11,-601,0
5876,0,0,595,0,-51,-62,-7,-13,-11,-594,0
5880,0,0,597,0,-55,-66,-7,-13,-11,-598,0
5884,0,0,597,0,-58,-69,-7,-13,-11,-602,0
5888,0,0,596,0,-61,-72,-7,-13,-11,-598,0
5892,0,0,598,0,-64,-76,-7,-13,-11,-598,0
5896,0,0,596,0,-68,-79,-7,-13,-11,-598,0
5900,0,0,597,0,-71,-83,-7,-13,-11,-602,0
5904,0,0,597,0,-74,-86,-7,-13,-11,-594,0
5908,0,0,596,0,-77,-90,-7,-13,-11,-594,0
5912,0,0,598,0,-80,-93,-7,-13,-11,-602,0
5916,0,0,596,0,-84,-96,-7,-13,-11,-598,0
5920,0,0,597,0,-87,-100,-7,-13,-11,-601,0
5924,0,0,597,0,-90,-103,-7,-13,-11,-598,0
5928,0,0,597,0,-94,-107,-7,-14,-12,-601,0
5932,0,0,598,0,-97,-110,-7,-14,-12,-601,0
5936,0,0,597,0,-100,-114,-7,-14,-12,-594,0
5940,0,0,598,0,-103,-117,-7,-14,-12,-598,0
5944,0,0,599,0,-107,-120,-7,-14,-12,-598,0
5948,0,0,598,0,-110,-124,-7,-14,-12,-598,0
5952,0,0,599,0,-113,-127,-7,-14,-12,-598,0
5956,0,0,598,0,-116,-131,-7,-14,-12,-594,0
5960,0,0,599,0,-120,-134,-8,-14,-12,-601,0
5964,0,0,600,0,-123,-138,-8,-14,-12,-598,0
5968,0,0,599,0,-126,-141,-8,-14,-12,-598,0
5972,0,0,600,0,-129,-144,-8,-14,-12,-594,0
5976,0,0,599,0,-133,-148,-8,-14,-12,-598,0
5980,0,0,600,0,-136,-151,-8,-14,-12,-598,0
5984,0,0,600,0,-139,-154,-8,-14,-12,-598,0
5988,0,0,600,0,-142,-158,-8,-14,-12,-598,0
5992,0,0,601,0,-146,-162,-8,-14,-12,-598,0
5996,0,0,600,0,-149,-165,-8,-14,-12,-601,0
6000,0,0,601,0,-152,-168,-9,-14,-13,-594,0
6004,0,0,601,0,-155,-172,-9,-14,-13,-594,0
6008,0,0,600,0,-159,-175,-9,-14,-13,-601,0
6012,0,0,602,0,-162,-179,-9,-14,-13,-598,0
6016,0,0,601,0,-165,-182,-9,-14,-13,-598,0
6020,0,0,601,0,-169,-186,-9,-14,-13,-598,0
6024,0,0,602,0,-172,-189,-9,-14,-13,-602,0
6028,0,0,601,0,-175,-192,-9,-14,-13,-594,0
6032,0,0,603,0,-178,-196,-9,-14,-13,-594,0
6036,0,0,602,0,-181,-199,-9,-14,-13,-598,0
6040,0,0,602,0,-185,-203,-9,-14,-13,-598,0
6044,0,0,602,0,-188,-206,-10,-14,-13,-598,0
6048,0,0,602,0,-191,-210,-10,-14,-13,-594,0
6052,0,0,603,0,-195,-213,-10,-14,-13,-601,0
6056,0,0,602,0,-198,-216,-10,-14,-13,-602,0
6060,0,0,603,0,-201,-220,-10,-14,-13,-594,0
,,,,,,,,,,,
