0,0,0,527,-9,12,0,100,0,50,0,0
4,0,0,527,-9,12,0,100,0,50,43,0
8,0,0,527,-9,12,1,100,0,50,43,0
12,0,0,527,-9,13,1,100,0,50,46,0
16,0,0,527,-9,13,1,100,0,50,50,0
20,0,0,527,-8,13,1,100,0,50,50,0
24,0,0,527,-8,14,2,100,0,50,53,0
28,0,0,528,-8,14,3,100,0,50,57,0
32,0,0,527,-8,14,3,100,0,50,60,0
36,0,0,527,-7,15,4,100,0,50,60,0
40,0,0,528,-7,16,5,100,0,50,68,0
44,0,0,528,-7,16,5,100,0,50,75,0
48,0,0,527,-7,16,6,96,0,48,75,0
52,0,0,528,-6,17,7,89,0,44,78,0
56,0,0,528,-6,17,7,83,0,41,85,0
60,0,0,529,-6,18,8,77,0,38,85,0
64,0,0,529,-5,18,8,72,0,36,93,0
68,0,0,528,-5,18,9,67,0,33,93,0
72,0,0,527,-5,19,9,63,0,31,96,0
76,0,0,528,-4,19,9,59,0,29,100,0
80,0,0,527,-4,19,10,56,0,28,100,0
84,0,0,528,-3,20,10,53,0,26,103,0
88,0,0,528,-3,20,11,50,0,25,107,0
92,0,0,527,-3,20,11,47,0,23,111,0
96,0,0,527,-3,20,11,45,0,22,111,0
100,0,0,527,-2,20,11,43,0,21,111,0
104,0,0,527,-2,21,11,42,0,21,68,0
108,0,0,528,-2,21,11,40,0,20,71,0
112,0,0,528,-1,21,11,38,0,19,68,0
116,0,0,527,-1,21,11,37,0,18,64,0
120,0,0,527,-1,21,11,36,0,18,64,0
124,0,0,528,-1,21,11,35,0,17,60,0
128,0,0,528,-1,21,11,34,0,17,57,0
132,0,0,528,0,21,11,33,0,16,53,0
136,0,0,528,0,21,11,32,0,16,53,0
140,0,0,528,0,21,11,32,0,16,46,0
144,0,0,529,0,21,11,31,0,15,39,0
148,0,0,529,0,21,11,30,1,15,39,0
152,0,0,529,0,21,11,30,1,15,35,0
156,0,0,529,0,20,11,29,1,15,28,0
160,0,0,529,1,20,11,29,2,15,25,0
164,0,0,528,1,20,11,28,2,15,17,0
168,0,0,528,1,20,10,28,3,15,17,0
172,0,0,528,1,20,10,28,3,15,10,0
176,0,0,528,1,20,10,27,4,15,7,0
180,0,0,529,1,19,10,27,4,15,7,0
184,0,0,529,1,19,10,27,5,16,0,0
188,0,0,529,1,19,9,27,5,16,-3,0
192,0,0,529,1,19,9,26,5,15,-10,0
196,0,0,529,1,18,9,26,6,16,-14,0
200,0,0,529,1,18,9,26,7,16,-14,0
204,0,0,529,1,17,9,26,7,16,-14,0
208,0,0,530,1,17,8,26,8,17,-21,0
212,0,0,530,1,16,8,26,8,17,-25,0
216,0,0,530,1,16,8,25,9,17,-28,0
220,0,0,530,1,16,7,25,10,17,-28,0
224,0,0,530,1,15,7,25,10,17,-32,0
228,0,0,530,1,14,6,25,11,18,-35,0
232,0,0,530,1,14,6,25,11,18,-42,0
236,0,0,530,1,13,5,25,12,18,-42,0
240,0,0,531,1,13,5,25,12,18,-50,0
244,0,0,531,1,12,4,25,12,18,-50,0
248,0,0,532,1,11,3,24,13,18,-57,0
252,0,0,532,1,11,3,24,13,18,-64,0
256,0,0,532,1,10,2,24,13,18,-64,0
260,0,0,532,1,10,1,24,13,18,-68,0
264,0,0,533,1,9,1,24,13,18,-71,0
268,0,0,532,1,8,0,24,14,19,-75,0
272,0,0,531,1,8,0,24,14,19,-78,0
276,0,0,531,1,7,-1,24,14,19,-78,0
280,0,0,532,1,6,-1,24,14,19,-86,0
284,0,0,532,1,6,-1,24,14,19,-86,0
288,0,0,533,1,5,-2,24,15,19,-89,0
292,0,0,534,1,5,-2,23,15,19,-89,0
296,0,0,534,1,4,-3,23,15,19,-86,0
300,0,0,534,1,4,-3,23,15,19,-93,0
304,0,0,533,1,4,-3,23,15,19,-93,0
308,0,0,533,1,3,-3,23,16,19,-89,0
312,0,0,532,1,3,-3,23,16,19,-89,0
316,0,0,531,1,3,-3,23,16,19,-86,0
320,0,0,531,1,3,-3,23,16,19,-86,0
324,0,0,530,1,2,-2,23,16,19,-82,0
328,0,0,530,1,2,-2,23,17,20,-78,0
332,0,0,531,1,2,-2,23,17,20,-71,0
336,0,0,532,1,2,-1,23,17,20,-71,0
340,0,0,533,1,2,-1,23,18,20,-60,0
344,0,0,533,1,2,-1,23,18,20,-60,0
348,0,0,533,1,2,-1,23,18,20,-53,0
352,0,0,532,1,2,-1,23,18,20,-46,0
356,0,0,532,1,2,0,23,19,21,-46,0
360,0,0,531,1,2,0,23,19,21,-35,0
364,0,0,531,1,2,1,23,19,21,-32,0
368,0,0,531,1,3,1,23,19,21,-25,0
372,0,0,531,1,3,1,23,19,21,-14,0
376,0,0,531,1,3,2,23,19,21,-14,0
380,0,0,532,1,3,3,23,19,21,-3,0
384,0,0,532,1,3,3,23,19,21,3,0
388,0,0,532,1,4,4,23,19,21,7,0
392,0,0,532,1,4,4,23,19,21,17,0
396,0,0,532,1,4,5,23,19,21,21,0
400,0,0,531,1,5,6,23,19,21,28,0
404,0,0,530,1,5,6,23,19,21,35,0
424,0,0,535,1,8,10,23,17,20,60,0
428,0,0,536,1,9,11,23,17,20,64,0
432,0,0,537,1,9,11,23,16,19,71,0
436,0,0,539,1,10,12,22,16,19,71,0
440,0,0,539,1,10,13,22,15,18,75,0
444,0,0,539,1,11,14,22,15,18,78,0
448,0,0,540,1,11,15,21,15,18,85,0
452,0,0,541,1,12,15,21,14,17,89,0
456,0,0,541,1,12,16,21,14,17,93,0
460,0,0,541,1,13,17,21,14,17,93,0
464,0,0,541,1,13,17,20,13,16,100,0
468,0,0,542,1,13,18,20,13,16,96,0
472,0,0,543,1,14,19,20,13,16,100,0
476,0,0,542,1,14,20,20,13,16,103,0
480,0,0,542,1,15,20,19,12,15,103,0
484,0,0,542,1,15,21,19,12,15,107,0
488,0,0,543,1,15,21,19,12,15,107,0
492,0,0,543,1,16,22,19,11,15,100,0
496,0,0,543,1,16,23,19,11,15,103,0
500,0,0,543,1,16,23,19,11,15,107,0
504,0,0,543,1,16,23,18,11,14,100,0
508,0,0,544,1,17,24,18,10,14,96,0
512,0,0,545,1,17,25,18,10,14,100,0
516,0,0,545,1,17,25,18,10,14,100,0
520,0,0,545,1,17,25,18,9,13,93,0
524,0,0,545,1,17,26,17,9,13,89,0
528,0,0,546,1,18,26,17,8,12,89,0
532,0,0,546,1,18,27,17,8,12,85,0
536,0,0,546,1,18,27,17,8,12,89,0
540,0,0,545,1,18,27,17,7,12,82,0
544,0,0,545,1,18,27,17,7,12,78,0
548,0,0,545,1,18,28,17,6,11,71,0
552,0,0,546,1,18,28,17,6,11,71,0
556,0,0,546,1,18,28,17,5,11,68,0
560,0,0,546,1,18,29,16,4,10,64,0
564,0,0,546,1,18,29,16,4,10,60,0
568,0,0,546,1,18,29,16,3,9,60,0
572,0,0,546,1,18,29,16,2,9,53,0
576,0,0,546,1,18,29,16,2,9,50,0
580,0,0,546,1,18,29,16,1,8,46,0
584,0,0,546,1,18,29,16,0,8,39,0
588,0,0,547,1,18,29,16,0,8,39,0
592,0,0,547,1,18,29,16,0,8,39,0
596,0,0,548,1,18,29,16,-1,7,32,0
600,0,0,547,1,18,29,16,-2,7,28,0
604,0,0,547,1,18,29,16,-3,6,28,0
608,0,0,547,1,18,29,16,-4,6,28,0
612,0,0,547,1,18,29,16,-5,5,21,0
616,0,0,547,1,18,29,15,-6,4,17,0
620,0,0,547,1,18,29,15,-7,4,17,0
624,0,0,547,1,18,29,15,-8,3,17,0
628,0,0,547,1,18,29,15,-8,3,14,0
632,0,0,546,1,18,29,15,-9,3,10,0
636,0,0,546,1,18,29,15,-10,2,7,0
640,0,0,548,1,18,29,15,-11,2,7,0
644,0,0,546,1,18,29,15,-12,1,7,0
648,0,0,546,1,18,29,15,-13,1,7,0
652,0,0,547,1,18,29,15,-14,0,3,0
656,0,0,546,1,18,29,15,-15,0,3,0
660,0,0,547,1,18,29,15,-16,0,3,0
664,0,0,546,1,18,29,15,-17,-1,0,0
668,0,0,546,1,18,29,15,-18,-1,0,0
672,0,0,546,1,18,29,15,-19,-2,0,0
676,0,0,546,1,18,29,15,-20,-2,0,0
680,0,0,546,1,18,29,15,-21,-3,0,0
684,0,0,546,1,18,29,15,-22,-3,0,0
688,0,0,546,1,18,29,15,-23,-4,0,0
692,0,0,546,1,18,29,15,-24,-4,0,0
696,0,0,546,1,18,29,16,-25,-4,0,0
700,0,0,546,1,18,29,16,-26,-5,0,0
704,0,0,546,1,18,29,16,-27,-5,0,0
708,0,0,546,1,18,29,16,-28,-6,0,0
712,0,0,546,1,18,29,16,-29,-6,0,0
716,0,0,546,1,18,29,16,-30,-7,0,0
720,0,0,547,1,18,29,15,-31,-8,0,0
724,0,0,547,1,18,29,15,-32,-8,0,0
728,0,0,547,1,18,29,15,-33,-9,0,0
732,0,0,547,1,18,29,15,-34,-9,0,0
736,0,0,546,1,18,29,15,-35,-10,0,0
740,0,0,546,1,18,29,15,-36,-10,0,0
744,0,0,546,1,18,29,15,-37,-11,0,0
748,0,0,546,1,18,29,15,-38,-11,0,0
752,0,0,547,1,18,29,15,-39,-12,0,0
756,0,0,546,1,18,29,15,-40,-12,0,0
760,0,0,546,1,18,29,15,-41,-13,0,0
764,0,0,546,1,18,29,15,-42,-13,0,0
768,0,0,546,1,18,29,15,-43,-14,0,0
772,0,0,546,1,18,29,15,-44,-14,0,0
776,0,0,546,1,18,29,16,-45,-14,0,0
780,0,0,546,1,18,29,16,-46,-15,0,0
784,0,0,545,1,18,29,16,-47,-15,0,0
788,0,0,546,1,18,29,16,-48,-16,0,0
792,0,0,546,1,18,29,16,-49,-16,0,0
796,0,0,546,1,18,29,16,-50,-17,0,0
800,0,0,546,1,18,29,16,-51,-17,0,0
804,0,0,546,1,18,29,16,-52,-18,0,0
808,0,0,546,1,18,29,16,-53,-18,0,0
812,0,0,546,1,18,29,16,-54,-19,0,0
816,0,0,546,1,18,29,16,-55,-19,0,0
820,0,0,546,1,18,29,16,-56,-20,0,0
824,0,0,546,1,18,29,16,-57,-20,0,0
828,0,0,546,1,18,29,16,-58,-21,0,0
832,0,0,546,1,18,29,16,-59,-21,0,0
836,0,0,545,1,18,29,16,-60,-22,0,0
840,0,0,546,1,18,29,16,-61,-22,0,0
844,0,0,546,1,18,29,16,-62,-23,0,0
848,0,0,546,1,18,29,16,-63,-23,0,0
852,0,0,545,1,18,29,16,-64,-24,0,0
856,0,0,546,1,18,29,16,-65,-24,0,0
860,0,0,546,1,19,29,16,-66,-25,0,0
864,0,0,546,1,19,29,16,-67,-25,3,0
868,0,0,546,1,19,29,16,-67,-25,3,0
872,0,0,546,1,19,29,16,-68,-26,3,0
876,0,0,546,1,19,29,16,-69,-26,3,0
880,0,0,546,1,19,29,16,-69,-26,3,0
884,0,0,545,1,19,29,16,-70,-27,3,0
888,0,0,546,1,19,29,16,-70,-27,3,0
892,0,0,546,1,20,29,16,-71,-27,3,0
896,0,0,546,1,20,29,16,-71,-27,7,0
900,0,0,546,1,20,29,16,-71,-27,7,0
904,0,0,545,1,20,29,16,-71,-27,7,0
908,0,0,545,1,20,29,16,-71,-27,7,0
912,0,0,545,1,20,29,16,-71,-27,7,0
916,0,0,544,1,21,29,16,-71,-27,7,0
920,0,0,545,1,21,29,16,-71,-27,10,0
924,0,0,545,1,21,29,16,-71,-27,10,0
928,0,0,545,1,21,29,16,-70,-27,10,0
932,0,0,545,1,22,29,16,-70,-27,10,0
936,0,0,545,1,22,29,16,-69,-26,14,0
940,0,0,545,1,22,29,16,-69,-26,14,0
944,0,0,544,1,22,29,16,-68,-26,14,0
948,0,0,545,1,23,29,16,-67,-25,14,0
952,0,0,545,1,23,29,16,-67,-25,17,0
956,0,0,545,1,23,30,16,-66,-25,17,0
960,0,0,545,1,24,30,16,-65,-24,21,0
964,0,0,545,1,24,30,16,-64,-24,21,0
968,0,0,545,1,24,30,16,-63,-23,21,0
972,0,0,546,1,25,30,16,-62,-23,21,0
976,0,0,545,1,25,30,16,-61,-22,25,0
980,0,0,546,1,26,30,16,-60,-22,25,0
984,0,0,546,1,26,30,16,-59,-21,28,0
988,0,0,545,1,26,31,16,-58,-21,28,0
992,0,0,545,1,27,31,16,-57,-20,32,0
996,0,0,545,1,27,31,16,-57,-20,32,0
1000,0,0,545,1,28,31,16,-56,-20,32,0
1004,0,0,545,1,28,31,16,-55,-19,35,0
1008,0,0,545,1,29,32,16,-54,-19,35,0
1012,0,0,545,1,29,32,16,-53,-18,43,0
1016,0,0,545,1,30,32,16,-53,-18,43,0
1020,0,0,546,1,30,32,16,-52,-18,43,0
1024,0,0,545,1,31,32,16,-51,-17,43,0
1028,0,0,545,1,31,33,16,-50,-17,46,0
1032,0,0,546,1,32,33,16,-50,-17,50,0
1036,0,0,545,1,32,33,16,-49,-16,50,0
1040,0,0,545,1,33,33,16,-48,-16,50,0
1044,0,0,544,1,33,34,16,-48,-16,53,0
1048,0,0,545,1,34,34,16,-47,-15,57,0
1052,0,0,545,1,34,35,16,-47,-15,57,0
1056,0,0,545,1,35,35,16,-46,-15,60,0
1060,0,0,545,1,36,35,16,-45,-14,60,0
1064,0,0,544,1,36,36,16,-45,-14,60,0
1068,0,0,544,1,37,36,16,-44,-14,64,0
1072,0,0,545,1,38,37,16,-44,-14,68,0
1076,0,0,545,1,38,37,16,-43,-13,71,0
1080,0,0,545,1,39,37,16,-43,-13,71,0
1084,0,0,545,1,39,38,16,-42,-13,71,0
1088,0,0,546,1,40,38,16,-42,-13,75,0
1092,0,0,546,1,41,39,16,-42,-13,75,0
1096,0,0,546,1,41,39,16,-41,-12,78,0
1100,0,0,546,1,42,40,16,-41,-12,78,0
1104,0,0,546,1,43,40,16,-41,-12,82,0
1108,0,0,547,1,44,41,16,-40,-12,85,0
1112,0,0,547,1,44,41,16,-40,-12,85,0
1116,0,0,547,1,45,42,16,-40,-12,85,0
1120,0,0,548,1,46,42,16,-39,-11,89,0
1124,0,0,548,1,46,43,15,-39,-12,93,0
1128,0,0,548,1,47,43,15,-39,-12,93,0
1132,0,0,548,1,48,44,15,-39,-12,93,0
1136,0,0,549,1,48,45,15,-38,-11,96,0
1140,0,0,548,1,49,45,15,-38,-11,100,0
1144,0,0,548,1,50,46,15,-38,-11,100,0
1148,0,0,548,1,50,46,15,-38,-11,103,0
1152,0,0,548,1,51,47,15,-38,-11,100,0
1156,0,0,548,1,52,47,15,-38,-11,103,0
1160,0,0,548,1,53,48,15,-37,-11,103,0
1164,0,0,548,1,53,49,15,-37,-11,107,0
1168,0,0,548,1,54,49,15,-37,-11,107,0
1172,0,0,547,1,55,50,15,-37,-11,107,0
1176,0,0,547,1,56,51,15,-37,-11,107,0
1180,0,0,548,1,56,51,15,-37,-11,114,0
1184,0,0,547,1,57,52,15,-36,-10,111,0
1188,0,0,548,1,58,53,15,-36,-10,114,0
1192,0,0,548,1,59,54,15,-36,-10,118,0
1196,0,0,549,1,59,54,15,-36,-10,118,0
1200,0,0,549,1,60,55,15,-36,-10,125,0
1204,0,0,549,1,61,56,15,-36,-10,118,0
1208,0,0,550,1,62,57,14,-36,-11,121,0
1212,0,0,550,1,63,57,14,-36,-11,121,0
1216,0,0,550,1,64,58,14,-36,-11,125,0
1220,0,0,550,1,64,59,14,-35,-10,125,0
1224,0,0,549,1,65,60,14,-35,-10,125,0
1228,0,0,550,1,66,61,14,-35,-10,129,0
1232,0,0,550,1,67,61,14,-35,-10,132,0
1236,0,0,550,1,68,62,14,-35,-10,128,0
1240,0,0,551,1,69,63,14,-35,-10,136,0
1244,0,0,550,1,70,64,14,-35,-10,136,0
1248,0,0,551,1,70,65,14,-35,-10,136,0
1252,0,0,551,1,71,66,14,-35,-10,139,0
1256,0,0,551,1,72,67,14,-35,-10,139,0
1260,0,0,552,1,73,67,14,-35,-10,143,0
1264,0,0,551,1,74,68,13,-35,-11,139,0
1268,0,0,552,1,75,69,13,-35,-11,143,0
1272,0,0,552,1,75,70,13,-34,-10,146,0
1276,0,0,552,1,76,71,13,-34,-10,146,0
1280,0,0,552,1,77,72,13,-34,-10,143,0
1284,0,0,553,1,78,73,13,-34,-10,150,0
1288,0,0,553,1,79,74,13,-34,-10,150,0
1292,0,0,553,1,80,75,13,-34,-10,150,0
1296,0,0,553,1,81,75,13,-34,-10,150,0
1300,0,0,552,1,82,77,13,-34,-10,150,0
1304,0,0,553,1,82,77,13,-34,-10,157,0
1308,0,0,553,1,84,78,13,-34,-10,154,0
1312,0,0,554,1,84,80,12,-34,-11,157,0
1316,0,0,553,1,85,80,12,-34,-11,157,0
1320,0,0,554,1,86,81,12,-34,-11,157,0
1324,0,0,554,1,87,82,12,-34,-11,157,0
1328,0,0,555,1,88,83,12,-34,-11,161,0
1332,0,0,555,1,89,84,12,-34,-11,157,0
1336,0,0,556,1,90,85,12,-34,-11,161,0
1340,0,0,555,1,91,86,12,-34,-11,157,0
1344,0,0,555,1,92,87,12,-34,-11,161,0
1348,0,0,556,1,93,88,11,-34,-11,161,0
1352,0,0,557,1,94,89,11,-34,-11,164,0
1356,0,0,557,1,95,90,11,-34,-11,164,0
1360,0,0,557,1,96,91,11,-34,-11,164,0
1364,0,0,557,1,97,92,11,-34,-11,168,0
1368,0,0,557,1,98,93,11,-34,-11,168,0
1372,0,0,557,1,99,94,11,-33,-11,168,0
1376,0,0,557,1,100,95,11,-33,-11,168,0
1380,0,0,558,1,101,96,10,-33,-11,171,0
1384,0,0,557,1,102,97,10,-33,-11,175,0
1388,0,0,557,1,103,99,10,-33,-11,171,0
1392,0,0,558,1,104,99,10,-33,-11,175,0
1396,0,0,557,1,105,101,10,-33,-11,175,0
1400,0,0,557,1,106,102,10,-33,-11,175,0
1404,0,0,558,1,107,103,10,-33,-11,175,0
1408,0,0,559,1,108,104,10,-33,-11,179,0
1412,0,0,559,1,110,105,10,-33,-11,175,0
1416,0,0,560,1,111,106,10,-32,-11,182,0
1420,0,0,561,1,112,107,9,-32,-11,186,0
1424,0,0,560,1,113,109,9,-32,-11,186,0
1428,0,0,561,1,114,110,9,-32,-11,186,0
1432,0,0,561,1,115,111,9,-32,-11,189,0
1436,0,0,560,1,116,112,9,-32,-11,193,0
1440,0,0,561,1,118,113,9,-32,-11,193,0
1444,0,0,560,1,119,115,9,-32,-11,193,0
1448,0,0,561,1,120,116,9,-32,-11,197,0
1452,0,0,561,1,121,117,9,-32,-11,197,0
1456,0,0,561,1,122,118,8,-32,-12,197,0
1460,0,0,562,1,124,119,8,-31,-11,197,0
1464,0,0,563,1,125,121,8,-31,-11,200,0
1468,0,0,563,1,126,122,8,-31,-11,204,0
1472,0,0,564,1,127,123,8,-31,-11,204,0
1476,0,0,565,1,128,124,8,-31,-11,204,0
1480,0,0,565,1,130,125,7,-31,-12,207,0
1484,0,0,565,1,131,127,7,-31,-12,204,0
1488,0,0,565,1,132,128,7,-31,-12,211,0
1492,0,0,565,1,134,129,7,-31,-12,207,0
1496,0,0,564,1,135,131,7,-31,-12,211,0
1500,0,0,565,1,136,132,7,-31,-12,214,0
1504,0,0,565,1,138,133,7,-31,-12,214,0
1508,0,0,566,1,139,134,6,-31,-12,218,0
1512,0,0,565,1,140,135,6,-31,-12,218,0
1516,0,0,567,1,141,137,6,-31,-12,214,0
1520,0,0,568,1,143,138,6,-31,-12,214,0
1524,0,0,568,1,144,139,6,-31,-12,222,0
1528,0,0,568,1,145,141,6,-31,-12,218,0
1532,0,0,568,1,146,142,5,-31,-13,222,0
1536,0,0,568,1,148,143,5,-31,-13,218,0
1540,0,0,568,1,149,144,5,-31,-13,222,0
1544,0,0,567,1,150,145,5,-31,-13,225,0
1548,0,0,567,1,152,147,5,-31,-13,222,0
1552,0,0,568,1,153,148,5,-31,-13,225,0
1556,0,0,568,1,154,149,5,-31,-13,225,0
1560,0,0,569,1,155,151,5,-31,-13,225,0
1564,0,0,569,1,157,152,5,-31,-13,229,0
1568,0,0,569,1,158,153,4,-31,-13,225,0
1572,0,0,570,1,159,154,4,-31,-13,225,0
1576,0,0,571,1,161,155,4,-30,-13,229,0
1580,0,0,571,1,162,157,4,-30,-13,229,0
1584,0,0,570,1,163,158,4,-30,-13,229,0
1588,0,0,570,1,164,159,4,-30,-13,225,0
1592,0,0,570,1,166,161,4,-30,-13,229,0
1596,0,0,570,1,167,162,4,-30,-13,229,0
1600,0,0,570,1,168,163,4,-30,-13,225,0
1604,0,0,571,1,170,164,3,-30,-13,225,0
1608,0,0,572,1,171,165,3,-30,-13,225,0
1612,0,0,572,1,172,167,3,-30,-13,225,0
1616,0,0,573,1,173,167,3,-30,-13,229,0
1620,0,0,574,1,174,169,3,-30,-13,225,0
1624,0,0,574,1,175,170,3,-30,-13,222,0
1628,0,0,574,1,177,171,2,-30,-14,225,0
1632,0,0,573,1,178,172,2,-30,-14,222,0
1636,0,0,573,1,179,173,2,-30,-14,222,0
1640,0,0,572,1,180,175,2,-30,-14,218,0
1644,0,0,572,1,182,176,2,-30,-14,218,0
1648,0,0,573,1,183,177,2,-30,-14,222,0
1652,0,0,573,1,184,178,2,-30,-14,218,0
1656,0,0,574,1,185,179,2,-30,-14,218,0
1660,0,0,574,1,186,180,2,-30,-14,218,0
1664,0,0,574,1,187,181,2,-30,-14,211,0
1668,0,0,574,1,188,182,2,-30,-14,211,0
1672,0,0,574,1,189,183,2,-30,-14,211,0
1676,0,0,574,1,190,184,1,-30,-14,211,0
1680,0,0,573,1,192,185,1,-30,-14,204,0
1684,0,0,573,1,193,186,1,-30,-14,207,0
1688,0,0,573,1,194,187,1,-30,-14,207,0
1692,0,0,573,1,195,188,1,-30,-14,204,0
1696,0,0,573,1,196,189,1,-30,-14,204,0
1700,0,0,574,1,197,191,1,-30,-14,200,0
1704,0,0,574,1,198,191,1,-30,-14,204,0
1708,0,0,574,1,199,193,1,-30,-14,197,0
1712,0,0,575,1,200,193,1,-30,-14,200,0
1716,0,0,575,1,201,194,1,-29,-14,193,0
1720,0,0,576,1,202,195,1,-29,-14,197,0
1724,0,0,576,1,204,196,1,-29,-14,197,0
1728,0,0,576,1,205,197,1,-29,-14,193,0
1732,0,0,576,1,206,198,1,-29,-14,193,0
1736,0,0,576,1,207,199,1,-29,-14,193,0
1740,0,0,575,1,208,200,1,-29,-14,193,0
1744,0,0,574,1,209,201,1,-29,-14,189,0
1748,0,0,575,1,210,202,1,-28,-13,186,0
1752,0,0,575,1,211,203,0,-28,-14,186,0
1756,0,0,574,1,212,204,1,-28,-13,186,0
1760,0,0,575,1,213,205,1,-28,-13,186,0
1764,0,0,575,1,214,206,0,-28,-14,189,0
1768,0,0,575,1,216,207,0,-28,-14,186,0
1772,0,0,576,1,217,208,0,-28,-14,189,0
1776,0,0,576,1,218,209,0,-27,-13,186,0
1780,0,0,576,1,219,210,0,-27,-13,189,0
1784,0,0,575,1,220,211,0,-27,-13,186,0
1788,0,0,575,1,221,212,0,-27,-13,186,0
1792,0,0,575,1,222,213,0,-27,-13,186,0
1796,0,0,574,1,224,214,0,-27,-13,182,0
1800,0,0,574,1,225,215,0,-27,-13,189,0
1804,0,0,574,1,226,216,0,-27,-13,186,0
1808,0,0,574,1,227,217,0,-26,-13,193,0
1812,0,0,575,1,228,219,0,-26,-13,186,0
1816,0,0,574,1,230,219,0,-26,-13,193,0
1820,0,0,575,1,231,221,0,-26,-13,189,0
1824,0,0,574,1,232,221,1,-26,-12,193,0
1828,0,0,574,1,234,223,1,-26,-12,193,0
1832,0,0,573,1,235,224,1,-26,-12,197,0
1836,0,0,573,1,236,225,1,-26,-12,197,0
1840,0,0,573,1,237,226,1,-26,-12,197,0
1844,0,0,573,1,239,227,1,-26,-12,200,0
1848,0,0,572,1,240,228,1,-26,-12,200,0
1852,0,0,572,1,241,229,1,-25,-12,200,0
1856,0,0,572,1,243,231,1,-25,-12,204,0
1860,0,0,573,1,244,232,1,-25,-12,207,0
1864,0,0,572,1,245,233,1,-25,-12,204,0
1868,0,0,573,1,247,234,1,-25,-12,207,0
1872,0,0,572,1,248,235,1,-25,-12,207,0
1876,0,0,572,1,249,236,1,-25,-12,207,0
1880,0,0,571,1,251,237,1,-25,-12,211,0
1884,0,0,571,1,252,239,2,-25,-11,211,0
1888,0,0,570,1,254,240,2,-25,-11,215,0
1892,0,0,570,1,255,241,2,-24,-11,218,0
1896,0,0,569,1,256,242,2,-24,-11,218,0
1900,0,0,569,1,258,243,2,-24,-11,218,0
1904,0,0,568,1,260,245,2,-24,-11,218,0
1908,0,0,568,1,261,246,2,-24,-11,222,0
1912,0,0,568,1,262,247,3,-24,-10,225,0
1916,0,0,567,1,264,248,3,-24,-10,222,0
1920,0,0,568,1,265,249,3,-24,-10,225,0
1924,0,0,566,1,267,251,3,-23,-10,222,0
1928,0,0,565,1,268,252,3,-23,-10,229,0
1932,0,0,564,1,270,253,4,-23,-9,225,0
1936,0,0,563,1,271,255,4,-23,-9,229,0
1940,0,0,564,1,273,256,4,-23,-9,232,0
1944,0,0,563,1,274,257,4,-23,-9,232,0
1948,0,0,563,1,276,258,5,-23,-9,232,0
1952,0,0,563,1,277,259,5,-23,-9,236,0
1956,0,0,562,1,279,261,5,-23,-9,236,0
1960,0,0,561,1,280,262,5,-23,-9,236,0
1964,0,0,560,1,282,263,6,-23,-8,236,0
1968,0,0,559,1,284,265,6,-22,-8,240,0
1972,0,0,558,1,285,266,6,-22,-8,243,0
1976,0,0,556,1,287,267,7,-22,-7,243,0
1980,0,0,555,1,288,269,7,-22,-7,243,0
1984,0,0,555,1,290,270,7,-22,-7,247,0
1988,0,0,555,1,291,271,8,-22,-7,247,0
1992,0,0,554,1,293,272,8,-22,-7,-1770,0
1996,0,0,554,1,294,273,8,-22,-7,-1763,0
2000,0,0,554,1,296,275,9,-22,-6,-1766,0
2004,0,0,551,1,297,276,9,-22,-6,-1763,0
2008,0,0,551,1,299,278,10,-22,-6,-1766,0
2012,0,0,550,1,301,279,10,-21,-5,-1763,0
2016,0,0,547,1,302,280,10,-21,-5,-1759,0
2020,0,0,547,1,304,281,11,-21,-5,-1759,0
2024,0,0,545,1,306,283,11,-21,-5,-1755,0
2028,0,0,544,1,307,284,12,-21,-4,-1759,0
2032,0,0,545,1,309,285,12,-21,-4,-1759,0
2036,0,0,544,1,310,287,13,-21,-4,-1755,0
2040,0,0,543,1,312,288,13,-21,-4,-1759,0
2044,0,0,543,1,313,289,14,-21,-3,-1759,0
2048,0,0,541,1,315,291,14,-21,-3,-1759,0
2052,0,0,540,1,316,292,15,-21,-3,-1755,0
2056,0,0,539,1,318,293,15,-21,-3,-1759,0
2060,0,0,537,1,319,294,16,-20,-2,-1759,0
2064,0,0,536,1,321,296,16,-20,-2,-1759,0
2068,0,0,536,1,322,297,17,-20,-1,-1755,0
2072,0,0,535,1,324,298,17,-20,-1,-1763,0
2076,0,0,534,1,325,299,18,-20,-1,-1759,0
2080,0,0,534,1,326,300,18,-20,-1,-1763,0
2084,0,0,533,1,328,301,18,-20,-1,-1763,0
2088,0,0,532,1,329,303,19,-20,0,-1763,0
2092,0,0,531,1,331,304,19,-20,0,254,0
2096,0,0,530,1,332,305,20,-20,0,247,0
2100,0,0,529,1,334,306,20,-20,0,247,0
2104,0,0,527,1,335,307,21,-19,1,247,0
2108,0,0,527,1,336,309,21,-19,1,243,0
2112,0,0,527,1,338,309,22,-19,1,243,0
2116,0,0,526,1,339,311,22,-19,1,243,0
2120,0,0,526,1,340,312,23,-19,2,240,0
2124,0,0,525,1,342,313,23,-19,2,236,0
2128,0,0,524,1,343,314,23,-19,2,236,0
2132,0,0,523,1,344,315,24,-19,2,236,0
2136,0,0,521,1,345,316,24,-19,2,229,0
2140,0,0,520,1,347,317,25,-19,3,232,0
2144,0,0,519,1,348,318,25,-19,3,229,0
2148,0,0,518,1,349,319,26,-19,3,229,0
2152,0,0,517,1,350,320,26,-18,4,222,0
2156,0,0,518,1,352,321,27,-18,4,222,0
2160,0,0,516,1,353,322,27,-18,4,222,0
2164,0,0,516,1,354,323,28,-18,5,222,0
2168,0,0,516,1,355,324,28,-18,5,214,0
2172,0,0,514,1,356,325,28,-18,5,218,0
2176,0,0,513,1,357,327,29,-18,5,211,0
2180,0,0,513,1,359,327,29,-18,5,218,0
2184,0,0,511,1,360,328,30,-18,6,211,0
2188,0,0,510,1,361,329,30,-18,6,211,0
2192,0,0,509,1,362,331,31,-18,6,204,0
2196,0,0,508,1,363,331,31,-17,7,207,0
2200,0,0,508,1,364,333,32,-17,7,204,0
2204,0,0,507,1,365,333,32,-17,7,204,0
2208,0,0,507,1,366,334,33,-17,8,200,0
2212,0,0,507,1,367,335,33,-17,8,200,0
2216,0,0,506,1,368,336,33,-16,8,193,0
2220,0,0,506,1,369,337,34,-16,9,197,0
2224,0,0,505,1,370,338,34,-16,9,193,0
2228,0,0,504,1,371,339,34,-16,9,189,0
2232,0,0,504,1,372,340,35,-16,9,189,0
2236,0,0,502,1,373,341,35,-15,10,189,0
2240,0,0,502,1,374,342,36,-15,10,186,0
2244,0,0,501,1,375,343,36,-15,10,186,0
2248,0,0,501,1,376,344,36,-15,10,186,0
2252,0,0,501,1,377,345,37,-15,11,186,0
2256,0,0,501,1,378,346,37,-14,11,186,0
2260,0,0,500,1,379,347,37,-14,11,182,0
2264,0,0,500,1,380,348,37,-14,11,182,0
2268,0,0,500,1,381,349,38,-14,12,182,0
2272,0,0,500,1,382,350,38,-14,12,179,0
2276,0,0,499,1,383,351,38,-13,12,182,0
2280,0,0,499,1,384,352,38,-13,12,175,0
2284,0,0,498,1,385,353,39,-13,13,179,0
2288,0,0,498,1,386,355,39,-13,13,175,0
2292,0,0,497,1,387,355,39,-13,13,182,0
2296,0,0,496,1,388,357,39,-13,13,175,0
2300,0,0,495,1,389,357,40,-12,14,182,0
2304,0,0,495,1,390,359,40,-12,14,175,0
2308,0,0,495,1,391,359,40,-12,14,182,0
2312,0,0,494,1,392,361,41,-12,14,179,0
2316,0,0,494,1,392,362,41,-12,14,182,0
2320,0,0,494,1,393,363,41,-12,14,175,0
2324,0,0,495,1,394,364,41,-12,14,179,0
2328,0,0,495,1,395,365,41,-12,14,179,0
2332,0,0,495,1,396,366,41,-12,14,179,0
2336,0,0,495,1,397,368,42,-12,15,179,0
2340,0,0,495,1,398,369,42,-12,15,182,0
2344,0,0,494,1,399,370,42,-12,15,182,0
2348,0,0,494,1,400,371,42,-12,15,182,0
2352,0,0,493,1,401,372,42,-12,15,182,0
2356,0,0,493,1,402,373,42,-12,15,182,0
2360,0,0,493,1,403,375,42,-12,15,182,0
2364,0,0,493,1,404,375,42,-12,15,186,0
2368,0,0,493,1,404,377,43,-12,15,186,0
2372,0,0,493,1,405,378,43,-12,15,182,0
2376,0,0,493,1,406,379,43,-12,15,182,0
2380,0,0,493,1,407,380,43,-12,15,182,0
2384,0,0,493,1,408,381,43,-12,15,182,0
2388,0,0,493,1,409,383,43,-13,15,182,0
2392,0,0,493,1,410,384,43,-13,15,182,0
2396,0,0,493,1,410,385,43,-13,15,186,0
2400,0,0,493,1,411,386,43,-13,15,179,0
2404,0,0,493,1,412,387,43,-13,15,182,0
2408,0,0,493,1,413,389,43,-13,15,179,0
2412,0,0,493,1,414,390,43,-13,15,182,0
2416,0,0,493,1,414,391,43,-14,14,182,0
2420,0,0,492,1,415,392,43,-14,14,182,0
2424,0,0,492,1,416,393,43,-14,14,182,0
2428,0,0,492,1,417,395,44,-14,15,182,0
2432,0,0,492,1,418,396,44,-14,15,186,0
2436,0,0,492,1,418,397,44,-14,15,186,0
2440,0,0,492,1,419,398,44,-15,14,179,0
2444,0,0,493,1,420,399,44,-15,14,179,0
2448,0,0,493,1,421,401,44,-15,14,182,0
2452,0,0,493,1,422,402,44,-15,14,182,0
2456,0,0,493,1,423,403,44,-16,14,182,0
2460,0,0,493,1,423,404,44,-16,14,182,0
2464,0,0,493,1,424,405,44,-16,14,179,0
2468,0,0,494,1,425,407,44,-16,14,175,0
2472,0,0,494,1,426,408,44,-16,14,182,0
2476,0,0,494,1,427,409,43,-17,13,182,0
2480,0,0,494,1,428,410,43,-17,13,182,0
2484,0,0,495,1,428,411,43,-17,13,186,0
2488,0,0,494,1,429,413,43,-17,13,179,0
2492,0,0,494,1,430,414,43,-17,13,179,0
2496,0,0,494,1,431,415,43,-18,12,179,0
2500,0,0,494,1,431,417,43,-18,12,182,0
2504,0,0,494,1,432,418,43,-18,12,186,0
2508,0,0,494,1,433,419,43,-18,12,182,0
2512,0,0,495,1,434,420,43,-18,12,179,0
2516,0,0,494,1,435,421,43,-19,12,179,0
2520,0,0,494,1,436,423,43,-19,12,182,0
2524,0,0,495,1,436,424,43,-19,12,186,0
2528,0,0,495,1,437,425,43,-19,12,182,0
2532,0,0,497,1,438,426,43,-19,12,179,0
2536,0,0,496,1,439,427,43,-20,11,182,0
2540,0,0,497,1,440,429,43,-20,11,186,0
2544,0,0,497,1,440,430,43,-20,11,186,0
2548,0,0,497,1,441,431,42,-20,11,179,0
2552,0,0,498,1,442,433,42,-20,11,179,0
2556,0,0,497,1,443,434,42,-21,10,182,0
2560,0,0,498,1,444,435,42,-21,10,182,0
2564,0,0,498,1,445,436,42,-21,10,182,0
2568,0,0,498,1,445,437,42,-21,10,186,0
2572,0,0,498,1,446,439,42,-22,10,182,0
2576,0,0,499,1,447,440,42,-22,10,182,0
2580,0,0,499,1,448,441,42,-22,10,182,0
2584,0,0,499,1,449,443,41,-22,9,179,0
2588,0,0,499,1,450,444,41,-22,9,189,0
2592,0,0,500,1,451,445,41,-23,9,186,0
2596,0,0,500,1,452,447,41,-23,9,186,0
2600,0,0,501,1,453,448,41,-23,9,189,0
2604,0,0,501,1,454,449,41,-23,9,186,0
2608,0,0,501,1,454,450,41,-24,8,189,0
2612,0,0,502,1,455,451,40,-24,8,186,0
2616,0,0,503,1,456,453,40,-24,8,186,0
2620,0,0,503,1,457,454,40,-24,8,189,0
2624,0,0,504,1,458,455,40,-25,7,186,0
2628,0,0,504,1,459,457,40,-25,7,189,0
2632,0,0,504,1,460,458,39,-25,7,193,0
2636,0,0,504,1,461,459,39,-25,7,189,0
2640,0,0,504,1,462,461,39,-25,7,189,0
2644,0,0,504,1,463,462,39,-26,6,193,0
2648,0,0,505,1,464,463,39,-26,6,197,0
2652,0,0,506,1,465,465,39,-26,6,197,0
2656,0,0,506,1,466,466,38,-26,6,197,0
2660,0,0,507,1,467,467,38,-26,6,197,0
2664,0,0,507,1,468,469,38,-26,6,197,0
2668,0,0,509,1,469,470,38,-27,5,200,0
2672,0,0,509,1,470,471,37,-27,5,200,0
2676,0,0,510,1,471,473,37,-27,5,200,0
2680,0,0,512,1,472,474,37,-27,5,204,0
2684,0,0,512,1,473,475,36,-27,4,204,0
2688,0,0,513,1,474,477,36,-27,4,200,0
2692,0,0,512,1,475,478,36,-27,4,204,0
2696,0,0,512,1,476,479,36,-28,4,207,0
2700,0,0,513,1,478,481,35,-28,3,207,0
2704,0,0,513,1,479,482,35,-28,3,207,0
2708,0,0,512,1,480,484,35,-28,3,211,0
2712,0,0,514,1,481,485,35,-28,3,214,0
2716,0,0,515,1,482,487,34,-28,3,214,0
2720,0,0,516,1,483,488,34,-28,3,214,0
2724,0,0,517,1,484,489,34,-29,2,214,0
2728,0,0,517,1,486,491,34,-29,2,218,0
2732,0,0,520,1,487,493,33,-29,2,218,0
2736,0,0,520,1,488,494,33,-29,2,222,0
2740,0,0,520,1,489,495,32,-29,1,222,0
2744,0,0,523,1,490,497,32,-29,1,218,0
2748,0,0,523,1,492,498,32,-29,1,222,0
2752,0,0,524,1,493,500,31,-29,1,225,0
2756,0,0,524,1,494,501,31,-29,1,225,0
2760,0,0,525,1,495,503,30,-29,0,225,0
2764,0,0,525,1,496,504,30,-30,0,229,0
2768,0,0,526,1,498,505,30,-30,0,225,0
2772,0,0,527,1,499,507,29,-30,0,229,0
2776,0,0,528,1,500,508,29,-30,0,232,0
2780,0,0,529,1,501,509,28,-30,-1,229,0
2784,0,0,530,1,502,511,28,-30,-1,236,0
2788,0,0,532,1,504,512,27,-30,-1,236,0
2792,0,0,533,1,505,514,27,-30,-1,236,0
2796,0,0,533,1,506,515,26,-30,-2,232,0
2800,0,0,535,1,507,517,26,-30,-2,229,0
2804,0,0,536,1,508,518,25,-30,-2,232,0
2808,0,0,536,1,510,519,25,-30,-2,232,0
2812,0,0,538,1,511,521,24,-31,-3,232,0
2816,0,0,539,1,512,522,24,-31,-3,236,0
2820,0,0,541,1,513,523,23,-31,-4,232,0
2824,0,0,542,1,514,525,23,-31,-4,232,0
2828,0,0,543,1,516,526,22,-31,-4,232,0
2832,0,0,545,1,517,527,22,-31,-4,232,0
2836,0,0,546,1,518,529,21,-31,-5,229,0
2840,0,0,547,1,519,530,20,-31,-5,232,0
2844,0,0,548,1,520,531,20,-31,-5,232,0
2848,0,0,549,1,521,533,19,-31,-6,229,0
2852,0,0,550,1,522,534,19,-31,-6,229,0
2856,0,0,551,1,523,535,18,-31,-6,225,0
2860,0,0,552,1,524,536,18,-31,-6,225,0
2864,0,0,552,1,526,537,17,-31,-7,222,0
2868,0,0,553,1,527,539,17,-31,-7,225,0
2872,0,0,554,1,528,540,16,-31,-7,225,0
2876,0,0,556,1,529,541,15,-32,-8,222,0
2880,0,0,556,1,530,542,15,-32,-8,222,0
2884,0,0,557,1,531,543,14,-32,-9,215,0
2888,0,0,559,1,532,545,14,-32,-9,215,0
2892,0,0,561,1,533,545,13,-32,-9,215,0
2896,0,0,561,1,534,547,13,-32,-9,211,0
2900,0,0,563,1,535,548,12,-32,-10,215,0
2904,0,0,563,1,536,549,12,-32,-10,211,0
2908,0,0,564,1,536,550,11,-32,-10,207,0
2912,0,0,565,1,538,551,10,-32,-11,207,0
2916,0,0,566,1,538,552,10,-32,-11,204,0
2920,0,0,567,1,540,553,9,-32,-11,200,0
2924,0,0,567,1,540,554,9,-32,-11,204,0
2928,0,0,568,1,542,555,8,-32,-12,200,0
2932,0,0,570,1,542,556,8,-32,-12,197,0
2936,0,0,571,1,543,557,7,-32,-12,193,0
2940,0,0,572,1,544,558,7,-32,-12,189,0
2944,0,0,573,1,545,559,6,-32,-13,189,0
2948,0,0,574,1,546,560,6,-32,-13,189,0
2952,0,0,575,1,547,561,5,-32,-13,186,0
2956,0,0,576,1,548,561,5,-32,-13,186,0
2960,0,0,577,1,548,562,4,-32,-14,182,0
2964,0,0,577,1,549,563,4,-32,-14,179,0
2968,0,0,578,1,550,564,3,-32,-14,175,0
2972,0,0,579,1,551,565,3,-32,-14,171,0
2976,0,0,579,1,552,566,2,-32,-15,171,0
2980,0,0,580,1,553,567,2,-32,-15,171,0
2984,0,0,581,1,554,567,1,-32,-15,171,0
2988,0,0,582,1,555,569,1,-32,-15,172,0
2992,0,0,583,1,555,569,0,-32,-16,168,0
2996,0,0,584,1,556,570,0,-32,-16,168,0
3000,0,0,585,1,557,571,0,-32,-16,161,0
3004,0,0,586,1,558,572,0,-32,-16,161,0
3008,0,0,587,1,559,573,-1,-32,-16,161,0
3012,0,0,589,1,560,573,-1,-32,-16,161,0
3016,0,0,589,1,561,574,-2,-32,-17,157,0
3020,0,0,591,1,562,575,-2,-32,-17,164,0
3024,0,0,591,1,563,576,-3,-32,-17,157,0
3028,0,0,591,1,564,577,-3,-32,-17,157,0
3032,0,0,592,1,564,578,-4,-32,-18,157,0
3036,0,0,592,1,566,579,-4,-32,-18,161,0
3040,0,0,593,1,566,579,-4,-32,-18,161,0
3044,0,0,594,1,568,580,-5,-32,-18,154,0
3048,0,0,595,1,569,581,-5,-32,-18,157,0
3052,0,0,596,1,570,582,-6,-32,-19,157,0
3056,0,0,596,1,570,583,-6,-32,-19,157,0
3060,0,0,596,1,572,584,-7,-32,-19,161,0
3064,0,0,598,1,572,585,-7,-32,-19,164,0
3068,0,0,598,1,574,585,-7,-32,-19,164,0
3072,0,0,600,1,574,586,-8,-31,-19,161,0
3076,0,0,600,1,576,587,-8,-31,-19,161,0
3080,0,0,601,1,577,588,-9,-31,-20,161,0
3084,0,0,601,1,578,589,-9,-31,-20,161,0
3088,0,0,602,1,579,590,-9,-31,-20,161,0
3092,0,0,603,1,580,591,-10,-31,-20,161,0
3096,0,0,603,1,581,591,-10,-31,-20,164,0
3100,0,0,603,1,582,593,-11,-30,-20,164,0
3104,0,0,604,1,583,593,-11,-30,-20,168,0
3108,0,0,605,1,584,594,-11,-30,-20,164,0
3112,0,0,605,1,585,595,-12,-30,-21,164,0
3116,0,0,605,1,586,596,-12,-30,-21,168,0
3120,0,0,607,1,588,597,-12,-29,-20,164,0
3124,0,0,607,1,589,598,-13,-29,-21,171,0
3128,0,0,607,1,590,599,-13,-29,-21,171,0
3132,0,0,608,1,591,599,-13,-29,-21,171,0
3136,0,0,608,1,592,600,-13,-29,-21,168,0
3140,0,0,609,1,593,601,-14,-29,-21,168,0
3144,0,0,608,1,595,602,-14,-28,-21,179,0
3148,0,0,609,1,596,603,-14,-28,-21,175,0
3152,0,0,609,1,597,604,-15,-28,-21,175,0
3156,0,0,609,1,598,605,-15,-28,-21,175,0
3160,0,0,610,1,600,606,-15,-28,-21,175,0
3164,0,0,610,1,601,607,-15,-28,-21,179,0
3168,0,0,611,1,602,608,-15,-27,-21,179,0
3172,0,0,612,1,603,609,-16,-27,-21,182,0
3176,0,0,611,1,605,609,-16,-27,-21,186,0
3180,0,0,612,1,606,610,-16,-27,-21,182,0
3184,0,0,612,1,607,611,-16,-27,-21,186,0
3188,0,0,613,1,608,612,-17,-26,-21,182,0
3192,0,0,613,1,610,613,-17,-26,-21,186,0
3196,0,0,612,1,611,614,-17,-26,-21,186,0
3200,0,0,613,1,612,615,-17,-26,-21,189,0
3204,0,0,613,1,614,616,-17,-26,-21,189,0
3208,0,0,613,1,615,617,-17,-25,-21,193,0
3212,0,0,613,1,617,618,-18,-25,-21,197,0
3216,0,0,613,1,618,619,-18,-25,-21,197,0
3220,0,0,614,1,620,620,-18,-25,-21,197,0
3224,0,0,614,1,621,621,-18,-25,-21,197,0
3228,0,0,614,1,622,622,-18,-24,-21,197,0
3232,0,0,615,1,624,623,-18,-24,-21,197,0
3236,0,0,614,1,625,624,-18,-24,-21,204,0
3240,0,0,615,1,626,625,-19,-24,-21,204,0
3244,0,0,614,1,628,625,-19,-24,-21,200,0
3248,0,0,614,1,629,627,-19,-24,-21,200,0
3252,0,0,615,1,630,627,-19,-23,-21,204,0
3256,0,0,614,1,632,629,-19,-23,-21,200,0
3260,0,0,615,1,633,629,-19,-23,-21,207,0
3264,0,0,614,1,634,630,-19,-23,-21,200,0
3268,0,0,614,1,636,632,-19,-22,-20,204,0
3272,0,0,615,1,637,632,-19,-22,-20,207,0
3276,0,0,614,1,639,633,-19,-22,-20,204,0
3280,0,0,615,1,640,634,-19,-22,-20,207,0
3284,0,0,615,1,641,635,-19,-22,-20,204,0
3288,0,0,614,1,643,636,-19,-21,-20,211,0
3292,0,0,615,1,644,637,-19,-21,-20,207,0
3296,0,0,614,1,646,638,-19,-21,-20,207,0
3300,0,0,614,1,647,639,-19,-21,-20,211,0
3304,0,0,614,1,648,639,-19,-21,-20,207,0
3308,0,0,614,1,650,640,-19,-20,-19,204,0
3312,0,0,614,1,651,641,-19,-20,-19,207,0
3316,0,0,615,1,652,642,-19,-20,-19,204,0
3320,0,0,614,1,654,643,-19,-20,-19,204,0
3324,0,0,614,1,655,644,-19,-19,-19,204,0
3328,0,0,613,1,656,645,-19,-19,-19,204,0
3332,0,0,613,1,658,645,-19,-19,-19,204,0
3336,0,0,612,1,659,647,-19,-18,-18,200,0
3340,0,0,613,1,660,647,-19,-18,-18,204,0
3344,0,0,611,1,662,648,-19,-18,-18,200,0
3348,0,0,612,1,663,649,-19,-18,-18,204,0
3352,0,0,612,1,664,649,-19,-17,-18,200,0
3356,0,0,611,1,665,650,-19,-17,-18,200,0
3360,0,0,612,1,667,651,-19,-17,-18,197,0
3364,0,0,611,1,668,652,-19,-16,-17,200,0
3368,0,0,611,1,669,652,-18,-16,-17,197,0
3372,0,0,612,1,670,653,-18,-16,-17,193,0
3376,0,0,610,1,672,654,-18,-16,-17,189,0
3380,0,0,611,1,673,655,-18,-15,-16,193,0
3384,0,0,610,1,674,655,-18,-15,-16,193,0
3388,0,0,610,1,675,656,-18,-15,-16,186,0
3392,0,0,611,1,676,657,-18,-14,-16,186,0
3396,0,0,609,1,677,657,-18,-14,-16,186,0
3400,0,0,609,1,678,658,-18,-14,-16,182,0
3404,0,0,608,1,680,659,-18,-13,-15,179,0
3408,0,0,609,1,681,659,-18,-13,-15,186,0
3412,0,0,609,1,682,660,-17,-13,-15,175,0
3416,0,0,608,1,683,660,-17,-12,-14,179,0
3420,0,0,609,1,684,661,-17,-12,-14,175,0
3424,0,0,608,1,685,661,-17,-12,-14,172,0
3428,0,0,607,1,686,662,-17,-11,-14,168,0
3432,0,0,607,1,687,663,-17,-11,-14,168,0
3436,0,0,607,1,688,663,-17,-11,-14,168,0
3440,0,0,606,1,689,663,-17,-10,-13,161,0
3444,0,0,605,1,690,664,-16,-10,-13,161,0
3448,0,0,606,1,691,665,-16,-9,-12,157,0
3452,0,0,605,1,692,665,-16,-9,-12,157,0
3456,0,0,604,1,693,665,-16,-9,-12,157,0
3460,0,0,606,1,694,666,-16,-8,-12,150,0
3464,0,0,605,1,695,667,-16,-8,-12,150,0
3468,0,0,604,1,696,667,-15,-7,-11,150,0
3472,0,0,605,1,697,667,-15,-7,-11,146,0
3476,0,0,603,1,698,668,-15,-7,-11,146,0
3480,0,0,603,1,698,668,-15,-6,-10,143,0
3484,0,0,603,1,699,669,-15,-6,-10,136,0
3488,0,0,602,1,700,669,-15,-5,-10,139,0
3492,0,0,602,1,701,669,-15,-5,-10,136,0
3496,0,0,601,1,702,670,-14,-4,-9,132,0
3500,0,0,601,1,702,670,-14,-4,-9,132,0
3504,0,0,600,1,703,671,-14,-3,-8,132,0
3508,0,0,600,1,704,671,-14,-3,-8,125,0
3512,0,0,599,1,705,671,-13,-3,-8,125,0
3516,0,0,598,1,706,672,-13,-2,-7,121,0
3520,0,0,598,1,706,672,-13,-2,-7,125,0
3524,0,0,598,1,707,672,-13,-1,-7,118,0
3528,0,0,598,1,708,673,-13,-1,-7,118,0
3532,0,0,597,1,709,673,-12,0,-6,118,0
3536,0,0,598,1,709,673,-12,0,-6,114,0
3540,0,0,597,1,710,674,-12,0,-6,114,0
3544,0,0,596,1,711,674,-12,0,-6,114,0
3548,0,0,596,1,712,674,-12,0,-6,111,0
3552,0,0,596,1,712,675,-11,1,-5,107,0
3556,0,0,595,1,713,675,-11,1,-5,107,0
3560,0,0,595,1,714,675,-11,2,-4,107,0
3564,0,0,593,1,714,676,-11,2,-4,103,0
3568,0,0,593,1,715,676,-10,2,-4,100,0
3572,0,0,593,1,716,677,-10,3,-3,100,0
3576,0,0,592,1,717,677,-10,3,-3,103,0
3580,0,0,591,1,717,677,-10,4,-3,100,0
3584,0,0,590,1,718,678,-9,4,-2,100,0
3588,0,0,589,1,719,678,-9,4,-2,100,0
3592,0,0,589,1,719,679,-9,5,-2,100,0
3596,0,0,588,1,720,679,-8,5,-1,100,0
3600,0,0,588,1,721,680,-8,6,-1,96,0
3604,0,0,587,1,722,680,-8,6,-1,100,0
3608,0,0,587,1,722,680,-8,6,-1,100,0
3612,0,0,588,1,723,681,-7,7,0,96,0
3616,0,0,585,1,724,681,-7,7,0,100,0
3620,0,0,584,1,724,682,-7,8,0,96,0
3624,0,0,583,1,725,682,-6,8,1,100,0
3628,0,0,583,1,726,683,-6,9,1,100,0
3632,0,0,582,1,726,683,-6,9,1,100,0
3636,0,0,580,1,727,684,-5,9,2,96,0
3640,0,0,579,1,728,684,-5,10,2,100,0
3644,0,0,578,1,728,685,-4,10,3,103,0
3648,0,0,577,1,729,685,-4,10,3,103,0
3652,0,0,576,1,730,686,-3,11,4,100,0
3656,0,0,575,1,731,687,-3,11,4,103,0
3660,0,0,574,1,732,687,-2,11,4,107,0
3664,0,0,573,1,732,688,-2,12,5,107,0
3668,0,0,572,1,733,689,-1,12,5,107,0
3672,0,0,572,1,734,689,-1,12,5,111,0
3676,0,0,571,1,735,690,-1,13,6,107,0
3680,0,0,570,1,736,691,0,13,6,111,0
3684,0,0,570,1,736,691,0,13,6,118,0
3688,0,0,568,1,737,692,0,14,7,111,0
3692,0,0,568,1,738,693,0,14,7,114,0
3696,0,0,566,1,739,693,1,14,7,118,0
3700,0,0,566,1,740,694,1,14,7,118,0
3704,0,0,563,1,741,695,2,15,8,118,0
3708,0,0,562,1,742,695,2,15,8,121,0
3712,0,0,561,1,742,696,3,15,9,125,0
3716,0,0,559,1,743,697,3,15,9,125,0
3720,0,0,558,1,744,698,4,16,10,128,0
3724,0,0,557,1,745,699,5,16,10,129,0
3728,0,0,555,1,746,699,5,16,10,132,0
3732,0,0,554,1,747,700,6,16,11,128,0
3736,0,0,552,1,748,701,6,16,11,139,0
3740,0,0,551,1,749,702,7,17,12,136,0
3744,0,0,549,1,749,703,8,17,12,136,0
3748,0,0,548,1,750,704,8,17,12,139,0
3752,0,0,548,1,751,705,9,17,13,143,0
3756,0,0,547,1,752,706,10,17,13,143,0
3760,0,0,545,1,753,707,10,17,13,143,0
3764,0,0,544,1,754,708,11,17,14,146,0
3768,0,0,543,1,755,709,12,17,14,150,0
3772,0,0,542,1,756,710,12,18,15,150,0
3776,0,0,540,1,757,711,13,18,15,154,0
3780,0,0,538,1,758,712,14,18,16,154,0
3784,0,0,537,1,759,713,14,18,16,154,0
3788,0,0,535,1,760,714,15,18,16,161,0
3792,0,0,534,1,761,715,16,18,17,161,0
3796,0,0,533,1,762,716,16,18,17,161,0
3800,0,0,533,1,762,717,17,18,17,164,0
3804,0,0,531,1,764,719,18,18,18,164,0
3808,0,0,531,1,764,720,18,18,18,168,0
3812,0,0,530,1,765,721,19,18,18,168,0
3816,0,0,529,1,766,722,19,18,18,172,0
3820,0,0,528,1,767,723,20,18,19,168,0
3824,0,0,528,1,768,725,20,18,19,171,0
3828,0,0,526,1,769,726,21,18,19,175,0
3832,0,0,525,1,770,727,22,18,20,179,0
3836,0,0,524,1,771,728,22,18,20,175,0
3840,0,0,523,1,772,729,23,17,20,179,0
3844,0,0,522,1,773,731,23,17,20,179,0
3848,0,0,520,1,774,732,24,17,20,182,0
3852,0,0,520,1,774,733,24,17,20,186,0
3856,0,0,519,1,775,735,25,17,21,182,0
3860,0,0,519,1,776,736,25,17,21,186,0
3864,0,0,518,1,777,737,26,17,21,186,0
3868,0,0,517,1,778,739,26,16,21,186,0
3872,0,0,516,1,779,740,27,16,21,189,0
3876,0,0,516,1,780,741,27,16,21,189,0
3880,0,0,515,1,781,742,28,16,22,189,0
3884,0,0,515,1,782,744,28,16,22,193,0
3888,0,0,514,1,783,745,29,15,22,193,0
3892,0,0,513,1,783,747,29,15,22,193,0
3896,0,0,513,1,784,748,30,15,22,197,0
3900,0,0,513,1,785,749,30,15,22,193,0
3904,0,0,512,1,786,751,30,15,22,193,0
3908,0,0,512,1,787,752,31,14,22,193,0
3912,0,0,511,1,788,753,31,14,22,197,0
3916,0,0,510,1,789,755,31,14,22,193,0
3920,0,0,510,1,790,756,32,14,23,200,0
3924,0,0,509,1,790,757,32,14,23,200,0
3928,0,0,508,1,791,759,32,13,22,193,0
3932,0,0,510,1,792,760,33,13,23,197,0
3936,0,0,508,1,793,762,33,13,23,200,0
3940,0,0,508,1,794,763,33,13,23,200,0
3944,0,0,508,1,795,765,33,13,23,200,0
3948,0,0,508,1,796,766,34,12,23,200,0
3952,0,0,508,1,796,767,34,12,23,200,0
3956,0,0,507,1,797,769,34,12,23,200,0
3960,0,0,508,1,798,770,34,12,23,200,0
3964,0,0,506,1,799,771,34,11,22,200,0
3968,0,0,507,1,800,773,35,11,23,200,0
3972,0,0,507,1,800,774,35,11,23,200,0
3976,0,0,506,1,801,776,35,11,23,200,0
3980,0,0,507,1,802,777,35,10,22,200,0
3984,0,0,506,1,803,779,35,10,22,197,0
3988,0,0,506,1,804,780,35,10,22,200,0
3992,0,0,505,1,805,781,36,10,23,200,0
3996,0,0,505,1,806,783,36,9,22,197,0
4000,0,0,505,1,807,784,36,9,22,204,0
4004,0,0,504,1,808,785,36,9,22,204,0
4008,0,0,504,1,808,787,36,9,22,200,0
4012,0,0,504,1,810,788,36,8,22,200,0
4016,0,0,504,1,810,790,37,8,22,207,0
4020,0,0,504,1,811,791,37,8,22,200,0
4024,0,0,505,1,812,793,37,8,22,200,0
4028,0,0,505,1,813,794,37,7,22,207,0
4032,0,0,505,1,814,795,37,7,22,204,0
4036,0,0,504,1,815,797,37,7,22,204,0
4040,0,0,505,1,816,799,37,7,22,204,0
4044,0,0,505,1,817,800,37,6,21,207,0
4048,0,0,504,1,818,801,37,6,21,204,0
4052,0,0,504,1,819,803,37,6,21,204,0
4056,0,0,503,1,820,805,37,6,21,211,0
4060,0,0,503,1,821,806,37,5,21,211,0
4064,0,0,503,1,822,807,37,5,21,211,0
4068,0,0,503,1,823,809,38,5,21,215,0
4072,0,0,503,1,824,811,38,5,21,211,0
4076,0,0,504,1,825,812,38,5,21,215,0
4080,0,0,504,1,826,813,38,4,21,215,0
4084,0,0,504,1,827,815,38,4,21,218,0
4088,0,0,504,1,828,817,38,4,21,215,0
4092,0,0,505,1,829,818,38,4,21,218,0
4096,0,0,505,1,830,820,38,4,21,222,0
4100,0,0,505,1,831,821,38,3,20,218,0
4104,0,0,505,1,833,823,38,3,20,225,0
4108,0,0,507,1,834,825,37,3,20,225,0
4112,0,0,505,1,835,827,37,3,20,229,0
4116,0,0,505,1,836,828,37,3,20,225,0
4120,0,0,505,1,837,830,37,2,19,229,0
4124,0,0,505,1,838,831,37,2,19,232,0
4128,0,0,505,1,840,833,37,2,19,232,0
4132,0,0,506,1,841,835,37,2,19,236,0
4136,0,0,506,1,842,837,37,2,19,236,0
4140,0,0,508,1,843,838,37,2,19,240,0
4144,0,0,507,1,844,840,37,1,19,236,0
4148,0,0,507,1,846,841,37,1,19,240,0
4152,0,0,508,1,847,843,37,1,19,247,0
4156,0,0,509,1,848,845,37,1,19,243,0
4160,0,0,509,1,850,847,36,1,18,243,0
4164,0,0,510,1,851,849,36,1,18,250,0
4168,0,0,509,1,852,850,36,0,18,250,0
4172,0,0,509,1,854,852,36,0,18,254,0
4176,0,0,509,1,855,854,36,0,18,254,0
4180,0,0,509,1,856,856,36,0,18,257,0
4184,0,0,510,1,858,858,36,0,18,258,0
4188,0,0,510,1,859,859,36,0,18,265,0
4192,0,0,511,1,860,861,35,0,17,265,0
4196,0,0,510,1,862,863,35,0,17,261,0
4200,0,0,513,1,863,865,35,0,17,268,0
4204,0,0,514,1,864,867,35,0,17,265,0
4208,0,0,514,1,866,869,35,0,17,272,0
4212,0,0,515,1,867,870,34,0,17,272,0
4216,0,0,516,1,869,872,34,0,17,272,0
4220,0,0,516,1,870,874,34,-1,16,279,0
4224,0,0,516,1,871,876,34,-1,16,275,0
4228,0,0,517,1,873,878,33,-1,16,279,0
4232,0,0,518,1,874,880,33,-1,16,279,0
4236,0,0,519,1,876,882,33,-1,16,279,0
4240,0,0,520,1,877,883,32,-1,15,283,0
4244,0,0,522,1,878,885,32,-2,15,286,0
4248,0,0,523,1,880,887,32,-2,15,286,0
4252,0,0,524,1,881,889,31,-2,14,283,0
4256,0,0,525,1,883,891,31,-2,14,290,0
4260,0,0,526,1,884,893,30,-2,14,290,0
4264,0,0,527,1,886,895,30,-2,14,286,0
4268,0,0,527,1,887,897,29,-2,13,290,0
4272,0,0,529,1,888,898,29,-3,13,290,0
4276,0,0,530,1,890,900,28,-3,12,290,0
4280,0,0,531,1,891,902,28,-3,12,290,0
4284,0,0,532,1,892,903,27,-3,12,290,0
4288,0,0,535,1,894,905,27,-3,12,286,0
4292,0,0,536,1,895,907,26,-3,11,286,0
4296,0,0,538,1,896,909,26,-3,11,290,0
4300,0,0,538,1,897,911,25,-4,10,286,0
4304,0,0,539,1,899,912,24,-4,10,290,0
4308,0,0,539,1,900,914,24,-4,10,286,0
4312,0,0,541,1,901,916,23,-4,9,283,0
4316,0,0,542,1,903,917,23,-4,9,286,0
4320,0,0,545,1,904,919,22,-4,9,279,0
4324,0,0,546,1,905,921,21,-4,8,286,0
4328,0,0,547,1,906,923,21,-5,8,279,0
4332,0,0,551,1,908,924,20,-5,7,283,0
4336,0,0,552,1,909,926,19,-5,7,283,0
4340,0,0,553,1,910,927,19,-5,7,275,0
4344,0,0,555,1,912,929,18,-5,6,275,0
4348,0,0,556,1,913,931,17,-5,6,275,0
4352,0,0,557,1,914,932,16,-5,5,275,0
4356,0,0,558,1,915,934,16,-6,5,272,0
4360,0,0,560,1,916,935,15,-6,4,268,0
4364,0,0,562,1,918,937,14,-6,4,268,0
4368,0,0,564,1,919,939,13,-6,3,265,0
4372,0,0,566,1,920,941,12,-6,3,265,0
4376,0,0,569,1,921,942,12,-6,3,265,0
4380,0,0,572,1,923,944,11,-6,2,265,0
4384,0,0,573,1,924,945,10,-7,1,265,0
4388,0,0,575,1,925,947,9,-7,1,261,0
4392,0,0,577,1,927,949,8,-7,0,265,0
4396,0,0,580,1,928,950,7,-7,0,265,0
4400,0,0,581,1,929,952,6,-7,0,261,0
4404,0,0,584,1,931,953,5,-7,-1,257,0
4408,0,0,587,1,932,955,4,-7,-1,258,0
4412,0,0,588,1,933,957,3,-7,-2,261,0
4416,0,0,590,1,935,958,2,-8,-3,257,0
4420,0,0,593,1,936,959,1,-8,-3,261,0
4424,0,0,594,1,937,961,0,-8,-4,254,0
4428,0,0,595,1,939,963,0,-8,-4,258,0
4432,0,0,598,1,940,964,-1,-8,-4,257,0
4436,0,0,599,1,941,966,-2,-8,-5,254,0
4440,0,0,602,1,943,968,-4,-8,-6,261,0
4444,0,0,602,1,944,969,-4,-8,-6,261,0
4448,0,0,602,1,946,971,-5,-8,-6,258,0
4452,0,0,605,1,947,972,-6,-8,-7,261,0
4456,0,0,607,1,949,974,-7,-9,-8,257,0
4460,0,0,607,1,950,976,-8,-9,-8,265,0
4464,0,0,610,1,952,977,-9,-9,-9,265,0
4468,0,0,611,1,953,979,-10,-9,-9,265,0
4472,0,0,613,1,955,980,-11,-9,-10,268,0
4476,0,0,613,1,956,982,-12,-9,-10,268,0
4480,0,0,615,1,958,983,-12,-9,-10,268,0
4484,0,0,615,1,960,985,-13,-9,-11,268,0
4488,0,0,616,1,962,987,-14,-9,-11,272,0
4492,0,0,617,1,963,989,-15,-9,-12,272,0
4496,0,0,618,1,965,990,-15,-9,-12,272,0
4500,0,0,619,1,966,992,-16,-9,-12,275,0
4504,0,0,620,1,968,993,-17,-9,-13,275,0
4508,0,0,621,1,970,995,-17,-9,-13,279,0
4512,0,0,621,1,972,997,-18,-9,-13,279,0
4516,0,0,622,1,973,999,-18,-9,-13,283,0
4520,0,0,623,1,975,1000,-19,-9,-14,286,0
4524,0,0,623,1,977,1002,-19,-9,-14,290,0
4528,0,0,624,1,979,1004,-20,-9,-14,290,0
4532,0,0,625,1,981,1005,-20,-9,-14,290,0
4536,0,0,624,1,982,1007,-21,-9,-15,293,0
4540,0,0,625,1,984,1009,-21,-9,-15,293,0
4544,0,0,625,1,986,1010,-22,-9,-15,293,0
4548,0,0,625,1,988,1012,-22,-9,-15,300,0
4552,0,0,626,1,990,1014,-22,-9,-15,297,0
4556,0,0,625,1,992,1016,-23,-9,-16,304,0
4560,0,0,626,1,994,1017,-23,-9,-16,304,0
4564,0,0,626,1,996,1019,-23,-9,-16,304,0
4568,0,0,626,1,998,1021,-23,-9,-16,308,0
4572,0,0,627,1,1000,1023,-24,-9,-16,308,0
4576,0,0,626,1,1002,1025,-24,-9,-16,311,0
4580,0,0,626,1,1004,1026,-24,-9,-16,315,0
4584,0,0,626,1,1006,1028,-24,-9,-16,315,0
4588,0,0,626,1,1008,1030,-24,-9,-16,318,0
4592,0,0,626,1,1010,1031,-25,-9,-17,318,0
4596,0,0,626,1,1012,1033,-25,-9,-17,318,0
4600,0,0,626,1,1014,1035,-25,-9,-17,322,0
4604,0,0,625,1,1016,1037,-25,-9,-17,326,0
4608,0,0,625,1,1018,1039,-25,-9,-17,326,0
4612,0,0,624,1,1020,1040,-25,-9,-17,329,0
4616,0,0,624,1,1022,1042,-25,-9,-17,326,0
4620,0,0,624,1,1024,1044,-25,-9,-17,326,0
4624,0,0,623,1,1026,1045,-25,-9,-17,329,0
4628,0,0,622,1,1028,1047,-25,-9,-17,329,0
4632,0,0,622,1,1030,1049,-24,-8,-16,329,0
4636,0,0,620,1,1032,1051,-24,-8,-16,333,0
4640,0,0,619,1,1034,1052,-24,-8,-16,333,0
4644,0,0,617,1,1036,1054,-24,-8,-16,340,0
4648,0,0,615,1,1038,1055,-23,-8,-15,336,0
4652,0,0,613,1,1040,1057,-23,-8,-15,340,0
4656,0,0,611,1,1042,1059,-22,-8,-15,336,0
4660,0,0,610,1,1044,1061,-22,-8,-15,336,0
4664,0,0,608,1,1047,1062,-21,-8,-14,340,0
4668,0,0,607,1,1049,1064,-21,-8,-14,336,0
4672,0,0,606,1,1051,1065,-20,-8,-14,336,0
4676,0,0,604,1,1053,1067,-20,-7,-13,333,0
4680,0,0,604,1,1055,1069,-19,-7,-13,333,0
4684,0,0,603,1,1057,1070,-18,-7,-12,336,0
4688,0,0,601,1,1059,1072,-18,-7,-12,336,0
4692,0,0,600,1,1060,1073,-17,-7,-12,333,0
4696,0,0,596,1,1062,1075,-16,-7,-11,333,0
4700,0,0,594,1,1064,1077,-16,-7,-11,329,0
4704,0,0,592,1,1066,1078,-15,-7,-11,329,0
4708,0,0,590,1,1068,1079,-14,-7,-10,326,0
4712,0,0,589,1,1070,1081,-13,-7,-10,322,0
4716,0,0,588,1,1072,1082,-13,-6,-9,326,0
4720,0,0,586,1,1074,1084,-12,-6,-9,326,0
4724,0,0,585,1,1076,1085,-11,-6,-8,322,0
4728,0,0,584,1,1077,1087,-10,-6,-8,322,0
4732,0,0,582,1,1079,1088,-9,-6,-7,322,0
4736,0,0,581,1,1081,1090,-9,-6,-7,318,0
4740,0,0,580,1,1082,1091,-8,-6,-7,315,0
4744,0,0,578,1,1084,1093,-7,-6,-6,308,0
4748,0,0,577,1,1086,1094,-6,-5,-5,308,0
4752,0,0,576,1,1087,1095,-6,-5,-5,304,0
4756,0,0,575,1,1089,1097,-5,-5,-5,308,0
4760,0,0,575,1,1090,1098,-4,-5,-4,301,0
4764,0,0,573,1,1092,1100,-4,-5,-4,300,0
4768,0,0,572,1,1094,1101,-3,-5,-4,297,0
4772,0,0,572,1,1095,1102,-2,-5,-3,293,0
4776,0,0,570,1,1097,1103,-2,-5,-3,293,0
4780,0,0,569,1,1098,1105,-1,-5,-3,290,0
4784,0,0,567,1,1100,1106,-1,-5,-3,283,0
4788,0,0,566,1,1101,1107,0,-4,-2,279,0
4792,0,0,564,1,1102,1109,0,-4,-2,275,0
4796,0,0,562,1,1104,1110,1,-4,-1,275,0
4800,0,0,562,1,1105,1111,1,-4,-1,275,0
4804,0,0,562,1,1106,1112,2,-4,-1,268,0
4808,0,0,560,1,1108,1113,2,-4,-1,265,0
4812,0,0,560,1,1109,1115,3,-4,0,265,0
4816,0,0,559,1,1110,1116,4,-4,0,261,0
4820,0,0,558,1,1111,1117,4,-4,0,254,0
4824,0,0,557,1,1112,1118,5,-4,0,250,0
4828,0,0,554,1,1114,1119,5,-4,0,247,0
4832,0,0,553,1,1115,1120,6,-4,1,243,0
4836,0,0,551,1,1116,1121,7,-4,1,240,0
4840,0,0,549,1,1117,1122,7,-4,1,236,0
4844,0,0,548,1,1118,1123,8,-4,2,232,0
4848,0,0,547,1,1119,1124,9,-3,3,229,0
4852,0,0,547,1,1120,1125,9,-3,3,229,0
4856,0,0,545,1,1122,1126,10,-3,3,218,0
4860,0,0,545,1,1122,1127,11,-3,4,222,0
4864,0,0,543,1,1124,1128,11,-3,4,211,0
4868,0,0,543,1,1124,1129,12,-3,4,214,0
4872,0,0,541,1,1126,1130,13,-3,5,211,0
4876,0,0,541,1,1126,1131,13,-3,5,207,0
4880,0,0,539,1,1127,1132,14,-3,5,200,0
4884,0,0,539,1,1128,1133,14,-3,5,200,0
4888,0,0,538,1,1129,1134,15,-3,6,197,0
4892,0,0,537,1,1130,1135,15,-3,6,197,0
4896,0,0,536,1,1131,1136,16,-3,6,193,0
4900,0,0,536,1,1132,1137,16,-3,6,189,0
4904,0,0,534,1,1133,1138,17,-3,7,189,0
4908,0,0,534,1,1134,1139,18,-3,7,189,0
4912,0,0,533,1,1134,1140,18,-3,7,186,0
4916,0,0,531,1,1135,1141,19,-3,8,179,0
4920,0,0,531,1,1136,1142,19,-4,7,179,0
4924,0,0,530,1,1137,1143,20,-4,8,179,0
4928,0,0,528,1,1138,1144,20,-4,8,179,0
4932,0,0,527,1,1139,1145,21,-4,8,175,0
4936,0,0,526,1,1140,1146,21,-4,8,175,0
4940,0,0,525,1,1140,1147,22,-4,9,175,0
4944,0,0,524,1,1141,1148,22,-4,9,175,0
4948,0,0,522,1,1142,1149,23,-4,9,172,0
4952,0,0,521,1,1143,1151,23,-4,9,168,0
4956,0,0,520,1,1144,1151,24,-5,9,175,0
4960,0,0,519,1,1145,1153,25,-5,10,168,0
4964,0,0,519,1,1146,1154,25,-5,10,175,0
4968,0,0,518,1,1147,1155,26,-5,10,172,0
4972,0,0,516,1,1148,1156,26,-5,10,172,0
4976,0,0,516,1,1148,1157,27,-5,11,172,0
4980,0,0,515,1,1149,1159,27,-5,11,172,0
4984,0,0,513,1,1150,1160,28,-5,11,179,0
4988,0,0,512,1,1151,1161,28,-5,11,175,0
4992,0,0,510,1,1152,1162,29,-6,11,175,0
4996,0,0,509,1,1153,1164,30,-6,12,175,0
5000,0,0,508,1,1154,1165,30,-6,12,179,0
5004,0,0,507,1,1155,1166,31,-6,12,179,0
5008,0,0,506,1,1156,1167,31,-6,12,179,0
5012,0,0,504,1,1157,1169,32,-6,13,179,0
5016,0,0,504,1,1158,1170,33,-6,13,186,0
5020,0,0,504,1,1159,1171,33,-7,13,186,0
5024,0,0,503,1,1160,1173,34,-7,13,186,0
5028,0,0,501,1,1161,1174,34,-7,13,189,0
5032,0,0,501,1,1162,1175,35,-7,14,189,0
5036,0,0,500,1,1163,1177,35,-7,14,193,0
5040,0,0,499,1,1164,1179,36,-7,14,193,0
5044,0,0,498,1,1166,1180,36,-7,14,197,0
5048,0,0,496,1,1167,1181,37,-8,14,204,0
5052,0,0,495,1,1168,1183,37,-8,14,207,0
5056,0,0,494,1,1169,1185,38,-8,15,204,0
5060,0,0,493,1,1170,1187,39,-8,15,211,0
5064,0,0,493,1,1172,1188,39,-8,15,215,0
5068,0,0,492,1,1173,1190,40,-8,16,215,0
5072,0,0,491,1,1174,1191,40,-8,16,218,0
5076,0,0,490,1,1176,1193,41,-9,16,218,0
5080,0,0,490,1,1177,1195,41,-9,16,229,0
5084,0,0,489,1,1178,1197,42,-9,16,225,0
5088,0,0,487,1,1180,1199,42,-9,16,232,0
5092,0,0,486,1,1181,1200,43,-9,17,240,0
5096,0,0,486,1,1182,1202,43,-9,17,240,0
5100,0,0,485,1,1184,1204,44,-9,17,240,0
5104,0,0,484,1,1185,1206,44,-9,17,247,0
5108,0,0,484,1,1187,1208,44,-10,17,250,0
5112,0,0,483,1,1188,1210,45,-10,17,257,0
5116,0,0,482,1,1190,1212,45,-10,17,258,0
5120,0,0,482,1,1192,1214,46,-10,18,265,0
5124,0,0,482,1,1193,1216,46,-10,18,272,0
5128,0,0,482,1,1195,1218,46,-10,18,272,0
5132,0,0,481,1,1196,1220,47,-10,18,279,0
5136,0,0,481,1,1198,1222,47,-11,18,279,0
5140,0,0,481,1,1200,1224,47,-11,18,286,0
5144,0,0,481,1,1202,1226,48,-11,18,290,0
5148,0,0,480,1,1203,1228,48,-11,18,293,0
5152,0,0,480,1,1205,1231,48,-11,18,297,0
5156,0,0,479,1,1206,1233,48,-11,18,304,0
5160,0,0,480,1,1208,1235,49,-11,19,308,0
5164,0,0,479,1,1210,1237,49,-11,19,304,0
5168,0,0,479,1,1212,1239,49,-12,18,311,0
5172,0,0,479,1,1214,1241,49,-12,18,315,0
5176,0,0,479,1,1216,1244,49,-12,18,322,0
5180,0,0,479,1,1217,1246,50,-12,19,326,0
5184,0,0,479,1,1219,1248,50,-12,19,329,0
5188,0,0,479,1,1221,1251,50,-12,19,329,0
5192,0,0,479,1,1223,1253,50,-12,19,333,0
5196,0,0,479,1,1225,1255,50,-12,19,340,0
5200,0,0,480,1,1226,1257,50,-13,18,343,0
5204,0,0,480,1,1228,1259,50,-13,18,344,0
5208,0,0,480,1,1230,1262,50,-13,18,344,0
5212,0,0,480,1,1232,1264,50,-13,18,347,0
5216,0,0,480,1,1234,1266,50,-13,18,351,0
5220,0,0,480,1,1235,1269,50,-13,18,354,0
5224,0,0,480,1,1237,1271,50,-13,18,354,0
5228,0,0,480,1,1239,1273,50,-13,18,354,0
5232,0,0,480,1,1241,1275,50,-13,18,354,0
5236,0,0,480,1,1243,1277,50,-14,18,358,0
5240,0,0,481,1,1244,1280,50,-14,18,358,0
5244,0,0,481,1,1246,1282,50,-14,18,361,0
5248,0,0,481,1,1248,1284,50,-14,18,358,0
5252,0,0,481,1,1250,1287,50,-14,18,358,0
5256,0,0,481,1,1252,1289,50,-14,18,361,0
5260,0,0,481,1,1253,1291,50,-14,18,361,0
5264,0,0,481,1,1255,1293,50,-14,18,365,0
5268,0,0,481,1,1257,1295,50,-14,18,361,0
5272,0,0,482,1,1258,1297,50,-15,17,361,0
5276,0,0,482,1,1260,1299,50,-15,17,361,0
5280,0,0,482,1,1262,1302,50,-15,17,358,0
5284,0,0,482,1,1264,1304,50,-15,17,358,0
5288,0,0,482,1,1265,1306,50,-15,17,361,0
5292,0,0,482,1,1267,1308,50,-15,17,354,0
5296,0,0,482,1,1269,1311,50,-15,17,354,0
5300,0,0,482,1,1270,1313,50,-15,17,358,0
5304,0,0,481,1,1272,1315,50,-16,17,354,0
5308,0,0,481,1,1273,1317,50,-16,17,358,0
5312,0,0,482,1,1275,1319,50,-16,17,354,0
5316,0,0,482,1,1276,1321,50,-16,17,351,0
5320,0,0,482,1,1278,1323,50,-16,17,347,0
5324,0,0,483,1,1280,1325,50,-16,17,344,0
5328,0,0,482,1,1281,1327,50,-16,17,347,0
5332,0,0,483,1,1283,1329,49,-16,16,344,0
5336,0,0,483,1,1284,1331,49,-17,16,343,0
5340,0,0,483,1,1286,1333,49,-17,16,340,0
5344,0,0,484,1,1287,1335,49,-17,16,336,0
5348,0,0,483,1,1289,1337,49,-17,16,336,0
5352,0,0,483,1,1290,1339,49,-17,16,336,0
5356,0,0,483,1,1292,1341,49,-17,16,333,0
5360,0,0,483,1,1294,1343,49,-17,16,329,0
5364,0,0,483,1,1295,1345,49,-18,15,329,0
5368,0,0,483,1,1297,1347,49,-18,15,329,0
5372,0,0,483,1,1298,1349,49,-18,15,329,0
5376,0,0,482,1,1300,1351,49,-18,15,326,0
5380,0,0,482,1,1301,1353,49,-18,15,329,0
5384,0,0,482,1,1303,1355,49,-18,15,322,0
5388,0,0,482,1,1304,1357,49,-18,15,322,0
5392,0,0,482,1,1306,1359,49,-19,15,322,0
5396,0,0,481,1,1307,1361,49,-19,15,322,0
5400,0,0,482,1,1309,1363,49,-19,15,315,0
5404,0,0,482,1,1310,1365,49,-19,15,318,0
5408,0,0,482,1,1312,1367,49,-19,15,315,0
5412,0,0,482,1,1314,1369,49,-19,15,315,0
5416,0,0,482,1,1315,1371,49,-19,15,318,0
5420,0,0,482,1,1317,1373,49,-20,14,315,0
5424,0,0,483,1,1318,1375,49,-20,14,318,0
5428,0,0,482,1,1320,1377,49,-20,14,315,0
5432,0,0,483,1,1322,1379,49,-20,14,318,0
5436,0,0,482,1,1323,1381,49,-20,14,318,0
5440,0,0,482,1,1325,1383,49,-20,14,318,0
5444,0,0,483,1,1326,1385,49,-20,14,318,0
5448,0,0,482,1,1328,1387,49,-21,14,318,0
5452,0,0,482,1,1330,1389,49,-21,14,318,0
5456,0,0,482,1,1331,1390,49,-21,14,318,0
5460,0,0,482,1,1333,1392,49,-21,14,318,0
5464,0,0,482,1,1335,1394,49,-21,14,318,0
5468,0,0,482,1,1336,1396,49,-21,14,318,0
5472,0,0,483,1,1338,1398,49,-21,14,315,0
5476,0,0,483,1,1340,1400,49,-22,13,318,0
5480,0,0,483,1,1342,1402,49,-22,13,315,0
5484,0,0,483,1,1343,1404,49,-22,13,322,0
5488,0,0,483,1,1345,1406,49,-22,13,318,0
5492,0,0,483,1,1346,1408,49,-22,13,322,0
5496,0,0,483,1,1348,1410,49,-22,13,322,0
5500,0,0,483,1,1350,1411,49,-22,13,322,0
5504,0,0,483,1,1351,1413,49,-22,13,318,0
5508,0,0,483,1,1353,1415,49,-22,13,318,0
5512,0,0,483,1,1354,1417,49,-23,13,318,0
5516,0,0,483,1,1356,1419,49,-23,13,318,0
5520,0,0,483,1,1358,1421,49,-23,13,318,0
5524,0,0,483,1,1360,1423,49,-23,13,318,0
5528,0,0,483,1,1361,1425,49,-23,13,322,0
5532,0,0,484,1,1363,1427,49,-23,13,318,0
5536,0,0,483,1,1365,1428,49,-23,13,318,0
5540,0,0,484,1,1366,1430,49,-23,13,322,0
5544,0,0,484,1,1368,1432,49,-23,13,322,0
5548,0,0,484,1,1370,1434,49,-23,13,318,0
5552,0,0,484,1,1371,1436,49,-23,13,318,0
5556,0,0,484,1,1373,1438,49,-23,13,318,0
5560,0,0,484,1,1375,1439,49,-23,13,318,0
5564,0,0,484,1,1376,1441,49,-24,12,315,0
5568,0,0,484,1,1378,1443,49,-24,12,315,0
5572,0,0,484,1,1380,1445,49,-24,12,318,0
5576,0,0,484,1,1381,1447,49,-24,12,318,0
5580,0,0,484,1,1383,1449,49,-24,12,-7797,0
5584,0,0,484,1,1384,1451,49,-24,12,-7804,0
5588,0,0,484,1,1386,1452,48,-24,12,-7804,0
5592,0,0,484,1,1388,1454,48,-24,12,-7808,0
5596,0,0,484,1,1389,1456,48,-24,12,-7808,0
5600,0,0,483,1,1391,1457,49,-24,12,-7808,0
5604,0,0,484,1,1392,1459,48,-24,12,-7804,0
5608,0,0,484,1,1394,1461,48,-24,12,-7804,0
5612,0,0,484,1,1396,1463,48,-24,12,-7808,0
5616,0,0,484,1,1397,1465,48,-24,12,-7808,0
5620,0,0,484,1,1399,1466,48,-24,12,-7808,0
5624,0,0,484,1,1400,1468,48,-24,12,-7811,0
5628,0,0,484,1,1402,1469,48,-25,11,-7815,0
5632,0,0,484,1,1403,1471,48,-25,11,-7811,0
5636,0,0,484,1,1404,1473,48,-25,11,-7818,0
5640,0,0,484,1,1406,1475,48,-25,11,-7818,0
5644,0,0,484,1,1408,1476,48,-25,11,-7822,0
5648,0,0,484,1,1409,1478,48,-25,11,-7818,0
5652,0,0,484,1,1410,1479,48,-25,11,-7822,0
5656,0,0,484,1,1412,1481,48,-25,11,-7825,0
5660,0,0,484,1,1413,1483,48,-25,11,-7825,0
5664,0,0,484,1,1415,1484,48,-25,11,-7822,0
5668,0,0,483,1,1416,1485,48,-25,11,-7826,0
5672,0,0,484,1,1418,1487,48,-25,11,-7833,0
5676,0,0,483,1,1419,1489,48,-25,11,-7833,0
5680,0,0,483,1,1420,1490,49,-25,12,279,0
5684,0,0,483,1,1422,1491,49,-25,12,279,0
5688,0,0,483,1,1423,1493,49,-25,12,283,0
5692,0,0,483,1,1424,1494,49,-25,12,279,0
5696,0,0,482,1,1426,1496,49,-25,12,275,0
5700,0,0,482,1,1427,1497,49,-25,12,275,0
5704,0,0,482,1,1428,1499,49,-25,12,268,0
5708,0,0,482,1,1430,1500,49,-26,11,268,0
5712,0,0,482,1,1431,1501,49,-26,11,268,0
5716,0,0,481,1,1432,1503,49,-26,11,261,0
5720,0,0,481,1,1434,1504,49,-26,11,261,0
5724,0,0,481,1,1435,1506,49,-26,11,265,0
5728,0,0,481,1,1436,1507,49,-26,11,261,0
5732,0,0,480,1,1438,1509,49,-26,11,254,0
5736,0,0,480,1,1439,1510,50,-26,12,261,0
5740,0,0,480,1,1441,1511,50,-26,12,254,0
5744,0,0,480,1,1442,1513,50,-26,12,258,0
5748,0,0,479,1,1443,1515,50,-26,12,254,0
5752,0,0,479,1,1445,1516,50,-26,12,254,0
5756,0,0,479,1,1446,1518,50,-26,12,254,0
5760,0,0,478,1,1447,1520,50,-26,12,254,0
5764,0,0,478,1,1449,1521,50,-26,12,254,0
5768,0,0,477,1,1450,1523,50,-26,12,254,0
5772,0,0,477,1,1452,1524,51,-26,12,257,0
5776,0,0,477,1,1453,1526,51,-26,12,254,0
5780,0,0,476,1,1455,1527,51,-26,12,254,0
5784,0,0,476,1,1456,1529,51,-26,12,257,0
5788,0,0,475,1,1458,1531,51,-26,12,254,0
5792,0,0,475,1,1459,1532,52,-26,13,261,0
5796,0,0,475,1,1461,1534,52,-26,13,261,0
5800,0,0,475,1,1462,1536,52,-26,13,261,0
5804,0,0,474,1,1464,1537,52,-27,12,265,0
5808,0,0,474,1,1466,1539,52,-27,12,265,0
5812,0,0,474,1,1467,1541,52,-27,12,268,0
5816,0,0,473,1,1469,1543,52,-27,12,272,0
5820,0,0,473,1,1470,1545,53,-27,13,275,0
5824,0,0,472,1,1472,1546,53,-27,13,272,0
5828,0,0,472,1,1474,1548,53,-27,13,275,0
5832,0,0,472,1,1475,1550,53,-27,13,283,0
5836,0,0,472,1,1477,1552,53,-27,13,279,0
5840,0,0,471,1,1478,1553,54,-27,13,286,0
5844,0,0,471,1,1480,1555,54,-27,13,286,0
5848,0,0,470,1,1482,1557,54,-27,13,290,0
5852,0,0,471,1,1484,1559,54,-27,13,290,0
5856,0,0,470,1,1486,1561,54,-27,13,293,0
5860,0,0,470,1,1487,1563,54,-27,13,297,0
5864,0,0,471,1,1489,1565,54,-27,13,293,0
5868,0,0,470,1,1490,1567,55,-27,14,300,0
5872,0,0,470,1,1492,1569,55,-27,14,304,0
5876,0,0,470,1,1494,1571,55,-27,14,304,0
5880,0,0,469,1,1496,1573,55,-27,14,308,0
5884,0,0,470,1,1497,1575,55,-28,13,311,0
5888,0,0,471,1,1499,1576,55,-28,13,315,0
5892,0,0,472,1,1501,1578,55,-28,13,311,0
5896,0,0,471,1,1503,1580,55,-28,13,311,0
5900,0,0,475,1,1504,1581,55,-28,13,315,0
5904,0,0,476,1,1506,1583,55,-28,13,318,0
5908,0,0,477,1,1508,1585,54,-28,13,315,0
5912,0,0,479,1,1510,1587,54,-28,13,315,0
5916,0,0,480,1,1511,1588,54,-28,13,318,0
5920,0,0,481,1,1513,1590,53,-28,12,315,0
5924,0,0,482,1,1515,1592,53,-28,12,315,0
5928,0,0,482,1,1516,1593,53,-28,12,318,0
5932,0,0,482,1,1518,1595,52,-28,12,311,0
5936,0,0,482,1,1519,1596,52,-28,12,315,0
5940,0,0,482,1,1520,1598,52,-28,12,308,0
5944,0,0,481,1,1522,1599,52,-28,12,304,0
5948,0,0,481,1,1523,1601,51,-28,11,304,0
5952,0,0,481,1,1524,1602,51,-28,11,304,0
5956,0,0,481,1,1526,1603,51,-28,11,297,0
5960,0,0,481,1,1527,1605,51,-28,11,293,0
5964,0,0,481,1,1528,1606,51,-28,11,293,0
5968,0,0,482,1,1529,1607,51,-28,11,286,0
5972,0,0,482,1,1530,1608,51,-28,11,279,0
5976,0,0,482,1,1531,1609,50,-28,11,275,0
5980,0,0,482,1,1532,1611,50,-28,11,268,0
5984,0,0,482,1,1533,1611,50,-28,11,265,0
5988,0,0,482,1,1534,1613,50,-28,11,254,0
5992,0,0,482,1,1535,1613,50,-28,11,254,0
5996,0,0,481,1,1536,1614,50,-28,11,247,0
6000,0,0,482,1,1537,1615,50,-28,11,243,0
6004,0,0,481,1,1538,1616,50,-28,11,232,0
6008,0,0,482,1,1538,1617,50,-28,11,232,0
6012,0,0,481,1,1539,1618,50,-28,11,222,0
6016,0,0,481,1,1540,1618,50,-28,11,215,0
6020,0,0,481,1,1540,1619,50,-28,11,211,0
6024,0,0,480,1,1541,1620,50,-28,11,200,0
6028,0,0,480,1,1541,1620,50,-28,11,193,0
6032,0,0,480,1,1542,1621,50,-28,11,189,0
6036,0,0,480,1,1542,1621,50,-28,11,179,0
6040,0,0,479,1,1542,1622,50,-28,11,171,0
6044,0,0,480,1,1543,1623,50,-28,11,164,0
6048,0,0,480,1,1543,1623,50,-28,11,161,0
6052,0,0,479,1,1543,1623,50,-28,11,150,0
6056,0,0,480,1,1544,1624,50,-28,11,143,0
6060,0,0,480,1,1544,1624,50,-28,11,139,0
6064,0,0,480,1,1544,1624,50,-28,11,129,0
6068,0,0,480,1,1544,1625,50,-28,11,121,0
6072,0,0,480,1,1544,1625,50,-28,11,118,0
6076,0,0,479,1,1544,1625,50,-28,11,111,0
6080,0,0,479,1,1544,1625,50,-28,11,103,0
6084,0,0,480,1,1544,1625,50,-28,11,93,0
6088,0,0,478,1,1544,1625,51,-28,11,89,0
6092,0,0,478,1,1544,1625,51,-28,11,78,0
6096,0,0,478,1,1544,1625,51,-29,11,75,0
6100,0,0,479,1,1544,1625,51,-29,11,64,0
6104,0,0,479,1,1544,1625,51,-29,11,60,0
6108,0,0,479,1,1544,1625,51,-30,10,53,0
6112,0,0,479,1,1544,1625,51,-30,10,50,0
6116,0,0,479,1,1544,1625,51,-31,10,42,0
6120,0,0,479,1,1544,1624,51,-31,10,35,0
6124,0,0,479,1,1543,1624,51,-32,9,32,0
6128,0,0,481,1,1543,1624,51,-32,9,21,0
6132,0,0,480,1,1543,1624,51,-33,9,17,0
6136,0,0,479,1,1543,1624,51,-33,9,14,0
6140,0,0,479,1,1542,1623,51,-34,8,14,0
6144,0,0,478,1,1542,1623,51,-34,8,3,0
6148,0,0,478,1,1542,1623,51,-34,8,-3,0
6152,0,0,479,1,1541,1623,51,-35,8,-3,0
6156,0,0,479,1,1541,1622,51,-35,8,-7,0
6160,0,0,480,1,1540,1621,51,-36,7,-17,0
6164,0,0,479,1,1540,1621,51,-36,7,-25,0
6168,0,0,479,1,1539,1620,51,-36,7,-25,0
6172,0,0,480,1,1538,1620,51,-37,7,-35,0
6176,0,0,479,1,1537,1619,51,-37,7,-42,0
6180,0,0,480,1,1536,1618,51,-37,7,-46,0
6184,0,0,479,1,1536,1617,51,-37,7,-53,0
6188,0,0,480,1,1535,1616,51,-38,6,-57,0
6192,0,0,480,1,1534,1615,51,-38,6,-64,0
6196,0,0,481,1,1533,1614,51,-38,6,-71,0
6200,0,0,480,1,1531,1613,51,-38,6,-82,0
6204,0,0,480,1,1530,1612,51,-38,6,-89,0
6208,0,0,480,1,1529,1611,51,-38,6,-96,0
6212,0,0,481,1,1528,1609,51,-38,6,-103,0
6216,0,0,481,1,1526,1608,50,-38,6,-114,0
6220,0,0,482,1,1525,1607,50,-38,6,-125,0
6224,0,0,482,1,1524,1606,50,-38,6,-129,0
6228,0,0,483,1,1523,1605,50,-38,6,-132,0
6232,0,0,484,1,1522,1604,50,-38,6,-139,0
6236,0,0,484,1,1521,1603,50,-38,6,-146,0
6240,0,0,484,1,1520,1602,50,-38,6,-154,0
6244,0,0,484,1,1520,1601,50,-38,6,-154,0
6248,0,0,484,1,1519,1601,49,-38,5,-157,0
6252,0,0,484,1,1518,1600,49,-38,5,-161,0
6256,0,0,484,1,1517,1599,49,-38,5,-168,0
6260,0,0,484,1,1516,1598,49,-38,5,-168,0
6264,0,0,483,1,1516,1597,49,-38,5,-168,0
6268,0,0,483,1,1515,1596,49,-38,5,-171,0
6272,0,0,483,1,1514,1595,49,-38,5,-171,0
6276,0,0,483,1,1513,1594,49,-38,5,-172,0
6280,0,0,483,1,1512,1593,49,-38,5,-175,0
6284,0,0,482,1,1511,1592,49,-38,5,-175,0
6288,0,0,484,1,1510,1591,49,-38,5,-179,0
6292,0,0,484,1,1508,1589,49,-38,5,-179,0
6296,0,0,485,1,1508,1588,49,-38,5,-186,0
6300,0,0,485,1,1506,1587,49,-38,5,-179,0
6304,0,0,485,1,1506,1586,49,-38,5,-182,0
6308,0,0,486,1,1504,1585,48,-38,5,-182,0
6312,0,0,485,1,1504,1584,48,-38,5,-182,0
6316,0,0,484,1,1503,1583,48,-38,5,-175,0
6320,0,0,484,1,1502,1582,48,-38,5,-175,0
6324,0,0,485,1,1500,1581,48,-38,5,-172,0
6328,0,0,486,1,1500,1580,48,-38,5,-175,0
6332,0,0,484,1,1498,1579,48,-38,5,-175,0
6336,0,0,484,1,1497,1577,48,-39,4,-179,0
6340,0,0,484,1,1496,1576,48,-39,4,-179,0
6344,0,0,483,1,1495,1575,48,-39,4,-179,0
6348,0,0,483,1,1494,1573,48,-39,4,-182,0
6352,0,0,483,1,1493,1572,48,-39,4,-189,0
6356,0,0,482,1,1492,1570,49,-39,5,-189,0
6360,0,0,482,1,1490,1569,49,-39,5,-193,0
6364,0,0,481,1,1489,1567,49,-39,5,-197,0
6368,0,0,481,1,1488,1565,49,-40,4,-204,0
6372,0,0,480,1,1487,1564,49,-40,4,-207,0
6376,0,0,478,1,1485,1562,49,-40,4,-211,0
6380,0,0,477,1,1484,1561,50,-40,5,-215,0
6384,0,0,476,1,1483,1559,50,-40,5,-215,0
6388,0,0,475,1,1481,1557,50,-40,5,-218,0
6392,0,0,475,1,1480,1556,50,-40,5,-225,0
6396,0,0,475,1,1478,1554,51,-40,5,-222,0
6400,0,0,476,1,1477,1552,51,-41,5,-229,0
6404,0,0,477,1,1475,1550,51,-41,5,-229,0
6408,0,0,480,1,1474,1549,51,-41,5,-236,0
6412,0,0,481,1,1472,1547,51,-41,5,-236,0
6416,0,0,482,1,1470,1545,51,-41,5,-247,0
6420,0,0,484,1,1469,1543,50,-41,4,-254,0
6424,0,0,485,1,1467,1541,50,-41,4,-257,0
6428,0,0,485,1,1465,1539,50,-41,4,-261,0
6432,0,0,486,1,1463,1537,50,-41,4,-268,0
6436,0,0,485,1,1461,1535,50,-42,4,-272,0
6440,0,0,485,1,1459,1533,49,-42,3,-279,0
6444,0,0,485,1,1457,1531,49,-42,3,-286,0
6448,0,0,485,1,1455,1529,49,-42,3,-293,0
6452,0,0,485,1,1453,1527,49,-42,3,-300,0
6456,0,0,485,1,1451,1525,49,-42,3,-304,0
6460,0,0,485,1,1449,1522,49,-42,3,-311,0
6464,0,0,485,1,1447,1520,49,-42,3,-315,0
6468,0,0,485,1,1445,1518,49,-42,3,-318,0
6472,0,0,486,1,1443,1516,48,-42,3,-322,0
6476,0,0,486,1,1441,1514,48,-42,3,-326,0
6480,0,0,486,1,1438,1511,48,-42,3,-333,0
6484,0,0,487,1,1436,1509,48,-42,3,-343,0
6488,0,0,487,1,1434,1507,48,-42,3,-347,0
6492,0,0,487,1,1432,1505,48,-42,3,-347,0
6496,0,0,487,1,1429,1503,48,-42,3,-351,0
6500,0,0,487,1,1427,1500,48,-42,3,-361,0
6504,0,0,487,1,1425,1498,48,-42,3,-365,0
6508,0,0,487,1,1422,1496,47,-42,2,-372,0
6512,0,0,487,1,1420,1493,47,-42,2,-376,0
6516,0,0,486,1,1418,1491,47,-42,2,-379,0
6520,0,0,488,1,1416,1489,47,-42,2,-376,0
6524,0,0,488,1,1413,1486,47,-42,2,-387,0
6528,0,0,487,1,1411,1484,47,-42,2,-390,0
6532,0,0,487,1,1408,1481,47,-42,2,-390,0
6536,0,0,488,1,1406,1479,47,-42,2,-397,0
6540,0,0,488,1,1404,1477,47,-42,2,-397,0
6544,0,0,488,1,1401,1475,47,-42,2,-397,0
6548,0,0,487,1,1399,1472,47,-42,2,-404,0
6552,0,0,487,1,1396,1469,47,-42,2,-401,0
6556,0,0,487,1,1394,1467,47,-42,2,-408,0
6560,0,0,486,1,1391,1465,47,-42,2,-408,0
6564,0,0,486,1,1389,1462,47,-42,2,-415,0
6568,0,0,486,1,1386,1460,47,-42,2,-415,0
6572,0,0,486,1,1384,1457,47,-42,2,-422,0
6576,0,0,486,1,1381,1455,47,-42,2,-422,0
6580,0,0,486,1,1379,1453,47,-42,2,-422,0
6584,0,0,486,1,1376,1450,47,-42,2,-422,0
6588,0,0,486,1,1374,1448,47,-42,2,-426,0
6592,0,0,486,1,1372,1445,47,-42,2,-426,0
6596,0,0,486,1,1369,1443,47,-42,2,-430,0
6600,0,0,485,1,1367,1440,47,-42,2,-426,0
6604,0,0,485,1,1365,1438,47,-42,2,-430,0
6608,0,0,484,1,1362,1436,47,-42,2,-422,0
6612,0,0,484,1,1360,1433,47,-42,2,-433,0
6616,0,0,483,1,1358,1431,48,-42,3,-430,0
6620,0,0,483,1,1355,1429,48,-42,3,-433,0
6624,0,0,483,1,1353,1426,48,-42,3,-430,0
6628,0,0,483,1,1350,1424,48,-42,3,-430,0
6632,0,0,483,1,1348,1421,48,-42,3,-433,0
6636,0,0,483,1,1346,1419,48,-42,3,-430,0
6640,0,0,483,1,1344,1417,48,-42,3,-430,0
6644,0,0,483,1,1342,1415,48,-42,3,-430,0
6648,0,0,483,1,1339,1412,48,-42,3,-422,0
6652,0,0,482,1,1337,1410,48,-42,3,-430,0
6656,0,0,482,1,1335,1408,49,-42,3,-422,0
6660,0,0,481,1,1333,1406,49,-42,3,-422,0
6664,0,0,481,1,1331,1404,49,-42,3,-419,0
6668,0,0,481,1,1329,1401,49,-42,3,-419,0
6672,0,0,481,1,1327,1400,49,-42,3,-412,0
6676,0,0,480,1,1325,1397,49,-42,3,-415,0
6680,0,0,480,1,1323,1395,49,-42,3,-412,0
6684,0,0,481,1,1321,1393,49,-42,3,-404,0
6688,0,0,480,1,1319,1391,49,-42,3,-401,0
6692,0,0,480,1,1317,1389,50,-42,4,-401,0
6696,0,0,480,1,1315,1387,50,-42,4,-397,0
6700,0,0,480,1,1313,1385,50,-42,4,-394,0
6704,0,0,481,1,1311,1383,50,-42,4,-390,0
6708,0,0,479,1,1309,1381,50,-42,4,-390,0
6712,0,0,480,1,1307,1380,50,-42,4,-383,0
6716,0,0,480,1,1305,1378,50,-42,4,-379,0
6720,0,0,480,1,1304,1376,50,-42,4,-376,0
6724,0,0,480,1,1302,1374,50,-42,4,-376,0
6728,0,0,479,1,1300,1373,50,-42,4,-369,0
6732,0,0,480,1,1298,1371,50,-42,4,-365,0
6736,0,0,479,1,1297,1369,50,-42,4,-358,0
6740,0,0,479,1,1295,1367,50,-42,4,-358,0
6744,0,0,479,1,1293,1366,50,-43,3,-354,0
6748,0,0,480,1,1292,1364,50,-43,3,-351,0
6752,0,0,480,1,1290,1363,50,-43,3,-340,0
6756,0,0,479,1,1288,1361,50,-43,3,-336,0
6760,0,0,480,1,1287,1359,50,-43,3,-336,0
6764,0,0,479,1,1285,1358,51,-43,4,-333,0
6768,0,0,479,1,1283,1356,51,-43,4,-326,0
6772,0,0,480,1,1282,1355,51,-43,4,-326,0
6776,0,0,480,1,1280,1353,51,-43,4,-315,0
6780,0,0,480,1,1279,1352,51,-43,4,-315,0
6784,0,0,480,1,1278,1351,51,-43,4,-311,0
6788,0,0,480,1,1276,1349,51,-43,4,-308,0
6792,0,0,480,1,1275,1348,51,-43,4,-304,0
6796,0,0,480,1,1274,1346,51,-43,4,-300,0
6800,0,0,480,1,1272,1345,51,-43,4,-293,0
6804,0,0,480,1,1271,1344,51,-43,4,-290,0
6808,0,0,480,1,1270,1343,50,-43,3,-283,0
6812,0,0,480,1,1268,1341,50,-43,3,-275,0
6816,0,0,481,1,1267,1340,50,-43,3,-279,0
6820,0,0,481,1,1266,1339,50,-43,3,-272,0
6824,0,0,481,1,1265,1337,50,-43,3,-265,0
6828,0,0,481,1,1263,1337,50,-43,3,-265,0
6832,0,0,481,1,1262,1335,50,-43,3,-261,0
6836,0,0,481,1,1261,1334,50,-43,3,-258,0
6840,0,0,480,1,1260,1333,50,-43,3,-250,0
6844,0,0,480,1,1259,1332,50,-43,3,-247,0
6848,0,0,479,1,1258,1331,50,-43,3,-243,0
6852,0,0,479,1,1257,1330,50,-42,4,-240,0
6856,0,0,479,1,1256,1329,50,-42,4,-236,0
6860,0,0,478,1,1255,1328,51,-42,4,-229,0
6864,0,0,478,1,1254,1328,51,-42,4,-222,0
6868,0,0,478,1,1254,1327,51,-42,4,-218,0
6872,0,0,478,1,1253,1327,51,-42,4,-207,0
6876,0,0,477,1,1253,1327,51,-42,4,-204,0
6880,0,0,478,1,1252,1326,51,-42,4,-189,0
6884,0,0,478,1,1252,1326,51,-42,4,-189,0
6888,0,0,477,1,1252,1326,51,-42,4,-179,0
6892,0,0,477,1,1252,1326,51,-42,4,-168,0
6896,0,0,477,1,1252,1327,51,-42,4,-157,0
6900,0,0,477,1,1252,1327,51,-42,4,-146,0
6904,0,0,477,1,1252,1327,51,-42,4,-136,0
6908,0,0,477,1,1252,1327,52,-42,5,-129,0
6912,0,0,478,1,1253,1328,52,-42,5,-118,0
6916,0,0,478,1,1253,1328,52,-42,5,-100,0
6920,0,0,479,1,1253,1328,51,-42,4,-93,0
6924,0,0,479,1,1253,1328,51,-42,4,-85,0
6928,0,0,481,1,1253,1328,51,-42,4,-75,0
6932,0,0,481,1,1254,1328,51,-43,4,-64,0
6936,0,0,482,1,1254,1329,51,-43,4,-53,0
6940,0,0,482,1,1255,1329,51,-43,4,-42,0
6944,0,0,482,1,1256,1331,51,-43,4,-28,0
6948,0,0,484,1,1256,1331,50,-43,3,-14,0
6952,0,0,485,1,1258,1333,50,-44,3,0,0
6956,0,0,486,1,1259,1334,50,-44,3,14,0
6960,0,0,487,1,1260,1335,50,-44,3,28,0
6964,0,0,490,1,1262,1337,49,-44,2,46,0
6968,0,0,492,1,1264,1339,49,-44,2,60,0
6972,0,0,496,1,1266,1341,48,-45,1,78,0
6976,0,0,499,1,1267,1342,47,-45,1,96,0
6980,0,0,502,1,1269,1344,46,-45,0,111,0
6984,0,0,509,1,1271,1347,45,-45,0,132,0
6988,0,0,513,1,1273,1349,44,-46,-1,143,0
6992,0,0,518,1,1276,1351,43,-46,-1,161,0
6996,0,0,527,1,1278,1353,41,-46,-2,175,0
7000,0,0,533,1,1280,1355,39,-46,-3,186,0
7004,0,0,538,1,1282,1358,37,-47,-5,204,0
7008,0,0,546,1,1285,1361,35,-47,-6,218,0
7012,0,0,551,1,1287,1363,33,-47,-7,236,0
7016,0,0,557,1,1290,1366,31,-47,-8,250,0
7020,0,0,560,1,1292,1369,28,-47,-9,268,0
7024,0,0,562,1,1295,1371,26,-47,-10,290,0
7028,0,0,564,1,1298,1374,24,-47,-11,304,0
7032,0,0,565,1,1300,1377,22,-47,-12,326,0
7036,0,0,565,1,1303,1380,21,-47,-13,340,0
7040,0,0,565,1,1306,1383,19,-47,-14,358,0
7044,0,0,564,1,1309,1385,18,-47,-14,372,0
7048,0,0,561,1,1312,1389,17,-47,-15,387,0
7052,0,0,560,1,1314,1391,16,-47,-15,401,0
7056,0,0,558,1,1317,1395,15,-48,-16,408,0
7060,0,0,557,1,1320,1397,15,-48,-16,426,0
7064,0,0,555,1,1323,1401,14,-48,-17,437,0
7068,0,0,554,1,1326,1404,14,-48,-17,447,0
7072,0,0,552,1,1329,1407,14,-48,-17,455,0
7076,0,0,550,1,1332,1410,14,-48,-17,462,0
7080,0,0,549,1,1335,1413,14,-48,-17,469,0
7084,0,0,547,1,1338,1416,14,-48,-17,476,0
7088,0,0,545,1,1341,1419,14,-48,-17,487,0
7092,0,0,543,1,1344,1423,15,-48,-16,494,0
7096,0,0,542,1,1347,1426,15,-48,-16,501,0
7100,0,0,542,1,1350,1429,15,-48,-16,508,0
7104,0,0,539,1,1353,1433,16,-48,-16,512,0
7108,0,0,538,1,1356,1435,16,-48,-16,523,0
7112,0,0,538,1,1359,1439,16,-48,-16,523,0
7116,0,0,535,1,1362,1442,17,-48,-15,526,0
7120,0,0,535,1,1365,1445,17,-48,-15,530,0
7124,0,0,535,1,1368,1449,18,-48,-15,533,0
7128,0,0,533,1,1371,1452,18,-48,-15,541,0
7132,0,0,533,1,1374,1455,19,-48,-14,544,0
7136,0,0,532,1,1378,1459,19,-48,-14,548,0
7140,0,0,532,1,1381,1461,19,-48,-14,551,0
7144,0,0,532,1,1384,1465,20,-48,-14,551,0
7148,0,0,531,1,1387,1468,20,-48,-14,551,0
7152,0,0,531,1,1390,1471,21,-48,-13,551,0
7156,0,0,530,1,1392,1474,21,-48,-13,558,0
7160,0,0,532,1,1395,1477,21,-48,-13,555,0
7164,0,0,532,1,1398,1479,21,-48,-13,551,0
7168,0,0,531,1,1400,1482,22,-48,-13,551,0
7172,0,0,533,1,1403,1485,22,-48,-13,544,0
7176,0,0,532,1,1405,1487,22,-48,-13,544,0
7180,0,0,532,1,1407,1489,22,-48,-13,537,0
7184,0,0,533,1,1410,1491,22,-48,-13,533,0
7188,0,0,533,1,1411,1493,22,-48,-13,526,0
7192,0,0,535,1,1413,1495,22,-48,-13,516,0
7196,0,0,534,1,1415,1496,22,-48,-13,505,0
7200,0,0,534,1,1416,1497,22,-48,-13,494,0
7204,0,0,535,1,1417,1499,22,-48,-13,483,0
7208,0,0,535,1,1418,1499,22,-48,-13,465,0
7212,0,0,536,1,1418,1500,22,-48,-13,451,0
7216,0,0,537,1,1419,1501,22,-48,-13,433,0
7220,0,0,539,1,1419,1501,21,-48,-13,415,0
7224,0,0,540,1,1419,1501,21,-49,-14,390,0
7228,0,0,540,1,1419,1501,21,-49,-14,369,0
7232,0,0,542,1,1419,1500,21,-49,-14,343,0
7236,0,0,542,1,1418,1499,20,-49,-14,318,0
7240,0,0,543,1,1418,1499,20,-49,-14,286,0
7244,0,0,543,1,1416,1497,20,-49,-14,261,0
7248,0,0,545,1,1416,1497,19,-49,-15,229,0
7252,0,0,547,1,1414,1495,19,-50,-15,200,0
7256,0,0,548,1,1413,1494,18,-50,-16,171,0
7260,0,0,549,1,1411,1492,18,-50,-16,139,0
7264,0,0,549,1,1410,1491,18,-50,-16,111,0
7268,0,0,549,1,1408,1489,17,-50,-16,78,0
7272,0,0,552,1,1406,1487,17,-50,-16,53,0
7276,0,0,552,1,1404,1485,16,-50,-17,17,0
7280,0,0,553,1,1402,1483,16,-51,-17,-10,0
7284,0,0,555,1,1400,1481,15,-51,-18,-43,0
7288,0,0,555,1,1398,1478,15,-51,-18,-75,0
7292,0,0,558,1,1396,1476,14,-51,-18,-103,0
7296,0,0,558,1,1394,1473,14,-51,-18,-128,0
7300,0,0,560,1,1391,1471,13,-51,-19,-161,0
7304,0,0,560,1,1389,1469,13,-51,-19,-186,0
7308,0,0,560,1,1386,1466,12,-52,-20,-211,0
7312,0,0,562,1,1384,1463,12,-52,-20,-236,0
7316,0,0,562,1,1381,1461,11,-52,-20,-258,0
7320,0,0,563,1,1378,1458,11,-52,-20,-279,0
7324,0,0,565,1,1376,1455,10,-52,-21,-300,0
7328,0,0,565,1,1373,1452,10,-52,-21,-318,0
7332,0,0,566,1,1370,1449,9,-52,-21,-340,0
7336,0,0,566,1,1368,1447,9,-52,-21,-358,0
7340,0,0,567,1,1365,1443,9,-52,-21,-369,0
7344,0,0,567,1,1362,1441,8,-52,-22,-386,0
7348,0,0,568,1,1359,1437,8,-52,-22,-397,0
7352,0,0,570,1,1356,1435,7,-52,-22,-412,0
7356,0,0,570,1,1353,1431,7,-52,-22,-422,0
7360,0,0,571,1,1350,1429,6,-52,-23,-437,0
7364,0,0,572,1,1348,1425,6,-52,-23,-447,0
7368,0,0,571,1,1345,1422,6,-52,-23,-455,0
7372,0,0,573,1,1342,1419,5,-52,-23,-469,0
7376,0,0,573,1,1339,1416,5,-52,-23,-473,0
7380,0,0,574,1,1336,1413,4,-52,-24,-483,0
7384,0,0,574,1,1333,1409,4,-52,-24,-487,0
7388,0,0,573,1,1330,1406,4,-52,-24,-498,0
7392,0,0,576,1,1327,1403,3,-52,-24,-505,0
7396,0,0,575,1,1324,1400,3,-53,-25,-512,0
7400,0,0,576,1,1321,1397,3,-53,-25,-512,0
7404,0,0,577,1,1318,1393,2,-53,-25,-523,0
7408,0,0,577,1,1314,1390,2,-53,-25,-526,0
7412,0,0,578,1,1311,1387,2,-53,-25,-530,0
7416,0,0,578,1,1308,1383,1,-53,-26,-533,0
7420,0,0,579,1,1305,1380,1,-53,-26,-541,0
7424,0,0,580,1,1302,1377,1,-53,-26,-541,0
7428,0,0,579,1,1299,1373,0,-53,-26,-548,0
7432,0,0,581,1,1296,1370,0,-53,-26,-548,0
7436,0,0,581,1,1292,1367,0,-53,-26,-551,0
7440,0,0,581,1,1289,1363,0,-53,-26,-559,0
7444,0,0,582,1,1286,1360,0,-53,-26,-559,0
7448,0,0,582,1,1283,1357,0,-53,-26,-562,0
7452,0,0,584,1,1280,1353,0,-53,-26,-562,0
7456,0,0,584,1,1277,1349,-1,-53,-27,-566,0
7460,0,0,585,1,1274,1346,-1,-53,-27,-569,0
7464,0,0,586,1,1270,1343,-1,-53,-27,-569,0
7468,0,0,585,1,1267,1339,-2,-53,-27,-573,0
7472,0,0,586,1,1264,1336,-2,-53,-27,-573,0
7476,0,0,587,1,1261,1333,-2,-53,-27,-576,0
7480,0,0,587,1,1258,1329,-2,-53,-27,-576,0
7484,0,0,588,1,1254,1325,-3,-53,-28,-584,0
7488,0,0,587,1,1251,1322,-3,-53,-28,-580,0
7492,0,0,589,1,1248,1319,-3,-53,-28,-580,0
7496,0,0,589,1,1245,1315,-4,-53,-28,-580,0
7500,0,0,589,1,1242,1312,-4,-53,-28,-584,0
7504,0,0,590,1,1238,1309,-4,-53,-28,-584,0
7508,0,0,589,1,1235,1305,-4,-53,-28,-587,0
7512,0,0,591,1,1232,1301,-5,-53,-29,-587,0
7516,0,0,591,1,1228,1298,-5,-53,-29,-591,0
7520,0,0,591,1,1225,1295,-5,-53,-29,-591,0
7524,0,0,592,1,1222,1291,-5,-54,-29,-591,0
7528,0,0,591,1,1219,1288,-6,-54,-30,-591,0
7532,0,0,593,1,1216,1284,-6,-54,-30,-594,0
7536,0,0,592,1,1212,1281,-6,-54,-30,-594,0
7540,0,0,593,1,1209,1277,-6,-54,-30,-591,0
7544,0,0,594,1,1206,1274,-6,-54,-30,-594,0
7548,0,0,593,1,1203,1270,-7,-54,-30,-594,0
7552,0,0,594,1,1200,1267,-7,-54,-30,-598,0
7556,0,0,594,1,1196,1263,-7,-54,-30,-598,0
7560,0,0,595,1,1193,1260,-7,-54,-30,-594,0
7564,0,0,595,1,1190,1257,-7,-54,-30,-594,0
7568,0,0,595,1,1186,1253,-8,-54,-31,-602,0
7572,0,0,595,1,1183,1250,-8,-54,-31,-598,0
7576,0,0,596,1,1180,1246,-8,-54,-31,-601,0
7580,0,0,596,1,1177,1243,-8,-54,-31,-598,0
7584,0,0,596,1,1174,1239,-8,-54,-31,-594,0
7588,0,0,596,1,1170,1236,-8,-54,-31,-598,0
7592,0,0,597,1,1167,1232,-9,-54,-31,-601,0
7596,0,0,597,1,1164,1229,-9,-54,-31,-602,0
7600,0,0,597,1,1160,1225,-9,-54,-31,-598,0
7604,0,0,598,1,1157,1222,-9,-54,-31,-601,0
7608,0,0,598,1,1154,1219,-9,-54,-31,-598,0
7612,0,0,599,1,1151,1215,-10,-54,-32,-601,0
7616,0,0,598,1,1148,1211,-10,-54,-32,-598,0
7620,0,0,598,1,1144,1208,-10,-54,-32,-598,0
7624,0,0,599,1,1141,1205,-10,-54,-32,-601,0
7628,0,0,599,1,1138,1201,-10,-54,-32,-601,0
7632,0,0,600,1,1135,1198,-10,-54,-32,-598,0
7636,0,0,599,1,1132,1194,-10,-54,-32,-601,0
7640,0,0,599,1,1128,1191,-10,-54,-32,-601,0
7644,0,0,599,1,1125,1187,-11,-54,-32,-598,0
7648,0,0,598,1,1122,1184,-11,-54,-32,-598,0
7652,0,0,599,1,1118,1181,-11,-55,-33,-594,0
7656,0,0,600,1,1115,1177,-11,-55,-33,-602,0
7660,0,0,601,1,1112,1173,-11,-55,-33,-598,0
7664,0,0,601,1,1109,1170,-11,-55,-33,-601,0
7668,0,0,602,1,1106,1167,-11,-55,-33,-594,0
7672,0,0,604,1,1102,1163,-12,-55,-33,-594,0
7676,0,0,603,1,1099,1160,-12,-55,-33,-598,0
7680,0,0,606,1,1096,1156,-12,-55,-33,-598,0
7684,0,0,606,1,1093,1153,-12,-55,-33,-601,0
7688,0,0,605,1,1090,1149,-13,-55,-34,-598,0
7692,0,0,607,1,1086,1146,-13,-55,-34,-598,0
,,,,,,,,,,,
