0,0,0,488,-1,0,0,-2967,0,0,0,0
4,0,0,488,-1,0,0,-2670,0,0,0,0
8,0,0,490,-1,0,0,-2402,0,0,0,0
12,0,0,490,-1,0,0,-2160,0,0,0,0
16,0,0,490,-1,0,0,-1943,0,0,0,0
20,0,0,490,-1,0,0,-1747,0,0,0,0
24,0,0,490,-1,0,0,-1571,0,0,0,0
28,0,0,490,-1,0,0,-1413,0,0,0,0
32,0,0,490,-1,0,0,-1270,0,0,0,0
36,0,0,489,-1,0,0,-1142,0,0,0,0
40,0,0,489,-1,0,0,-1027,0,0,0,0
44,0,0,489,-1,0,0,-924,0,0,0,0
48,0,0,489,-1,0,0,-831,0,0,0,0
52,0,0,489,-1,0,0,-747,0,0,0,0
56,0,0,490,-1,0,0,-671,0,0,0,0
60,0,0,490,-1,0,0,-602,0,0,0,0
64,0,0,490,-1,0,0,-541,0,0,0,0
68,0,0,490,-1,0,0,-485,0,0,0,0
72,0,0,490,-1,0,0,-435,0,0,0,0
76,0,0,490,-1,0,0,-390,0,0,0,0
80,0,0,490,-1,0,0,-350,0,0,0,0
84,0,0,490,-1,0,0,-314,0,0,0,0
88,0,0,490,-1,0,0,-281,0,0,0,0
92,0,0,489,-1,0,0,-252,0,0,0,0
96,0,0,489,-1,0,0,-226,0,0,0,0
100,0,0,490,-1,0,0,-202,0,0,0,0
104,0,0,490,-1,0,0,-180,0,0,0,0
108,0,0,490,-1,0,0,-161,0,0,0,0
112,0,0,490,-1,0,0,-143,0,0,0,0
116,0,0,490,-1,0,0,-128,0,0,0,0
120,0,0,490,-1,0,0,-114,0,0,0,0
124,0,0,489,-1,0,0,-101,0,0,0,0
128,0,0,490,-1,0,0,-90,0,0,0,0
132,0,0,489,-1,0,0,-80,0,0,0,0
136,0,0,489,-1,0,0,-71,0,0,0,0
140,0,0,489,-1,0,0,-64,0,0,0,0
144,0,0,489,-1,0,0,-57,0,0,0,0
148,0,0,489,-1,0,0,-50,0,0,0,0
152,0,0,489,-1,0,0,-44,0,0,0,0
156,0,0,489,-1,0,0,-39,0,0,0,0
160,0,0,489,-1,0,0,-35,0,0,0,0
164,0,0,489,-1,0,0,-30,0,0,0,0
168,0,0,489,-1,0,0,-27,0,0,0,0
172,0,0,489,-1,0,0,-23,0,0,0,0
176,0,0,489,-1,0,0,-20,0,0,0,0
180,0,0,489,-1,0,0,-17,0,0,0,0
184,0,0,488,-1,0,0,-16,0,0,0,0
188,0,0,489,-1,0,0,-13,0,0,0,0
192,0,0,488,-1,0,0,-12,0,0,0,0
196,0,0,489,-1,0,0,-10,0,0,0,0
200,0,0,489,-1,0,0,-8,0,0,0,0
204,0,0,488,-1,0,0,-7,0,0,0,0
208,0,0,489,-1,0,0,-6,0,0,0,0
212,0,0,489,-1,0,0,-5,0,0,0,0
216,0,0,489,-1,0,0,-3,0,0,0,0
220,0,0,489,-1,0,0,-2,0,0,0,0
224,0,0,489,-1,0,0,-1,0,0,0,0
228,0,0,489,-1,0,0,-1,0,0,0,0
232,0,0,489,-1,0,0,0,0,0,0,0
236,0,0,489,-1,0,0,0,0,0,0,0
240,0,0,489,-1,0,0,1,0,0,0,0
244,0,0,489,-1,0,0,1,0,0,0,0
248,0,0,489,-1,0,0,2,0,0,0,0
252,0,0,489,-1,0,0,2,0,0,0,0
256,0,0,489,-1,0,0,3,0,0,0,0
260,0,0,488,-1,0,0,2,0,0,0,0
264,0,0,488,-1,0,0,2,0,0,0,0
268,0,0,489,-1,0,0,2,0,0,0,0
272,0,0,488,-1,0,0,2,0,0,0,0
276,0,0,488,-1,0,0,2,0,0,0,0
280,0,0,489,-1,0,0,2,0,0,0,0
284,0,0,488,-1,0,0,2,0,0,0,0
288,0,0,489,-1,0,0,2,0,0,0,0
292,0,0,489,-1,0,0,3,0,0,0,0
296,0,0,489,-1,0,0,3,0,0,0,0
300,0,0,489,-1,0,0,3,0,0,0,0
304,0,0,489,-1,0,0,4,0,0,0,0
308,0,0,489,-1,0,0,4,0,0,0,0
312,0,0,488,-1,0,0,4,0,0,0,0
316,0,0,488,-1,0,0,3,0,0,0,0
320,0,0,488,-1,0,0,3,0,0,0,0
324,0,0,488,-1,0,0,2,0,0,0,0
328,0,0,488,-1,0,0,2,0,0,0,0
332,0,0,488,-1,0,0,2,0,0,0,0
336,0,0,488,-1,0,0,2,0,0,0,0
340,0,0,488,-1,0,0,1,0,0,0,0
344,0,0,488,-1,0,0,1,0,0,0,0
348,0,0,488,-1,0,0,1,0,0,0,0
352,0,0,488,-1,0,0,1,0,0,0,0
356,0,0,488,-1,0,0,1,0,0,0,0
360,0,0,488,-1,0,0,1,0,0,0,0
364,0,0,488,-1,0,0,1,0,0,0,0
368,0,0,488,-1,0,0,0,0,0,0,0
372,0,0,488,-1,0,0,0,0,0,0,0
376,0,0,488,-1,0,0,0,0,0,0,0
380,0,0,488,-1,0,0,0,0,0,0,0
384,0,0,488,-1,0,0,0,0,0,0,0
388,0,0,488,-1,0,0,0,0,0,0,0
392,0,0,488,-1,0,0,0,0,0,0,0
396,0,0,488,-1,0,0,0,0,0,0,0
400,0,0,488,-1,0,0,0,0,0,0,0
404,0,0,488,-1,0,0,0,0,0,0,0
408,0,0,488,-1,0,0,0,0,0,0,0
412,0,0,488,-1,0,0,0,0,0,0,0
416,0,0,488,-1,0,0,0,0,0,0,0
420,0,0,488,-1,0,0,0,0,0,0,0
424,0,0,488,-1,0,0,0,0,0,0,0
428,0,0,488,-1,0,0,0,0,0,0,0
432,0,0,487,-1,0,0,0,0,0,0,0
436,0,0,488,-1,0,0,0,0,0,0,0
440,0,0,488,-1,0,0,0,0,0,0,0
444,0,0,488,-1,0,0,0,0,0,0,0
448,0,0,488,-1,0,0,0,0,0,0,0
452,0,0,488,-1,0,0,0,0,0,0,0
456,0,0,489,-1,0,0,0,0,0,0,0
460,0,0,488,-1,0,0,0,0,0,0,0
464,0,0,488,-1,0,0,0,0,0,0,0
468,0,0,488,-1,0,0,0,0,0,0,0
472,0,0,488,-1,0,0,0,0,0,0,0
476,0,0,488,-1,0,0,0,0,0,0,0
480,0,0,488,-1,0,0,0,0,0,0,0
484,0,0,488,-1,0,0,0,0,0,0,0
488,0,0,488,-1,0,0,0,0,0,0,0
492,0,0,488,-1,0,0,0,0,0,0,0
496,0,0,488,-1,0,0,0,0,0,0,0
500,0,0,488,-1,0,0,0,0,0,0,0
504,0,0,488,-1,0,0,0,0,0,0,0
508,0,0,488,-1,0,0,0,0,0,0,0
512,0,0,488,-1,0,0,0,0,0,0,0
516,0,0,488,-1,0,0,0,0,0,0,0
520,0,0,488,-1,0,0,0,0,0,0,0
524,0,0,488,-1,0,0,0,0,0,0,0
528,0,0,488,-1,0,0,0,0,0,0,0
532,0,0,488,-1,0,0,0,0,0,0,0
536,0,0,488,-1,0,0,0,0,0,0,0
540,0,0,488,-1,0,0,0,0,0,0,0
544,0,0,488,-1,0,0,0,0,0,0,0
548,0,0,488,-1,0,0,0,0,0,0,0
552,0,0,487,-1,0,0,0,0,0,0,0
556,0,0,487,-1,0,0,-1,0,0,0,0
560,0,0,487,-1,0,0,-1,0,0,0,0
564,0,0,487,-1,0,0,-2,0,0,0,0
568,0,0,488,-1,0,0,-2,0,0,0,0
572,0,0,488,-1,0,0,-1,0,0,0,0
576,0,0,488,-1,0,0,-1,0,0,0,0
580,0,0,488,-1,0,0,-1,0,0,0,0
584,0,0,487,-1,0,0,-2,0,0,0,0
588,0,0,488,-1,0,0,-1,0,0,0,0
592,0,0,487,-1,0,0,-2,0,0,0,0
596,0,0,487,-1,0,0,-2,0,0,0,0
600,0,0,486,-1,0,0,-3,0,0,0,0
604,0,0,487,-1,0,0,-4,0,0,0,0
608,0,0,487,-1,0,0,-4,0,0,0,0
612,0,0,487,-1,0,0,-4,0,0,0,0
616,0,0,487,-1,0,0,-4,0,0,0,0
620,0,0,488,-1,0,0,-4,0,0,0,0
624,0,0,488,-1,0,0,-3,0,0,0,0
628,0,0,488,-1,0,0,-3,0,0,0,0
632,0,0,488,-1,0,0,-3,0,0,0,0
636,0,0,488,-1,0,0,-2,0,0,0,0
640,0,0,488,-1,0,0,-2,0,0,0,0
644,0,0,488,-1,0,0,-2,0,0,0,0
648,0,0,488,-1,0,0,-2,0,0,0,0
652,0,0,487,-1,0,0,-2,0,0,0,0
656,0,0,487,-1,0,0,-2,0,0,0,0
660,0,0,487,-1,0,0,-3,0,0,0,0
664,0,0,487,-1,0,0,-3,0,0,0,0
668,0,0,487,-1,0,0,-3,0,0,0,0
672,0,0,487,-1,0,0,-4,0,0,0,0
676,0,0,487,-1,0,0,-4,0,0,0,0
680,0,0,487,-1,0,0,-4,0,0,0,0
684,0,0,487,-1,0,0,-4,0,0,0,0
688,0,0,487,-1,0,0,-5,0,0,0,0
692,0,0,487,-1,0,0,-5,0,0,0,0
696,0,0,487,-1,0,0,-5,0,0,0,0
700,0,0,487,-1,0,0,-5,0,0,0,0
704,0,0,487,-1,0,0,-5,0,0,0,0
708,0,0,487,-1,0,0,-5,0,0,0,0
712,0,0,486,-1,0,0,-6,0,0,0,0
716,0,0,487,-1,0,0,-6,0,0,0,0
720,0,0,487,-1,0,0,-6,0,0,0,0
724,0,0,487,-1,0,0,-6,0,0,0,0
728,0,0,487,-1,0,0,-6,0,0,0,0
732,0,0,487,-1,0,0,-6,0,0,0,0
736,0,0,487,-1,0,0,-6,0,0,0,0
740,0,0,487,-1,0,0,-6,0,0,0,0
744,0,0,486,-1,0,0,-7,0,0,0,0
748,0,0,487,-1,0,0,-7,0,0,0,0
752,0,0,487,-1,0,0,-7,0,0,0,0
756,0,0,487,-1,0,0,-7,0,0,0,0
760,0,0,487,-1,0,0,-7,0,0,0,0
764,0,0,487,-1,0,0,-7,0,0,0,0
768,0,0,487,-1,0,0,-7,0,0,0,0
772,0,0,487,-1,0,0,-7,0,0,0,0
776,0,0,487,-1,0,0,-7,0,0,0,0
780,0,0,487,-1,0,0,-6,0,0,0,0
784,0,0,487,-1,0,0,-6,0,0,0,0
788,0,0,487,-1,0,0,-6,0,0,0,0
792,0,0,487,-1,0,0,-6,0,0,0,0
796,0,0,487,-1,0,0,-6,0,0,0,0
800,0,0,487,-1,0,0,-6,0,0,0,0
804,0,0,487,-1,0,0,-6,0,0,0,0
808,0,0,487,-1,0,0,-6,0,0,0,0
812,0,0,487,-1,0,0,-6,0,0,0,0
816,0,0,487,-1,0,0,-6,0,0,0,0
820,0,0,487,-1,0,0,-6,0,0,0,0
824,0,0,487,-1,0,0,-6,0,0,0,0
828,0,0,487,-1,0,0,-6,0,0,0,0
832,0,0,487,-1,0,0,-6,0,0,0,0
836,0,0,487,-1,0,0,-6,0,0,0,0
840,0,0,487,-1,0,0,-6,0,0,0,0
844,0,0,487,-1,0,0,-6,0,0,0,0
848,0,0,487,-1,0,0,-6,0,0,0,0
852,0,0,487,-1,0,0,-6,0,0,0,0
856,0,0,486,-1,0,0,-7,0,0,0,0
860,0,0,487,-1,0,0,-7,0,0,0,0
864,0,0,487,-1,0,0,-7,0,0,0,0
868,0,0,487,-1,0,0,-7,0,0,0,0
872,0,0,487,-1,0,0,-7,0,0,0,0
876,0,0,487,-1,0,0,-7,0,0,0,0
880,0,0,488,-1,0,0,-6,0,0,0,0
884,0,0,487,-1,0,0,-6,0,0,0,0
888,0,0,488,-1,0,0,-5,0,0,0,0
892,0,0,488,-1,0,0,-5,0,0,0,0
896,0,0,488,-1,0,0,-4,0,0,0,0
900,0,0,488,-1,0,0,-4,0,0,0,0
904,0,0,488,-1,0,0,-3,0,0,0,0
908,0,0,488,-1,0,0,-3,0,0,0,0
912,0,0,488,-1,0,0,-3,0,0,0,0
916,0,0,488,-1,0,0,-2,0,0,0,0
920,0,0,488,-1,0,0,-2,0,0,0,0
924,0,0,488,-1,0,0,-2,0,0,0,0
928,0,0,489,-1,0,0,-1,0,0,0,0
932,0,0,489,-1,0,0,0,0,0,0,0
936,0,0,489,-1,0,0,0,0,0,0,0
940,0,0,489,-1,0,0,0,0,0,0,0
944,0,0,489,-1,0,0,1,0,0,0,0
948,0,0,489,-1,0,0,1,0,0,0,0
952,0,0,490,-1,0,0,3,0,0,0,0
956,0,0,490,-1,0,0,4,0,0,0,0
960,0,0,490,-1,0,0,5,0,0,0,0
964,0,0,489,-1,0,0,5,0,0,0,0
968,0,0,490,-1,0,0,6,0,0,0,0
972,0,0,490,-1,0,0,6,0,0,0,0
976,0,0,490,-1,0,0,7,0,0,0,0
980,0,0,490,-1,0,0,8,0,0,0,0
984,0,0,490,-1,0,0,8,0,0,0,0
988,0,0,490,-1,0,0,9,0,0,0,0
992,0,0,491,-1,0,0,10,0,0,0,0
996,0,0,491,-1,0,0,11,0,0,0,0
1000,0,0,491,-1,0,0,12,0,0,0,0
1004,0,0,491,-1,0,0,12,0,0,0,0
1008,0,0,491,-1,0,0,13,0,0,0,0
1012,0,0,491,-1,0,0,14,0,0,0,0
1016,0,0,491,-1,0,0,14,0,0,0,0
1020,0,0,490,-1,0,0,14,0,0,0,0
1024,0,0,490,-1,0,0,14,0,0,0,0
1028,0,0,490,-1,0,0,14,0,0,0,0
1032,0,0,490,-1,0,0,14,0,0,0,0
1036,0,0,490,-1,0,0,14,0,0,0,0
1040,0,0,490,-1,0,0,14,0,0,0,0
1044,0,0,490,-1,0,0,14,0,0,0,0
1048,0,0,491,-1,0,0,14,0,0,0,0
1052,0,0,490,-1,0,0,14,0,0,0,0
1056,0,0,491,-1,0,0,15,0,0,0,0
1060,0,0,490,-1,0,0,15,0,0,0,0
1064,0,0,490,-1,0,0,14,0,0,0,0
1068,0,0,490,-1,0,0,14,0,0,0,0
1072,0,0,490,-1,0,0,14,0,0,0,0
1076,0,0,490,-1,0,0,14,0,0,0,0
1080,0,0,491,-1,0,0,15,0,0,0,0
1084,0,0,491,-1,0,0,15,0,0,0,0
1088,0,0,491,-1,0,0,16,0,0,0,0
1092,0,0,491,-1,0,0,16,0,0,0,0
1096,0,0,491,-1,0,0,16,0,0,0,0
1100,0,0,491,-1,0,0,17,0,0,0,0
1104,0,0,491,-1,0,0,17,0,0,0,0
1108,0,0,491,-1,0,0,17,0,0,0,0
1112,0,0,491,-1,0,0,18,0,0,0,0
1116,0,0,491,-1,0,0,18,0,0,0,0
1120,0,0,491,-1,0,0,18,0,0,0,0
1124,0,0,490,-1,0,0,17,0,0,0,0
1128,0,0,491,-1,0,0,18,0,0,0,0
1132,0,0,490,-1,0,0,17,0,0,0,0
1136,0,0,491,-1,0,0,17,0,0,0,0
1140,0,0,491,-1,0,0,18,0,0,0,0
1144,0,0,491,-1,0,0,18,0,0,0,0
1148,0,0,491,-1,0,0,18,0,0,0,0
1152,0,0,491,-1,0,0,18,0,0,0,0
1156,0,0,491,-1,0,0,18,0,0,0,0
1160,0,0,491,-1,0,0,19,0,0,0,0
1164,0,0,490,-1,0,0,18,0,0,0,0
1168,0,0,491,-1,0,0,18,0,0,0,0
1172,0,0,490,-1,0,0,18,0,0,0,0
1176,0,0,490,-1,0,0,17,0,0,0,0
1180,0,0,492,-1,0,0,18,0,0,0,0
1184,0,0,490,-1,0,0,18,0,0,0,0
1188,0,0,490,-1,0,0,17,0,0,0,0
1192,0,0,490,-1,0,0,17,0,0,0,0
1196,0,0,490,-1,0,0,16,0,0,0,0
1200,0,0,490,-1,0,0,16,0,0,0,0
1204,0,0,491,-1,0,0,16,0,0,0,0
1208,0,0,491,-1,0,0,17,0,0,0,0
1212,0,0,491,-1,0,0,17,0,0,0,0
1216,0,0,491,-1,0,0,17,0,0,0,0
1220,0,0,491,-1,0,0,18,0,0,0,0
1224,0,0,491,-1,0,0,18,0,0,0,0
1228,0,0,491,-1,0,0,18,0,0,0,0
1232,0,0,491,-1,0,0,18,0,0,0,0
1236,0,0,492,-1,0,0,19,0,0,0,0
1240,0,0,491,-1,0,0,19,0,0,0,0
1244,0,0,491,-1,0,0,19,0,0,0,0
1248,0,0,491,-1,0,0,19,0,0,0,0
1252,0,0,491,-1,0,0,19,0,0,0,0
1256,0,0,491,-1,0,0,19,0,0,0,0
1260,0,0,491,-1,0,0,19,0,0,0,0
1264,0,0,490,-1,0,0,19,0,0,0,0
1268,0,0,491,-1,0,0,19,0,0,0,0
1272,0,0,491,-1,0,0,19,0,0,0,0
1276,0,0,491,-1,0,0,19,0,0,0,0
1280,0,0,491,-1,0,0,19,0,0,0,0
1284,0,0,491,-1,0,0,19,0,0,0,0
1288,0,0,491,-1,0,0,19,0,0,0,0
1292,0,0,491,-1,0,0,19,0,0,0,0
1296,0,0,492,-1,0,0,20,0,0,0,0
1300,0,0,492,-1,0,0,21,0,0,0,0
1304,0,0,492,-1,0,0,21,0,0,0,0
1308,0,0,492,-1,0,0,22,0,0,0,0
1312,0,0,492,-1,0,0,22,0,0,0,0
1316,0,0,492,-1,0,0,23,0,0,0,0
1320,0,0,492,-1,0,0,23,0,0,0,0
1324,0,0,492,-1,0,0,23,0,0,0,0
1328,0,0,492,-1,0,0,24,0,0,0,0
1332,0,0,492,-1,0,0,24,0,0,0,0
1336,0,0,493,-1,0,0,25,0,0,0,0
1340,0,0,493,-1,0,0,26,0,0,0,0
1344,0,0,493,-1,0,0,27,0,0,0,0
1348,0,0,493,-1,0,0,27,0,0,0,0
1352,0,0,493,-1,0,0,28,0,0,0,0
1356,0,0,494,-1,0,0,29,0,0,0,0
1360,0,0,494,-1,0,0,30,0,0,0,0
1364,0,0,494,-1,0,0,31,0,0,0,0
1368,0,0,494,-1,0,0,32,0,0,0,0
1372,0,0,494,-1,0,0,33,0,0,0,0
1376,0,0,494,-1,0,0,34,0,0,0,0
1380,0,0,494,-1,0,0,34,0,0,0,0
1384,0,0,494,-1,0,0,35,0,0,0,0
1388,0,0,495,-1,0,0,36,0,0,0,0
1392,0,0,495,-1,0,0,37,0,0,0,0
1396,0,0,495,-1,0,0,38,0,0,0,0
1400,0,0,496,-1,0,0,40,0,0,0,0
1404,0,0,496,-1,0,0,41,0,0,0,0
1408,0,0,496,-1,0,0,42,0,0,0,0
1412,0,0,496,-1,0,0,43,0,0,0,0
1416,0,0,497,-1,0,0,45,0,0,0,0
1420,0,0,497,-1,0,0,47,0,0,0,0
1424,0,0,497,-1,0,0,48,0,0,0,0
1428,0,0,497,-1,0,0,49,0,0,0,0
1432,0,0,498,-1,0,0,51,0,0,0,0
1436,0,0,498,-1,0,0,53,0,0,0,0
1440,0,0,499,-1,0,0,55,0,0,0,0
1444,0,0,499,-1,0,0,57,0,0,0,0
1448,0,0,500,-1,0,0,59,0,0,0,0
1452,0,0,500,-1,0,0,61,0,0,0,0
1456,0,0,501,-1,0,0,64,0,0,0,0
1460,0,0,501,-1,0,0,66,0,0,0,0
1464,0,0,501,-1,0,0,68,0,0,0,0
1468,0,0,502,-1,0,0,71,0,0,0,0
1472,0,0,502,-1,0,0,73,0,0,0,0
1476,0,0,503,-1,0,0,76,0,0,0,0
1480,0,0,503,-1,0,0,78,0,0,0,0
1484,0,0,503,-1,0,0,81,0,0,0,0
1488,0,0,505,-1,0,0,84,0,0,0,0
1492,0,0,505,-1,0,0,87,0,0,0,0
1496,0,0,507,-1,0,0,91,0,0,0,0
1500,0,0,506,-1,0,0,94,0,0,0,0
1504,0,0,507,-1,0,0,98,0,0,0,0
1508,0,0,508,-1,0,0,101,0,0,0,0
1512,0,0,511,-1,0,0,107,0,0,0,0
1516,0,0,512,-1,0,0,112,0,0,0,0
1520,0,0,514,-1,0,0,118,0,0,0,0
1524,0,0,518,-1,0,0,127,0,0,0,0
1528,0,0,519,-1,0,0,135,0,0,0,0
1532,0,0,524,-1,0,0,146,0,0,0,0
1536,0,0,527,-1,0,0,158,0,0,0,0
1540,0,0,530,-1,0,0,170,0,0,0,0
1544,0,0,536,-1,0,0,185,0,0,0,0
1548,0,0,539,-1,0,0,201,0,0,0,0
1552,0,0,543,-1,0,0,218,0,0,0,0
1556,0,0,550,-1,0,0,238,0,0,0,0
1560,0,0,554,-1,0,0,259,0,0,0,0
1564,0,0,559,-1,0,0,281,0,0,0,0
1568,0,0,568,-1,0,0,307,0,0,0,0
1572,0,0,573,-1,0,0,334,0,0,0,0
1576,0,0,582,-1,0,0,364,0,0,0,0
1580,0,0,586,-1,0,0,394,0,0,0,0
1584,0,0,591,-1,0,0,424,0,0,0,0
1588,0,0,599,-1,0,0,456,0,0,0,0
1592,0,0,603,-1,0,0,488,0,0,0,0
1596,0,0,606,-1,0,0,519,0,0,0,0
1600,0,0,614,-1,0,0,552,0,0,0,0
1604,0,0,618,-1,0,0,585,0,0,0,0
1608,0,0,622,-1,0,0,617,0,0,0,0
1612,0,0,628,-1,0,0,650,0,0,0,0
1616,0,0,631,-1,0,0,681,0,0,0,0
1620,0,0,634,-1,0,0,712,0,0,0,0
1624,0,0,638,-1,0,0,742,0,0,0,0
1628,0,0,640,-1,0,0,770,0,0,0,0
1632,0,0,643,-1,0,0,798,0,0,0,0
1636,0,0,644,-1,0,0,824,0,0,0,0
1640,0,0,645,-1,0,0,847,0,0,0,0
1644,0,0,646,-1,0,0,869,0,0,0,0
1648,0,0,646,-1,0,0,889,0,0,0,0
1652,0,0,646,-1,0,0,907,0,0,0,0
1656,0,0,645,-1,0,0,922,0,0,0,0
1660,0,0,643,-1,0,0,935,0,0,0,0
1664,0,0,642,-1,0,0,945,0,0,0,0
1668,0,0,640,-1,0,0,953,0,0,0,0
1672,0,0,638,-1,0,0,959,0,0,0,0
1676,0,0,637,-1,0,0,964,0,0,0,0
1680,0,0,634,-1,0,0,966,0,0,0,0
1684,0,0,634,-1,0,0,968,0,0,0,0
1688,0,0,633,-1,0,0,969,0,0,0,0
1692,0,0,632,-1,0,0,970,0,0,0,0
1696,0,0,632,-1,0,0,970,0,0,0,0
1700,0,0,632,-1,0,0,970,0,0,0,0
1704,0,0,632,-1,0,0,970,0,0,0,0
1708,0,0,633,-1,0,0,971,0,0,0,0
1712,0,0,632,-1,0,0,971,0,0,0,0
1716,0,0,633,-1,0,0,972,0,0,0,0
1720,0,0,634,-1,0,0,974,0,0,0,0
1724,0,0,635,-1,0,0,975,0,0,0,0
1728,0,0,636,-1,0,0,978,0,0,0,0
1732,0,0,636,-1,0,0,980,0,0,0,0
1736,0,0,638,-1,0,0,983,0,0,0,0
1740,0,0,639,-1,0,0,987,0,0,0,0
1744,0,0,639,-1,0,0,990,0,0,0,0
1748,0,0,641,-1,0,0,995,0,0,0,0
1752,0,0,642,-1,0,0,999,0,0,0,0
1756,0,0,644,-1,0,0,1005,0,0,0,0
1760,0,0,644,-1,0,0,1009,0,0,0,0
1764,0,0,645,-1,0,0,1015,0,0,0,0
1768,0,0,647,-1,0,0,1020,0,0,0,0
1772,0,0,646,-1,0,0,1025,0,0,0,0
1776,0,0,648,-1,0,0,1031,0,0,0,0
1780,0,0,648,-1,0,0,1036,0,0,0,0
1784,0,0,648,-1,0,0,1040,0,0,0,0
1788,0,0,649,-1,0,0,1045,0,0,0,0
1792,0,0,648,-1,0,0,1048,0,0,0,0
1796,0,0,648,-1,0,0,1052,0,0,0,0
1800,0,0,647,-1,0,0,1054,0,0,0,0
1804,0,0,647,-1,0,0,1056,0,0,0,0
1808,0,0,646,-1,0,0,1057,0,0,0,0
1812,0,0,646,-1,0,0,1058,0,0,0,0
1816,0,0,646,-1,0,0,1059,0,0,0,0
1820,0,0,646,-1,0,0,1060,0,0,0,0
1824,0,0,646,-1,0,0,1060,0,0,0,0
1828,0,0,646,-1,0,0,1061,0,0,0,0
1832,0,0,646,-1,0,0,1062,0,0,0,0
1836,0,0,646,-1,0,0,1062,0,0,0,0
1840,0,0,646,-1,0,0,1063,0,0,0,0
1844,0,0,646,-1,0,0,1063,0,0,0,0
1848,0,0,647,-1,0,0,1064,0,0,0,0
1852,0,0,646,-1,0,0,1065,0,0,0,0
1856,0,0,647,-1,0,0,1065,0,0,0,0
1860,0,0,647,-1,0,0,1066,0,0,0,0
1864,0,0,647,-1,0,0,1067,0,0,0,0
1868,0,0,647,-1,0,0,1068,0,0,0,0
1872,0,0,647,-1,0,0,1068,0,0,0,0
1876,0,0,648,-1,0,0,1070,0,0,0,0
1880,0,0,647,-1,0,0,1070,0,0,0,0
1884,0,0,647,-1,0,0,1070,0,0,0,0
1888,0,0,647,-1,0,0,1071,0,0,0,0
1892,0,0,647,-1,0,0,1071,0,0,0,0
1896,0,0,647,-1,0,0,1071,0,0,0,0
1900,0,0,647,-1,0,0,1072,0,0,0,0
1904,0,0,647,-1,0,0,1072,0,0,0,0
1908,0,0,647,-1,0,0,1072,0,0,0,0
1912,0,0,646,-1,0,0,1071,0,0,0,0
1916,0,0,647,-1,0,0,1072,0,0,0,0
1920,0,0,646,-1,0,0,1071,0,0,0,0
1924,0,0,646,-1,0,0,1071,0,0,0,0
1928,0,0,646,-1,0,0,1070,0,0,0,0
1932,0,0,646,-1,0,0,1070,0,0,0,0
1936,0,0,646,-1,0,0,1070,0,0,0,0
1940,0,0,646,-1,0,0,1070,0,0,0,0
1944,0,0,645,-1,0,0,1069,0,0,0,0
1948,0,0,646,-1,0,0,1068,0,0,0,0
1952,0,0,646,-1,0,0,1068,0,0,0,0
1956,0,0,648,-1,0,0,1070,0,0,0,0
1960,0,0,647,-1,0,0,1070,0,0,0,0
1964,0,0,647,-1,0,0,1070,0,0,0,0
1968,0,0,647,-1,0,0,1071,0,0,0,0
1972,0,0,647,-1,0,0,1071,0,0,0,0
1976,0,0,648,-1,0,0,1072,0,0,0,0
1980,0,0,647,-1,0,0,1072,0,0,0,0
1984,0,0,647,-1,0,0,1072,0,0,0,0
1988,0,0,648,-1,0,0,1073,0,0,0,0
1992,0,0,647,-1,0,0,1073,0,0,0,0
1996,0,0,647,-1,0,0,1073,0,0,0,0
2000,0,0,647,-1,0,0,1073,0,0,0,0
2004,0,0,647,-1,0,0,1073,0,0,0,0
2008,0,0,648,-1,0,0,1074,0,0,0,0
2012,0,0,647,-1,0,0,1074,0,0,0,0
2016,0,0,648,-1,0,0,1075,0,0,0,0
2020,0,0,648,-1,0,0,1075,0,0,0,0
2024,0,0,647,-1,0,0,1075,0,0,0,0
2028,0,0,648,-1,0,0,1076,0,0,0,0
2032,0,0,647,-1,0,0,1076,0,0,0,0
2036,0,0,648,-1,0,0,1076,0,0,0,0
2040,0,0,648,-1,0,0,1076,0,0,0,0
2044,0,0,647,-1,0,0,1076,0,0,0,0
2048,0,0,648,-1,0,0,1077,0,0,0,0
2052,0,0,648,-1,0,0,1077,0,0,0,0
2056,0,0,648,-1,0,0,1077,0,0,0,0
2060,0,0,648,-1,0,0,1078,0,0,0,0
2064,0,0,648,-1,0,0,1078,0,0,0,0
2068,0,0,649,-1,0,0,1079,0,0,0,0
2072,0,0,648,-1,0,0,1079,0,0,0,0
2076,0,0,649,-1,0,0,1080,0,0,0,0
2080,0,0,649,-1,0,0,1081,0,0,0,0
2084,0,0,648,-1,0,0,1081,0,0,0,0
2088,0,0,649,-1,0,0,1081,0,0,0,0
2092,0,0,648,-1,0,0,1081,0,0,0,0
2096,0,0,649,-1,0,0,1082,0,0,0,0
2100,0,0,648,-1,0,0,1082,0,0,0,0
2104,0,0,648,-1,0,0,1082,0,0,0,0
2108,0,0,649,-1,0,0,1082,0,0,0,0
2112,0,0,648,-1,0,0,1082,0,0,0,0
2116,0,0,649,-1,0,0,1083,0,0,0,0
2120,0,0,648,-1,0,0,1082,0,0,0,0
2124,0,0,648,-1,0,0,1082,0,0,0,0
2128,0,0,649,-1,0,0,1083,0,0,0,0
2132,0,0,648,-1,0,0,1082,0,0,0,0
2136,0,0,649,-1,0,0,1083,0,0,0,0
2140,0,0,648,-1,0,0,1083,0,0,0,0
2144,0,0,648,-1,0,0,1083,0,0,0,0
2148,0,0,649,-1,0,0,1083,0,0,0,0
2152,0,0,648,-1,0,0,1083,0,0,0,0
2156,0,0,649,-1,0,0,1083,0,0,0,0
2160,0,0,649,-1,0,0,1084,0,0,0,0
2164,0,0,649,-1,0,0,1084,0,0,0,0
2168,0,0,649,-1,0,0,1084,0,0,0,0
2172,0,0,649,-1,0,0,1085,0,0,0,0
2176,0,0,649,-1,0,0,1085,0,0,0,0
2180,0,0,649,-1,0,0,1085,0,0,0,0
2184,0,0,649,-1,0,0,1085,0,0,0,0
2188,0,0,649,-1,0,0,1086,0,0,0,0
2192,0,0,648,-1,0,0,1085,0,0,0,0
2196,0,0,649,-1,0,0,1085,0,0,0,0
2200,0,0,649,-1,0,0,1085,0,0,0,0
2204,0,0,650,-1,0,0,1086,0,0,0,0
2208,0,0,649,-1,0,0,1086,0,0,0,0
2212,0,0,649,-1,0,0,1087,0,0,0,0
2216,0,0,649,-1,0,0,1087,0,0,0,0
2220,0,0,649,-1,0,0,1087,0,0,0,0
2224,0,0,649,-1,0,0,1087,0,0,0,0
2228,0,0,649,-1,0,0,1087,0,0,0,0
2232,0,0,649,-1,0,0,1087,0,0,0,0
2236,0,0,648,-1,0,0,1086,0,0,0,0
2240,0,0,649,-1,0,0,1086,0,0,0,0
2244,0,0,649,-1,0,0,1086,0,0,0,0
2248,0,0,650,-1,0,0,1087,0,0,0,0
2252,0,0,649,-1,0,0,1087,0,0,0,0
2256,0,0,649,-1,0,0,1087,0,0,0,0
2260,0,0,650,-1,0,0,1088,0,0,0,0
2264,0,0,650,-1,0,0,1089,0,0,0,0
2268,0,0,650,-1,0,0,1089,0,0,0,0
2272,0,0,650,-1,0,0,1090,0,0,0,0
2276,0,0,650,-1,0,0,1090,0,0,0,0
2280,0,0,650,-1,0,0,1090,0,0,0,0
2284,0,0,650,-1,0,0,1091,0,0,0,0
2288,0,0,650,-1,0,0,1091,0,0,0,0
2292,0,0,650,-1,0,0,1091,0,0,0,0
2296,0,0,650,-1,0,0,1092,0,0,0,0
2300,0,0,649,-1,0,0,1091,0,0,0,0
2304,0,0,651,-1,0,0,1092,0,0,0,0
2308,0,0,650,-1,0,0,1092,0,0,0,0
2312,0,0,650,-1,0,0,1093,0,0,0,0
2316,0,0,650,-1,0,0,1093,0,0,0,0
2320,0,0,650,-1,0,0,1093,0,0,0,0
2324,0,0,650,-1,0,0,1093,0,0,0,0
2328,0,0,650,-1,0,0,1093,0,0,0,0
2332,0,0,650,-1,0,0,1093,0,0,0,0
2336,0,0,650,-1,0,0,1093,0,0,0,0
2340,0,0,650,-1,0,0,1093,0,0,0,0
2344,0,0,650,-1,0,0,1093,0,0,0,0
2348,0,0,651,-1,0,0,1094,0,0,0,0
2352,0,0,650,-1,0,0,1094,0,0,0,0
2356,0,0,651,-1,0,0,1095,0,0,0,0
2360,0,0,650,-1,0,0,1095,0,0,0,0
2364,0,0,650,-1,0,0,1095,0,0,0,0
2368,0,0,650,-1,0,0,1095,0,0,0,0
2372,0,0,650,-1,0,0,1095,0,0,0,0
2376,0,0,650,-1,0,0,1095,0,0,0,0
2380,0,0,650,-1,0,0,1094,0,0,0,0
2384,0,0,649,-1,0,0,1094,0,0,0,0
2388,0,0,650,-1,0,0,1094,0,0,0,0
2392,0,0,650,-1,0,0,1094,0,0,0,0
2396,0,0,650,-1,0,0,1094,0,0,0,0
2400,0,0,650,-1,0,0,1094,0,0,0,0
2404,0,0,650,-1,0,0,1094,0,0,0,0
2408,0,0,651,-1,0,0,1095,0,0,0,0
2412,0,0,650,-1,0,0,1095,0,0,0,0
2416,0,0,650,-1,0,0,1095,0,0,0,0
2420,0,0,651,-1,0,0,1095,0,0,0,0
2424,0,0,650,-1,0,0,1095,0,0,0,0
2428,0,0,651,-1,0,0,1096,0,0,0,0
2432,0,0,650,-1,0,0,1095,0,0,0,0
2436,0,0,651,-1,0,0,1096,0,0,0,0
2440,0,0,650,-1,0,0,1096,0,0,0,0
2444,0,0,650,-1,0,0,1096,0,0,0,0
2448,0,0,650,-1,0,0,1095,0,0,0,0
2452,0,0,650,-1,0,0,1095,0,0,0,0
2456,0,0,650,-1,0,0,1095,0,0,0,0
2460,0,0,650,-1,0,0,1095,0,0,0,0
2464,0,0,650,-1,0,0,1095,0,0,0,0
2468,0,0,650,-1,0,0,1095,0,0,0,0
2472,0,0,650,-1,0,0,1095,0,0,0,0
2476,0,0,650,-1,0,0,1095,0,0,0,0
2480,0,0,650,-1,0,0,1095,0,0,0,0
2484,0,0,650,-1,0,0,1095,0,0,0,0
2488,0,0,650,-1,0,0,1095,0,0,0,0
2492,0,0,649,-1,0,0,1094,0,0,0,0
2496,0,0,649,-1,0,0,1093,0,0,0,0
2500,0,0,649,-1,0,0,1093,0,0,0,0
2504,0,0,650,-1,0,0,1093,0,0,0,0
2508,0,0,650,-1,0,0,1093,0,0,0,0
2512,0,0,650,-1,0,0,1093,0,0,0,0
2516,0,0,650,-1,0,0,1093,0,0,0,0
2520,0,0,650,-1,0,0,1093,0,0,0,0
2524,0,0,650,-1,0,0,1093,0,0,0,0
2528,0,0,650,-1,0,0,1093,0,0,0,0
2532,0,0,650,-1,0,0,1093,0,0,0,0
2536,0,0,650,-1,0,0,1094,0,0,0,0
2540,0,0,650,-1,0,0,1094,0,0,0,0
2544,0,0,650,-1,0,0,1094,0,0,0,0
2548,0,0,650,-1,0,0,1094,0,0,0,0
2552,0,0,649,-1,0,0,1093,0,0,0,0
2556,0,0,650,-1,0,0,1093,0,0,0,0
2560,0,0,649,-1,0,0,1093,0,0,0,0
2564,0,0,649,-1,0,0,1092,0,0,0,0
2568,0,0,649,-1,0,0,1092,0,0,0,0
2572,0,0,649,-1,0,0,1091,0,0,0,0
2576,0,0,649,-1,0,0,1091,0,0,0,0
2580,0,0,649,-1,0,0,1090,0,0,0,0
2584,0,0,649,-1,0,0,1090,0,0,0,0
2588,0,0,650,-1,0,0,1091,0,0,0,0
2592,0,0,649,-1,0,0,1090,0,0,0,0
2596,0,0,650,-1,0,0,1091,0,0,0,0
2600,0,0,650,-1,0,0,1091,0,0,0,0
2604,0,0,649,-1,0,0,1091,0,0,0,0
2608,0,0,650,-1,0,0,1091,0,0,0,0
2612,0,0,649,-1,0,0,1091,0,0,0,0
2616,0,0,649,-1,0,0,1090,0,0,0,0
2620,0,0,649,-1,0,0,1090,0,0,0,0
2624,0,0,649,-1,0,0,1090,0,0,0,0
2628,0,0,650,-1,0,0,1090,0,0,0,0
2632,0,0,649,-1,0,0,1090,0,0,0,0
2636,0,0,649,-1,0,0,1090,0,0,0,0
2640,0,0,649,-1,0,0,1089,0,0,0,0
2644,0,0,649,-1,0,0,1089,0,0,0,0
2648,0,0,649,-1,0,0,1089,0,0,0,0
2652,0,0,649,-1,0,0,1089,0,0,0,0
2656,0,0,649,-1,0,0,1089,0,0,0,0
2660,0,0,649,-1,0,0,1089,0,0,0,0
2664,0,0,649,-1,0,0,1088,0,0,0,0
2668,0,0,649,-1,0,0,1088,0,0,0,0
2672,0,0,649,-1,0,0,1088,0,0,0,0
2676,0,0,648,-1,0,0,1087,0,0,0,0
2680,0,0,649,-1,0,0,1087,0,0,0,0
2684,0,0,649,-1,0,0,1087,0,0,0,0
2688,0,0,649,-1,0,0,1087,0,0,0,0
2692,0,0,649,-1,0,0,1087,0,0,0,0
2696,0,0,649,-1,0,0,1087,0,0,0,0
2700,0,0,649,-1,0,0,1087,0,0,0,0
2704,0,0,649,-1,0,0,1087,0,0,0,0
2708,0,0,649,-1,0,0,1087,0,0,0,0
2712,0,0,649,-1,0,0,1087,0,0,0,0
2716,0,0,649,-1,0,0,1087,0,0,0,0
2720,0,0,649,-1,0,0,1087,0,0,0,0
2724,0,0,649,-1,0,0,1087,0,0,0,0
2728,0,0,649,-1,0,0,1087,0,0,0,0
2732,0,0,649,-1,0,0,1087,0,0,0,0
2736,0,0,649,-1,0,0,1087,0,0,0,0
2740,0,0,648,-1,0,0,1087,0,0,0,0
2744,0,0,648,-1,0,0,1086,0,0,0,0
2748,0,0,649,-1,0,0,1086,0,0,0,0
2752,0,0,648,-1,0,0,1086,0,0,0,0
2756,0,0,649,-1,0,0,1086,0,0,0,0
2760,0,0,648,-1,0,0,1085,0,0,0,0
2764,0,0,649,-1,0,0,1085,0,0,0,0
2768,0,0,649,-1,0,0,1086,0,0,0,0
2772,0,0,648,-1,0,0,1085,0,0,0,0
2776,0,0,649,-1,0,0,1085,0,0,0,0
2780,0,0,649,-1,0,0,1086,0,0,0,0
2784,0,0,649,-1,0,0,1086,0,0,0,0
2788,0,0,649,-1,0,0,1086,0,0,0,0
2792,0,0,649,-1,0,0,1086,0,0,0,0
2796,0,0,649,-1,0,0,1086,0,0,0,0
2800,0,0,650,-1,0,0,1087,0,0,0,0
2804,0,0,649,-1,0,0,1087,0,0,0,0
2808,0,0,649,-1,0,0,1087,0,0,0,0
2812,0,0,648,-1,0,0,1086,0,0,0,0
2816,0,0,649,-1,0,0,1086,0,0,0,0
2820,0,0,648,-1,0,0,1086,0,0,0,0
2824,0,0,648,-1,0,0,1085,0,0,0,0
2828,0,0,649,-1,0,0,1086,0,0,0,0
2832,0,0,648,-1,0,0,1085,0,0,0,0
2836,0,0,649,-1,0,0,1085,0,0,0,0
2840,0,0,648,-1,0,0,1085,0,0,0,0
2844,0,0,648,-1,0,0,1084,0,0,0,0
2848,0,0,648,-1,0,0,1084,0,0,0,0
2852,0,0,648,-1,0,0,1084,0,0,0,0
2856,0,0,649,-1,0,0,1084,0,0,0,0
2860,0,0,648,-1,0,0,1084,0,0,0,0
2864,0,0,648,-1,0,0,1083,0,0,0,0
2868,0,0,649,-1,0,0,1084,0,0,0,0
2872,0,0,648,-1,0,0,1083,0,0,0,0
2876,0,0,649,-1,0,0,1084,0,0,0,0
2880,0,0,648,-1,0,0,1084,0,0,0,0
2884,0,0,648,-1,0,0,1083,0,0,0,0
2888,0,0,649,-1,0,0,1084,0,0,0,0
2892,0,0,648,-1,0,0,1083,0,0,0,0
2896,0,0,649,-1,0,0,1084,0,0,0,0
2900,0,0,648,-1,0,0,1083,0,0,0,0
2904,0,0,648,-1,0,0,1083,0,0,0,0
2908,0,0,648,-1,0,0,1083,0,0,0,0
2912,0,0,648,-1,0,0,1083,0,0,0,0
2916,0,0,649,-1,0,0,1083,0,0,0,0
2920,0,0,648,-1,0,0,1083,0,0,0,0
2924,0,0,648,-1,0,0,1083,0,0,0,0
2928,0,0,648,-1,0,0,1082,0,0,0,0
2932,0,0,648,-1,0,0,1082,0,0,0,0
2936,0,0,648,-1,0,0,1082,0,0,0,0
2940,0,0,648,-1,0,0,1082,0,0,0,0
2944,0,0,648,-1,0,0,1082,0,0,0,0
2948,0,0,648,-1,0,0,1082,0,0,0,0
2952,0,0,648,-1,0,0,1082,0,0,0,0
2956,0,0,649,-1,0,0,1082,0,0,0,0
2960,0,0,648,-1,0,0,1082,0,0,0,0
2964,0,0,649,-1,0,0,1083,0,0,0,0
2968,0,0,649,-1,0,0,1083,0,0,0,0
2972,0,0,648,-1,0,0,1083,0,0,0,0
2976,0,0,649,-1,0,0,1083,0,0,0,0
2980,0,0,648,-1,0,0,1083,0,0,0,0
2984,0,0,648,-1,0,0,1083,0,0,0,0
2988,0,0,648,-1,0,0,1083,0,0,0,0
2992,0,0,648,-1,0,0,1082,0,0,0,0
2996,0,0,648,-1,0,0,1082,0,0,0,0
3000,0,0,648,-1,0,0,1082,0,0,0,0
3004,0,0,648,-1,0,0,1082,0,0,0,0
3008,0,0,648,-1,0,0,1082,0,0,0,0
3012,0,0,648,-1,0,0,1082,0,0,0,0
3016,0,0,649,-1,0,0,1082,0,0,0,0
3020,0,0,648,-1,0,0,1082,0,0,0,0
3024,0,0,648,-1,0,0,1082,0,0,0,0
3028,0,0,649,-1,0,0,1082,0,0,0,0
3032,0,0,648,-1,0,0,1082,0,0,0,0
3036,0,0,648,-1,0,0,1082,0,0,0,0
3040,0,0,648,-1,0,0,1082,0,0,0,0
3044,0,0,648,-1,0,0,1082,0,0,0,0
3048,0,0,648,-1,0,0,1082,0,0,0,0
3052,0,0,648,-1,0,0,1082,0,0,0,0
3056,0,0,649,-1,0,0,1082,0,0,0,0
3060,0,0,648,-1,0,0,1082,0,0,0,0
3064,0,0,648,-1,0,0,1082,0,0,0,0
3068,0,0,648,-1,0,0,1082,0,0,0,0
3072,0,0,648,-1,0,0,1082,0,0,0,0
3076,0,0,648,-1,0,0,1081,0,0,0,0
3080,0,0,648,-1,0,0,1081,0,0,0,0
3084,0,0,648,-1,0,0,1081,0,0,0,0
3088,0,0,648,-1,0,0,1081,0,0,0,0
3092,0,0,648,-1,0,0,1081,0,0,0,0
3096,0,0,647,-1,0,0,1080,0,0,0,0
3100,0,0,648,-1,0,0,1080,0,0,0,0
3104,0,0,648,-1,0,0,1080,0,0,0,0
3108,0,0,648,-1,0,0,1080,0,0,0,0
3112,0,0,648,-1,0,0,1080,0,0,0,0
3116,0,0,648,-1,0,0,1081,0,0,0,0
3120,0,0,648,-1,0,0,1081,0,0,0,0
3124,0,0,648,-1,0,0,1081,0,0,0,0
3128,0,0,648,-1,0,0,1081,0,0,0,0
3132,0,0,648,-1,0,0,1081,0,0,0,0
3136,0,0,648,-1,0,0,1081,0,0,0,0
3140,0,0,648,-1,0,0,1081,0,0,0,0
3144,0,0,648,-1,0,0,1081,0,0,0,0
3148,0,0,648,-1,0,0,1081,0,0,0,0
3152,0,0,648,-1,0,0,1081,0,0,0,0
3156,0,0,648,-1,0,0,1081,0,0,0,0
3160,0,0,648,-1,0,0,1081,0,0,0,0
3164,0,0,647,-1,0,0,1080,0,0,0,0
3168,0,0,648,-1,0,0,1080,0,0,0,0
3172,0,0,647,-1,0,0,1079,0,0,0,0
3176,0,0,648,-1,0,0,1079,0,0,0,0
3180,0,0,647,-1,0,0,1079,0,0,0,0
3184,0,0,648,-1,0,0,1079,0,0,0,0
3188,0,0,648,-1,0,0,1079,0,0,0,0
3192,0,0,648,-1,0,0,1079,0,0,0,0
3196,0,0,648,-1,0,0,1079,0,0,0,0
3200,0,0,648,-1,0,0,1080,0,0,0,0
3204,0,0,648,-1,0,0,1080,0,0,0,0
3208,0,0,648,-1,0,0,1080,0,0,0,0
3212,0,0,648,-1,0,0,1080,0,0,0,0
3216,0,0,648,-1,0,0,1080,0,0,0,0
3220,0,0,648,-1,0,0,1080,0,0,0,0
3224,0,0,648,-1,0,0,1080,0,0,0,0
3228,0,0,648,-1,0,0,1080,0,0,0,0
3232,0,0,647,-1,0,0,1079,0,0,0,0
3236,0,0,648,-1,0,0,1080,0,0,0,0
3240,0,0,647,-1,0,0,1079,0,0,0,0
3244,0,0,647,-1,0,0,1078,0,0,0,0
3248,0,0,648,-1,0,0,1079,0,0,0,0
3252,0,0,647,-1,0,0,1078,0,0,0,0
3256,0,0,648,-1,0,0,1078,0,0,0,0
3260,0,0,648,-1,0,0,1079,0,0,0,0
3264,0,0,648,-1,0,0,1079,0,0,0,0
3268,0,0,648,-1,0,0,1079,0,0,0,0
3272,0,0,648,-1,0,0,1079,0,0,0,0
3276,0,0,648,-1,0,0,1079,0,0,0,0
3280,0,0,648,-1,0,0,1079,0,0,0,0
3284,0,0,648,-1,0,0,1080,0,0,0,0
3288,0,0,648,-1,0,0,1080,0,0,0,0
3292,0,0,647,-1,0,0,1079,0,0,0,0
3296,0,0,648,-1,0,0,1079,0,0,0,0
3300,0,0,647,-1,0,0,1079,0,0,0,0
3304,0,0,648,-1,0,0,1079,0,0,0,0
3308,0,0,648,-1,0,0,1079,0,0,0,0
3312,0,0,648,-1,0,0,1079,0,0,0,0
3316,0,0,648,-1,0,0,1079,0,0,0,0
3320,0,0,647,-1,0,0,1079,0,0,0,0
3324,0,0,647,-1,0,0,1078,0,0,0,0
3328,0,0,647,-1,0,0,1078,0,0,0,0
3332,0,0,647,-1,0,0,1077,0,0,0,0
3336,0,0,647,-1,0,0,1077,0,0,0,0
3340,0,0,647,-1,0,0,1077,0,0,0,0
3344,0,0,647,-1,0,0,1076,0,0,0,0
3348,0,0,648,-1,0,0,1077,0,0,0,0
3352,0,0,647,-1,0,0,1077,0,0,0,0
3356,0,0,648,-1,0,0,1077,0,0,0,0
3360,0,0,648,-1,0,0,1077,0,0,0,0
3364,0,0,648,-1,0,0,1078,0,0,0,0
3368,0,0,648,-1,0,0,1078,0,0,0,0
3372,0,0,648,-1,0,0,1078,0,0,0,0
3376,0,0,648,-1,0,0,1078,0,0,0,0
3380,0,0,647,-1,0,0,1078,0,0,0,0
3384,0,0,647,-1,0,0,1078,0,0,0,0
3388,0,0,648,-1,0,0,1078,0,0,0,0
3392,0,0,647,-1,0,0,1077,0,0,0,0
3396,0,0,648,-1,0,0,1078,0,0,0,0
3400,0,0,647,-1,0,0,1077,0,0,0,0
3404,0,0,647,-1,0,0,1077,0,0,0,0
3408,0,0,647,-1,0,0,1077,0,0,0,0
3412,0,0,647,-1,0,0,1076,0,0,0,0
3416,0,0,648,-1,0,0,1077,0,0,0,0
3420,0,0,647,-1,0,0,1077,0,0,0,0
3424,0,0,648,-1,0,0,1077,0,0,0,0
3428,0,0,648,-1,0,0,1077,0,0,0,0
3432,0,0,647,-1,0,0,1077,0,0,0,0
3436,0,0,648,-1,0,0,1077,0,0,0,0
3440,0,0,648,-1,0,0,1078,0,0,0,0
3444,0,0,648,-1,0,0,1078,0,0,0,0
3448,0,0,648,-1,0,0,1078,0,0,0,0
3452,0,0,647,-1,0,0,1078,0,0,0,0
3456,0,0,648,-1,0,0,1078,0,0,0,0
3460,0,0,647,-1,0,0,1078,0,0,0,0
3464,0,0,648,-1,0,0,1078,0,0,0,0
3468,0,0,647,-1,0,0,1078,0,0,0,0
3472,0,0,647,-1,0,0,1077,0,0,0,0
3476,0,0,648,-1,0,0,1077,0,0,0,0
3480,0,0,647,-1,0,0,1077,0,0,0,0
3484,0,0,647,-1,0,0,1077,0,0,0,0
3488,0,0,648,-1,0,0,1077,0,0,0,0
3492,0,0,647,-1,0,0,1077,0,0,0,0
3496,0,0,648,-1,0,0,1077,0,0,0,0
3500,0,0,647,-1,0,0,1077,0,0,0,0
3504,0,0,648,-1,0,0,1077,0,0,0,0
3508,0,0,647,-1,0,0,1077,0,0,0,0
3512,0,0,647,-1,0,0,1077,0,0,0,0
3516,0,0,647,-1,0,0,1076,0,0,0,0
3520,0,0,647,-1,0,0,1076,0,0,0,0
3524,0,0,647,-1,0,0,1076,0,0,0,0
3528,0,0,648,-1,0,0,1076,0,0,0,0
3532,0,0,647,-1,0,0,1076,0,0,0,0
3536,0,0,648,-1,0,0,1077,0,0,0,0
3540,0,0,648,-1,0,0,1077,0,0,0,0
3544,0,0,648,-1,0,0,1077,0,0,0,0
3548,0,0,648,-1,0,0,1078,0,0,0,0
3552,0,0,647,-1,0,0,1077,0,0,0,0
3556,0,0,648,-1,0,0,1078,0,0,0,0
3560,0,0,647,-1,0,0,1077,0,0,0,0
3564,0,0,648,-1,0,0,1078,0,0,0,0
3568,0,0,647,-1,0,0,1077,0,0,0,0
3572,0,0,648,-1,0,0,1078,0,0,0,0
3576,0,0,647,-1,0,0,1077,0,0,0,0
3580,0,0,647,-1,0,0,1077,0,0,0,0
3584,0,0,646,-1,0,0,1076,0,0,0,0
3588,0,0,647,-1,0,0,1076,0,0,0,0
3592,0,0,647,-1,0,0,1075,0,0,0,0
3596,0,0,647,-1,0,0,1075,0,0,0,0
3600,0,0,647,-1,0,0,1075,0,0,0,0
3604,0,0,647,-1,0,0,1075,0,0,0,0
3608,0,0,647,-1,0,0,1075,0,0,0,0
3612,0,0,647,-1,0,0,1075,0,0,0,0
3616,0,0,648,-1,0,0,1075,0,0,0,0
3620,0,0,647,-1,0,0,1075,0,0,0,0
3624,0,0,647,-1,0,0,1075,0,0,0,0
3628,0,0,648,-1,0,0,1076,0,0,0,0
3632,0,0,647,-1,0,0,1075,0,0,0,0
3636,0,0,647,-1,0,0,1075,0,0,0,0
3640,0,0,646,-1,0,0,1074,0,0,0,0
3644,0,0,647,-1,0,0,1074,0,0,0,0
3648,0,0,647,-1,0,0,1074,0,0,0,0
3652,0,0,647,-1,0,0,1074,0,0,0,0
3656,0,0,647,-1,0,0,1074,0,0,0,0
3660,0,0,647,-1,0,0,1074,0,0,0,0
3664,0,0,647,-1,0,0,1074,0,0,0,0
3668,0,0,647,-1,0,0,1074,0,0,0,0
3672,0,0,647,-1,0,0,1074,0,0,0,0
3676,0,0,647,-1,0,0,1074,0,0,0,0
3680,0,0,646,-1,0,0,1073,0,0,0,0
3684,0,0,647,-1,0,0,1073,0,0,0,0
3688,0,0,647,-1,0,0,1073,0,0,0,0
3692,0,0,646,-1,0,0,1073,0,0,0,0
3696,0,0,647,-1,0,0,1073,0,0,0,0
3700,0,0,647,-1,0,0,1073,0,0,0,0
3704,0,0,647,-1,0,0,1073,0,0,0,0
3708,0,0,648,-1,0,0,1074,0,0,0,0
3712,0,0,647,-1,0,0,1074,0,0,0,0
3716,0,0,647,-1,0,0,1074,0,0,0,0
3720,0,0,647,-1,0,0,1074,0,0,0,0
3724,0,0,647,-1,0,0,1074,0,0,0,0
3728,0,0,647,-1,0,0,1074,0,0,0,0
3732,0,0,647,-1,0,0,1074,0,0,0,0
3736,0,0,647,-1,0,0,1074,0,0,0,0
3740,0,0,647,-1,0,0,1074,0,0,0,0
3744,0,0,647,-1,0,0,1074,0,0,0,0
3748,0,0,647,-1,0,0,1074,0,0,0,0
3752,0,0,647,-1,0,0,1074,0,0,0,0
3756,0,0,647,-1,0,0,1074,0,0,0,0
3760,0,0,647,-1,0,0,1074,0,0,0,0
3764,0,0,646,-1,0,0,1073,0,0,0,0
3768,0,0,647,-1,0,0,1073,0,0,0,0
3772,0,0,647,-1,0,0,1073,0,0,0,0
3776,0,0,647,-1,0,0,1073,0,0,0,0
3780,0,0,647,-1,0,0,1073,0,0,0,0
3784,0,0,647,-1,0,0,1073,0,0,0,0
3788,0,0,648,-1,0,0,1074,0,0,0,0
3792,0,0,647,-1,0,0,1074,0,0,0,0
3796,0,0,648,-1,0,0,1075,0,0,0,0
3800,0,0,648,-1,0,0,1075,0,0,0,0
3804,0,0,648,-1,0,0,1076,0,0,0,0
3808,0,0,648,-1,0,0,1076,0,0,0,0
3812,0,0,648,-1,0,0,1077,0,0,0,0
3816,0,0,648,-1,0,0,1077,0,0,0,0
3820,0,0,647,-1,0,0,1077,0,0,0,0
3824,0,0,648,-1,0,0,1077,0,0,0,0
3828,0,0,648,-1,0,0,1078,0,0,0,0
3832,0,0,647,-1,0,0,1077,0,0,0,0
3836,0,0,648,-1,0,0,1077,0,0,0,0
3840,0,0,647,-1,0,0,1077,0,0,0,0
3844,0,0,648,-1,0,0,1077,0,0,0,0
3848,0,0,648,-1,0,0,1078,0,0,0,0
3852,0,0,647,-1,0,0,1077,0,0,0,0
3856,0,0,648,-1,0,0,1078,0,0,0,0
3860,0,0,648,-1,0,0,1078,0,0,0,0
3864,0,0,648,-1,0,0,1078,0,0,0,0
3868,0,0,648,-1,0,0,1078,0,0,0,0
3872,0,0,647,-1,0,0,1078,0,0,0,0
3876,0,0,648,-1,0,0,1078,0,0,0,0
3880,0,0,646,-1,0,0,1077,0,0,0,0
3884,0,0,646,-1,0,0,1076,0,0,0,0
3888,0,0,646,-1,0,0,1075,0,0,0,0
3892,0,0,643,-1,0,0,1072,0,0,0,0
3896,0,0,641,-1,0,0,1068,0,0,0,0
3900,0,0,637,-1,0,0,1062,0,0,0,0
3904,0,0,628,-1,0,0,1051,0,0,0,0
3908,0,0,622,-1,0,0,1036,0,0,0,0
3912,0,0,616,-1,0,0,1019,0,0,0,0
3916,0,0,604,-1,0,0,995,0,0,0,0
3920,0,0,598,-1,0,0,970,0,0,0,0
3924,0,0,592,-1,0,0,943,0,0,0,0
3928,0,0,581,-1,0,0,912,0,0,0,0
3932,0,0,575,-1,0,0,879,0,0,0,0
3936,0,0,564,-1,0,0,843,0,0,0,0
3940,0,0,559,-1,0,0,806,0,0,0,0
3944,0,0,555,-1,0,0,771,0,0,0,0
3948,0,0,547,-1,0,0,734,0,0,0,0
3952,0,0,543,-1,0,0,697,0,0,0,0
3956,0,0,541,-1,0,0,663,0,0,0,0
3960,0,0,536,-1,0,0,629,0,0,0,0
3964,0,0,534,-1,0,0,598,0,0,0,0
3968,0,0,533,-1,0,0,568,0,0,0,0
3972,0,0,531,-1,0,0,540,0,0,0,0
3976,0,0,531,-1,0,0,515,0,0,0,0
3980,0,0,531,-1,0,0,493,0,0,0,0
3984,0,0,531,-1,0,0,472,0,0,0,0
3988,0,0,531,-1,0,0,454,0,0,0,0
3992,0,0,531,-1,0,0,438,0,0,0,0
3996,0,0,532,-1,0,0,424,0,0,0,0
4000,0,0,533,-1,0,0,412,0,0,0,0
4004,0,0,533,-1,0,0,401,0,0,0,0
4008,0,0,535,-1,0,0,393,0,0,0,0
4012,0,0,535,-1,0,0,385,0,0,0,0
4016,0,0,536,-1,0,0,379,0,0,0,0
4020,0,0,536,-1,0,0,373,0,0,0,0
4024,0,0,538,-1,0,0,370,0,0,0,0
4028,0,0,537,-1,0,0,366,0,0,0,0
4032,0,0,538,-1,0,0,363,0,0,0,0
4036,0,0,538,-1,0,0,360,0,0,0,0
4040,0,0,538,-1,0,0,358,0,0,0,0
4044,0,0,538,-1,0,0,356,0,0,0,0
4048,0,0,539,-1,0,0,355,0,0,0,0
4052,0,0,539,-1,0,0,354,0,0,0,0
4056,0,0,539,-1,0,0,353,0,0,0,0
4060,0,0,538,-1,0,0,351,0,0,0,0
4064,0,0,538,-1,0,0,350,0,0,0,0
4068,0,0,538,-1,0,0,349,0,0,0,0
4072,0,0,537,-1,0,0,347,0,0,0,0
4076,0,0,537,-1,0,0,345,0,0,0,0
4080,0,0,536,-1,0,0,343,0,0,0,0
4084,0,0,535,-1,0,0,340,0,0,0,0
4088,0,0,534,-1,0,0,337,0,0,0,0
4092,0,0,534,-1,0,0,335,0,0,0,0
4096,0,0,532,-1,0,0,331,0,0,0,0
4100,0,0,531,-1,0,0,327,0,0,0,0
4104,0,0,531,-1,0,0,323,0,0,0,0
4108,0,0,528,-1,0,0,318,0,0,0,0
4112,0,0,527,-1,0,0,312,0,0,0,0
4116,0,0,525,-1,0,0,306,0,0,0,0
4120,0,0,524,-1,0,0,300,0,0,0,0
4124,0,0,522,-1,0,0,293,0,0,0,0
4128,0,0,521,-1,0,0,286,0,0,0,0
4132,0,0,518,-1,0,0,277,0,0,0,0
4136,0,0,517,-1,0,0,269,0,0,0,0
4140,0,0,515,-1,0,0,260,0,0,0,0
4144,0,0,511,-1,0,0,250,0,0,0,0
4148,0,0,509,-1,0,0,239,0,0,0,0
4152,0,0,506,-1,0,0,227,0,0,0,0
4156,0,0,504,-1,0,0,215,0,0,0,0
4160,0,0,501,-1,0,0,202,0,0,0,0
4164,0,0,497,-1,0,0,188,0,0,0,0
4168,0,0,495,-1,0,0,174,0,0,0,0
4172,0,0,495,-1,0,0,161,0,0,0,0
4176,0,0,491,-1,0,0,147,0,0,0,0
4180,0,0,490,-1,0,0,134,0,0,0,0
4184,0,0,490,-1,0,0,122,0,0,0,0
4188,0,0,489,-1,0,0,110,0,0,0,0
4192,0,0,489,-1,0,0,100,0,0,0,0
4196,0,0,489,-1,0,0,90,0,0,0,0
4200,0,0,488,-1,0,0,81,0,0,0,0
4204,0,0,489,-1,0,0,74,0,0,0,0
4208,0,0,489,-1,0,0,67,0,0,0,0
4212,0,0,489,-1,0,0,61,0,0,0,0
4216,0,0,489,-1,0,0,56,0,0,0,0
4220,0,0,489,-1,0,0,51,0,0,0,0
4224,0,0,489,-1,0,0,46,0,0,0,0
4228,0,0,489,-1,0,0,42,0,0,0,0
4232,0,0,488,-1,0,0,38,0,0,0,0
4236,0,0,488,-1,0,0,34,0,0,0,0
4240,0,0,488,-1,0,0,31,0,0,0,0
4244,0,0,487,-1,0,0,27,0,0,0,0
4248,0,0,487,-1,0,0,23,0,0,0,0
4252,0,0,487,-1,0,0,20,0,0,0,0
4256,0,0,486,-1,0,0,17,0,0,0,0
4260,0,0,486,-1,0,0,14,0,0,0,0
4264,0,0,486,-1,0,0,11,0,0,0,0
4268,0,0,486,-1,0,0,9,0,0,0,0
4272,0,0,485,-1,0,0,6,0,0,0,0
4276,0,0,485,-1,0,0,3,0,0,0,0
4280,0,0,485,-1,0,0,1,0,0,0,0
4284,0,0,486,-1,0,0,0,0,0,0,0
4288,0,0,484,-1,0,0,-3,0,0,0,0
4292,0,0,484,-1,0,0,-5,0,0,0,0
4296,0,0,484,-1,0,0,-7,0,0,0,0
4300,0,0,484,-1,0,0,-9,0,0,0,0
4304,0,0,484,-1,0,0,-11,0,0,0,0
4308,0,0,483,-1,0,0,-13,0,0,0,0
4312,0,0,484,-1,0,0,-14,0,0,0,0
4316,0,0,484,-1,0,0,-16,0,0,0,0
4320,0,0,484,-1,0,0,-17,0,0,0,0
4324,0,0,484,-1,0,0,-18,0,0,0,0
4328,0,0,484,-1,0,0,-19,0,0,0,0
4332,0,0,484,-1,0,0,-19,0,0,0,0
4336,0,0,484,-1,0,0,-20,0,0,0,0
4340,0,0,483,-1,0,0,-21,0,0,0,0
4344,0,0,484,-1,0,0,-22,0,0,0,0
4348,0,0,483,-1,0,0,-23,0,0,0,0
4352,0,0,483,-1,0,0,-24,0,0,0,0
4356,0,0,483,-1,0,0,-25,0,0,0,0
4360,0,0,483,-1,0,0,-26,0,0,0,0
4364,0,0,481,-1,0,0,-28,0,0,0,0
4368,0,0,482,-1,0,0,-29,0,0,0,0
4372,0,0,483,-1,0,0,-30,0,0,0,0
4376,0,0,483,-1,0,0,-30,0,0,0,0
4380,0,0,483,-1,0,0,-30,0,0,0,0
4384,0,0,483,-1,0,0,-31,0,0,0,0
4388,0,0,483,-1,0,0,-31,0,0,0,0
4392,0,0,483,-1,0,0,-31,0,0,0,0
4396,0,0,483,-1,0,0,-31,0,0,0,0
4400,0,0,483,-1,0,0,-31,0,0,0,0
4404,0,0,483,-1,0,0,-32,0,0,0,0
4408,0,0,483,-1,0,0,-32,0,0,0,0
4412,0,0,483,-1,0,0,-32,0,0,0,0
4416,0,0,483,-1,0,0,-32,0,0,0,0
4420,0,0,483,-1,0,0,-32,0,0,0,0
4424,0,0,483,-1,0,0,-32,0,0,0,0
4428,0,0,483,-1,0,0,-32,0,0,0,0
4432,0,0,483,-1,0,0,-33,0,0,0,0
4436,0,0,483,-1,0,0,-33,0,0,0,0
4440,0,0,483,-1,0,0,-33,0,0,0,0
4444,0,0,483,-1,0,0,-33,0,0,0,0
4448,0,0,483,-1,0,0,-33,0,0,0,0
4452,0,0,483,-1,0,0,-33,0,0,0,0
4456,0,0,483,-1,0,0,-33,0,0,0,0
4460,0,0,483,-1,0,0,-33,0,0,0,0
4464,0,0,483,-1,0,0,-33,0,0,0,0
4468,0,0,483,-1,0,0,-33,0,0,0,0
4472,0,0,483,-1,0,0,-33,0,0,0,0
4476,0,0,483,-1,0,0,-33,0,0,0,0
4480,0,0,483,-1,0,0,-33,0,0,0,0
4484,0,0,484,-1,0,0,-32,0,0,0,0
4488,0,0,483,-1,0,0,-33,0,0,0,0
4492,0,0,483,-1,0,0,-33,0,0,0,0
4496,0,0,483,-1,0,0,-33,0,0,0,0
4500,0,0,484,-1,0,0,-32,0,0,0,0
4504,0,0,483,-1,0,0,-32,0,0,0,0
4508,0,0,483,-1,0,0,-32,0,0,0,0
4512,0,0,483,-1,0,0,-32,0,0,0,0
4516,0,0,484,-1,0,0,-32,0,0,0,0
4520,0,0,484,-1,0,0,-31,0,0,0,0
4524,0,0,484,-1,0,0,-31,0,0,0,0
4528,0,0,484,-1,0,0,-30,0,0,0,0
4532,0,0,484,-1,0,0,-30,0,0,0,0
4536,0,0,484,-1,0,0,-30,0,0,0,0
4540,0,0,483,-1,0,0,-30,0,0,0,0
4544,0,0,482,-1,0,0,-31,0,0,0,0
4548,0,0,483,-1,0,0,-31,0,0,0,0
4552,0,0,483,-1,0,0,-31,0,0,0,0
4556,0,0,483,-1,0,0,-32,0,0,0,0
4560,0,0,483,-1,0,0,-32,0,0,0,0
4564,0,0,484,-1,0,0,-31,0,0,0,0
4568,0,0,484,-1,0,0,-31,0,0,0,0
4572,0,0,484,-1,0,0,-30,0,0,0,0
4576,0,0,484,-1,0,0,-30,0,0,0,0
4580,0,0,484,-1,0,0,-30,0,0,0,0
4584,0,0,484,-1,0,0,-29,0,0,0,0
4588,0,0,484,-1,0,0,-29,0,0,0,0
4592,0,0,484,-1,0,0,-29,0,0,0,0
4596,0,0,484,-1,0,0,-29,0,0,0,0
4600,0,0,484,-1,0,0,-28,0,0,0,0
4604,0,0,484,-1,0,0,-28,0,0,0,0
4608,0,0,484,-1,0,0,-28,0,0,0,0
4612,0,0,485,-1,0,0,-27,0,0,0,0
4616,0,0,484,-1,0,0,-27,0,0,0,0
4620,0,0,484,-1,0,0,-27,0,0,0,0
4624,0,0,484,-1,0,0,-27,0,0,0,0
4628,0,0,484,-1,0,0,-27,0,0,0,0
4632,0,0,484,-1,0,0,-27,0,0,0,0
4636,0,0,484,-1,0,0,-27,0,0,0,0
4640,0,0,484,-1,0,0,-27,0,0,0,0
4644,0,0,484,-1,0,0,-27,0,0,0,0
4648,0,0,484,-1,0,0,-27,0,0,0,0
4652,0,0,484,-1,0,0,-27,0,0,0,0
4656,0,0,483,-1,0,0,-27,0,0,0,0
4660,0,0,484,-1,0,0,-27,0,0,0,0
4664,0,0,484,-1,0,0,-27,0,0,0,0
4668,0,0,484,-1,0,0,-27,0,0,0,0
4672,0,0,484,-1,0,0,-27,0,0,0,0
4676,0,0,484,-1,0,0,-27,0,0,0,0
4680,0,0,484,-1,0,0,-27,0,0,0,0
4684,0,0,484,-1,0,0,-27,0,0,0,0
4688,0,0,484,-1,0,0,-27,0,0,0,0
4692,0,0,484,-1,0,0,-27,0,0,0,0
4696,0,0,484,-1,0,0,-27,0,0,0,0
4700,0,0,484,-1,0,0,-27,0,0,0,0
4704,0,0,484,-1,0,0,-27,0,0,0,0
4708,0,0,484,-1,0,0,-27,0,0,0,0
4712,0,0,484,-1,0,0,-27,0,0,0,0
4716,0,0,484,-1,0,0,-27,0,0,0,0
4720,0,0,484,-1,0,0,-27,0,0,0,0
4724,0,0,484,-1,0,0,-27,0,0,0,0
4728,0,0,484,-1,0,0,-27,0,0,0,0
4732,0,0,484,-1,0,0,-27,0,0,0,0
4736,0,0,484,-1,0,0,-27,0,0,0,0
4740,0,0,484,-1,0,0,-27,0,0,0,0
4744,0,0,484,-1,0,0,-27,0,0,0,0
4748,0,0,484,-1,0,0,-27,0,0,0,0
4752,0,0,484,-1,0,0,-27,0,0,0,0
4756,0,0,483,-1,0,0,-27,0,0,0,0
4760,0,0,483,-1,0,0,-28,0,0,0,0
4764,0,0,483,-1,0,0,-28,0,0,0,0
4768,0,0,483,-1,0,0,-29,0,0,0,0
4772,0,0,483,-1,0,0,-29,0,0,0,0
4776,0,0,483,-1,0,0,-30,0,0,0,0
4780,0,0,483,-1,0,0,-30,0,0,0,0
4784,0,0,483,-1,0,0,-30,0,0,0,0
4788,0,0,483,-1,0,0,-31,0,0,0,0
4792,0,0,483,-1,0,0,-31,0,0,0,0
4796,0,0,483,-1,0,0,-31,0,0,0,0
4800,0,0,483,-1,0,0,-31,0,0,0,0
4804,0,0,483,-1,0,0,-32,0,0,0,0
4808,0,0,483,-1,0,0,-32,0,0,0,0
4812,0,0,483,-1,0,0,-32,0,0,0,0
4816,0,0,484,-1,0,0,-31,0,0,0,0
4820,0,0,483,-1,0,0,-32,0,0,0,0
4824,0,0,484,-1,0,0,-31,0,0,0,0
4828,0,0,484,-1,0,0,-31,0,0,0,0
4832,0,0,483,-1,0,0,-31,0,0,0,0
4836,0,0,484,-1,0,0,-30,0,0,0,0
4840,0,0,484,-1,0,0,-30,0,0,0,0
4844,0,0,484,-1,0,0,-30,0,0,0,0
4848,0,0,484,-1,0,0,-29,0,0,0,0
4852,0,0,484,-1,0,0,-29,0,0,0,0
4856,0,0,484,-1,0,0,-29,0,0,0,0
4860,0,0,484,-1,0,0,-29,0,0,0,0
4864,0,0,484,-1,0,0,-28,0,0,0,0
4868,0,0,484,-1,0,0,-28,0,0,0,0
4872,0,0,484,-1,0,0,-28,0,0,0,0
4876,0,0,484,-1,0,0,-28,0,0,0,0
4880,0,0,484,-1,0,0,-28,0,0,0,0
4884,0,0,484,-1,0,0,-28,0,0,0,0
4888,0,0,484,-1,0,0,-28,0,0,0,0
4892,0,0,484,-1,0,0,-27,0,0,0,0
4896,0,0,485,-1,0,0,-27,0,0,0,0
4900,0,0,484,-1,0,0,-27,0,0,0,0
4904,0,0,484,-1,0,0,-27,0,0,0,0
4908,0,0,485,-1,0,0,-26,0,0,0,0
4912,0,0,484,-1,0,0,-26,0,0,0,0
4916,0,0,485,-1,0,0,-25,0,0,0,0
4920,0,0,485,-1,0,0,-25,0,0,0,0
4924,0,0,485,-1,0,0,-24,0,0,0,0
4928,0,0,485,-1,0,0,-24,0,0,0,0
4932,0,0,485,-1,0,0,-23,0,0,0,0
4936,0,0,485,-1,0,0,-23,0,0,0,0
4940,0,0,485,-1,0,0,-23,0,0,0,0
4944,0,0,485,-1,0,0,-22,0,0,0,0
4948,0,0,485,-1,0,0,-22,0,0,0,0
4952,0,0,486,-1,0,0,-21,0,0,0,0
4956,0,0,486,-1,0,0,-20,0,0,0,0
4960,0,0,486,-1,0,0,-20,0,0,0,0
4964,0,0,486,-1,0,0,-19,0,0,0,0
4968,0,0,486,-1,0,0,-18,0,0,0,0
4972,0,0,486,-1,0,0,-18,0,0,0,0
4976,0,0,487,-1,0,0,-17,0,0,0,0
4980,0,0,486,-1,0,0,-16,0,0,0,0
4984,0,0,487,-1,0,0,-15,0,0,0,0
4988,0,0,487,-1,0,0,-14,0,0,0,0
4992,0,0,487,-1,0,0,-14,0,0,0,0
4996,0,0,487,-1,0,0,-13,0,0,0,0
5000,0,0,487,-1,0,0,-12,0,0,0,0
5004,0,0,488,-1,0,0,-11,0,0,0,0
5008,0,0,487,-1,0,0,-10,0,0,0,0
5012,0,0,488,-1,0,0,-9,0,0,0,0
5016,0,0,489,-1,0,0,-8,0,0,0,0
5020,0,0,489,-1,0,0,-6,0,0,0,0
5024,0,0,489,-1,0,0,-5,0,0,0,0
5028,0,0,489,-1,0,0,-4,0,0,0,0
5032,0,0,490,-1,0,0,-2,0,0,0,0
5036,0,0,490,-1,0,0,0,0,0,0,0
5040,0,0,491,-1,0,0,1,0,0,0,0
5044,0,0,491,-1,0,0,3,0,0,0,0
5048,0,0,492,-1,0,0,5,0,0,0,0
5052,0,0,492,-1,0,0,7,0,0,0,0
5056,0,0,493,-1,0,0,10,0,0,0,0
5060,0,0,493,-1,0,0,12,0,0,0,0
5064,0,0,494,-1,0,0,15,0,0,0,0
5068,0,0,495,-1,0,0,18,0,0,0,0
5072,0,0,495,-1,0,0,21,0,0,0,0
5076,0,0,496,-1,0,0,24,0,0,0,0
5080,0,0,497,-1,0,0,28,0,0,0,0
5084,0,0,497,-1,0,0,31,0,0,0,0
5088,0,0,498,-1,0,0,35,0,0,0,0
5092,0,0,499,-1,0,0,39,0,0,0,0
5096,0,0,500,-1,0,0,43,0,0,0,0
5100,0,0,501,-1,0,0,47,0,0,0,0
5104,0,0,502,-1,0,0,52,0,0,0,0
5108,0,0,503,-1,0,0,57,0,0,0,0
5112,0,0,504,-1,0,0,62,0,0,0,0
5116,0,0,504,-1,0,0,66,0,0,0,0
5120,0,0,504,-1,0,0,71,0,0,0,0
5124,0,0,505,-1,0,0,75,0,0,0,0
5128,0,0,506,-1,0,0,80,0,0,0,0
5132,0,0,506,-1,0,0,84,0,0,0,0
5136,0,0,507,-1,0,0,88,0,0,0,0
5140,0,0,507,-1,0,0,92,0,0,0,0
5144,0,0,508,-1,0,0,96,0,0,0,0
5148,0,0,509,-1,0,0,101,0,0,0,0
5152,0,0,509,-1,0,0,105,0,0,0,0
5156,0,0,509,-1,0,0,109,0,0,0,0
5160,0,0,509,-1,0,0,112,0,0,0,0
5164,0,0,509,-1,0,0,115,0,0,0,0
5168,0,0,510,-1,0,0,118,0,0,0,0
5172,0,0,510,-1,0,0,121,0,0,0,0
5176,0,0,511,-1,0,0,125,0,0,0,0
5180,0,0,511,-1,0,0,128,0,0,0,0
5184,0,0,511,-1,0,0,130,0,0,0,0
5188,0,0,512,-1,0,0,133,0,0,0,0
5192,0,0,512,-1,0,0,136,0,0,0,0
5196,0,0,513,-1,0,0,139,0,0,0,0
5200,0,0,513,-1,0,0,142,0,0,0,0
5204,0,0,513,-1,0,0,145,0,0,0,0
5208,0,0,514,-1,0,0,148,0,0,0,0
5212,0,0,514,-1,0,0,151,0,0,0,0
5216,0,0,515,-1,0,0,154,0,0,0,0
5220,0,0,515,-1,0,0,157,0,0,0,0
5224,0,0,515,-1,0,0,159,0,0,0,0
5228,0,0,516,-1,0,0,162,0,0,0,0
5232,0,0,516,-1,0,0,165,0,0,0,0
5236,0,0,516,-1,0,0,167,0,0,0,0
5240,0,0,516,-1,0,0,169,0,0,0,0
5244,0,0,517,-1,0,0,172,0,0,0,0
5248,0,0,517,-1,0,0,174,0,0,0,0
5252,0,0,517,-1,0,0,176,0,0,0,0
5256,0,0,517,-1,0,0,178,0,0,0,0
5260,0,0,518,-1,0,0,181,0,0,0,0
5264,0,0,518,-1,0,0,183,0,0,0,0
5268,0,0,518,-1,0,0,185,0,0,0,0
5272,0,0,518,-1,0,0,187,0,0,0,0
5276,0,0,519,-1,0,0,189,0,0,0,0
5280,0,0,519,-1,0,0,191,0,0,0,0
5284,0,0,519,-1,0,0,193,0,0,0,0
5288,0,0,519,-1,0,0,194,0,0,0,0
5292,0,0,519,-1,0,0,196,0,0,0,0
5296,0,0,519,-1,0,0,197,0,0,0,0
5300,0,0,519,-1,0,0,198,0,0,0,0
5304,0,0,520,-1,0,0,200,0,0,0,0
5308,0,0,520,-1,0,0,202,0,0,0,0
5312,0,0,520,-1,0,0,203,0,0,0,0
5316,0,0,520,-1,0,0,204,0,0,0,0
5320,0,0,520,-1,0,0,205,0,0,0,0
5324,0,0,520,-1,0,0,206,0,0,0,0
5328,0,0,520,-1,0,0,207,0,0,0,0
5332,0,0,521,-1,0,0,209,0,0,0,0
5336,0,0,521,-1,0,0,210,0,0,0,0
5340,0,0,521,-1,0,0,211,0,0,0,0
5344,0,0,521,-1,0,0,213,0,0,0,0
5348,0,0,521,-1,0,0,214,0,0,0,0
5352,0,0,522,-1,0,0,215,0,0,0,0
5356,0,0,522,-1,0,0,217,0,0,0,0
5360,0,0,522,-1,0,0,218,0,0,0,0
5364,0,0,522,-1,0,0,219,0,0,0,0
5368,0,0,522,-1,0,0,220,0,0,0,0
5372,0,0,522,-1,0,0,221,0,0,0,0
5376,0,0,523,-1,0,0,222,0,0,0,0
5380,0,0,523,-1,0,0,224,0,0,0,0
5384,0,0,523,-1,0,0,225,0,0,0,0
5388,0,0,523,-1,0,0,226,0,0,0,0
5392,0,0,524,-1,0,0,228,0,0,0,0
5396,0,0,524,-1,0,0,229,0,0,0,0
5400,0,0,524,-1,0,0,231,0,0,0,0
5404,0,0,523,-1,0,0,231,0,0,0,0
5408,0,0,524,-1,0,0,232,0,0,0,0
5412,0,0,525,-1,0,0,234,0,0,0,0
5416,0,0,525,-1,0,0,236,0,0,0,0
5420,0,0,526,-1,0,0,238,0,0,0,0
5424,0,0,526,-1,0,0,239,0,0,0,0
5428,0,0,527,-1,0,0,242,0,0,0,0
5432,0,0,527,-1,0,0,244,0,0,0,0
5436,0,0,527,-1,0,0,246,0,0,0,0
5440,0,0,528,-1,0,0,248,0,0,0,0
5444,0,0,528,-1,0,0,250,0,0,0,0
5448,0,0,529,-1,0,0,253,0,0,0,0
5452,0,0,529,-1,0,0,255,0,0,0,0
5456,0,0,529,-1,0,0,257,0,0,0,0
5460,0,0,529,-1,0,0,259,0,0,0,0
5464,0,0,530,-1,0,0,262,0,0,0,0
5468,0,0,530,-1,0,0,264,0,0,0,0
5472,0,0,530,-1,0,0,266,0,0,0,0
5476,0,0,530,-1,0,0,268,0,0,0,0
5480,0,0,530,-1,0,0,269,0,0,0,0
5484,0,0,529,-1,0,0,270,0,0,0,0
5488,0,0,530,-1,0,0,271,0,0,0,0
5492,0,0,529,-1,0,0,272,0,0,0,0
5496,0,0,529,-1,0,0,272,0,0,0,0
5500,0,0,529,-1,0,0,273,0,0,0,0
5504,0,0,528,-1,0,0,272,0,0,0,0
5508,0,0,528,-1,0,0,272,0,0,0,0
5512,0,0,527,-1,0,0,271,0,0,0,0
5516,0,0,527,-1,0,0,270,0,0,0,0
5520,0,0,526,-1,0,0,269,0,0,0,0
5524,0,0,525,-1,0,0,267,0,0,0,0
5528,0,0,525,-1,0,0,265,0,0,0,0
5532,0,0,524,-1,0,0,263,0,0,0,0
5536,0,0,524,-1,0,0,261,0,0,0,0
5540,0,0,524,-1,0,0,259,0,0,0,0
5544,0,0,524,-1,0,0,258,0,0,0,0
5548,0,0,524,-1,0,0,256,0,0,0,0
5552,0,0,525,-1,0,0,255,0,0,0,0
5556,0,0,525,-1,0,0,255,0,0,0,0
5560,0,0,525,-1,0,0,254,0,0,0,0
5564,0,0,525,-1,0,0,254,0,0,0,0
5568,0,0,526,-1,0,0,254,0,0,0,0
5572,0,0,527,-1,0,0,255,0,0,0,0
5576,0,0,528,-1,0,0,256,0,0,0,0
5580,0,0,529,-1,0,0,258,0,0,0,0
5584,0,0,530,-1,0,0,261,0,0,0,0
5588,0,0,531,-1,0,0,264,0,0,0,0
5592,0,0,532,-1,0,0,267,0,0,0,0
5596,0,0,533,-1,0,0,271,0,0,0,0
5600,0,0,534,-1,0,0,275,0,0,0,0
5604,0,0,535,-1,0,0,279,0,0,0,0
5608,0,0,536,-1,0,0,283,0,0,0,0
5612,0,0,537,-1,0,0,288,0,0,0,0
5616,0,0,537,-1,0,0,292,0,0,0,0
5620,0,0,537,-1,0,0,296,0,0,0,0
5624,0,0,538,-1,0,0,300,0,0,0,0
5628,0,0,537,-1,0,0,303,0,0,0,0
5632,0,0,536,-1,0,0,305,0,0,0,0
5636,0,0,536,-1,0,0,307,0,0,0,0
5640,0,0,535,-1,0,0,308,0,0,0,0
5644,0,0,534,-1,0,0,308,0,0,0,0
5648,0,0,533,-1,0,0,308,0,0,0,0
5652,0,0,532,-1,0,0,307,0,0,0,0
5656,0,0,532,-1,0,0,306,0,0,0,0
5660,0,0,530,-1,0,0,304,0,0,0,0
5664,0,0,530,-1,0,0,302,0,0,0,0
5668,0,0,528,-1,0,0,298,0,0,0,0
5672,0,0,527,-1,0,0,295,0,0,0,0
5676,0,0,528,-1,0,0,292,0,0,0,0
5680,0,0,526,-1,0,0,289,0,0,0,0
5684,0,0,526,-1,0,0,285,0,0,0,0
5688,0,0,526,-1,0,0,283,0,0,0,0
5692,0,0,525,-1,0,0,279,0,0,0,0
5696,0,0,525,-1,0,0,276,0,0,0,0
5700,0,0,525,-1,0,0,274,0,0,0,0
5704,0,0,525,-1,0,0,271,0,0,0,0
5708,0,0,524,-1,0,0,268,0,0,0,0
5712,0,0,524,-1,0,0,266,0,0,0,0
5716,0,0,524,-1,0,0,263,0,0,0,0
5720,0,0,523,-1,0,0,261,0,0,0,0
5724,0,0,523,-1,0,0,258,0,0,0,0
5728,0,0,522,-1,0,0,255,0,0,0,0
5732,0,0,522,-1,0,0,253,0,0,0,0
5736,0,0,522,-1,0,0,250,0,0,0,0
5740,0,0,521,-1,0,0,248,0,0,0,0
5744,0,0,521,-1,0,0,245,0,0,0,0
5748,0,0,520,-1,0,0,242,0,0,0,0
5752,0,0,520,-1,0,0,240,0,0,0,0
5756,0,0,520,-1,0,0,237,0,0,0,0
5760,0,0,520,-1,0,0,235,0,0,0,0
5764,0,0,520,-1,0,0,233,0,0,0,0
5768,0,0,520,-1,0,0,231,0,0,0,0
5772,0,0,520,-1,0,0,230,0,0,0,0
5776,0,0,520,-1,0,0,228,0,0,0,0
5780,0,0,520,-1,0,0,227,0,0,0,0
5784,0,0,521,-1,0,0,227,0,0,0,0
5788,0,0,521,-1,0,0,226,0,0,0,0
5792,0,0,521,-1,0,0,226,0,0,0,0
5796,0,0,521,-1,0,0,226,0,0,0,0
5800,0,0,520,-1,0,0,225,0,0,0,0
5804,0,0,520,-1,0,0,224,0,0,0,0
5808,0,0,520,-1,0,0,223,0,0,0,0
5812,0,0,520,-1,0,0,222,0,0,0,0
5816,0,0,520,-1,0,0,221,0,0,0,0
5820,0,0,519,-1,0,0,220,0,0,0,0
5824,0,0,519,-1,0,0,219,0,0,0,0
5828,0,0,519,-1,0,0,218,0,0,0,0
5832,0,0,519,-1,0,0,217,0,0,0,0
5836,0,0,519,-1,0,0,216,0,0,0,0
5840,0,0,519,-1,0,0,216,0,0,0,0
5844,0,0,519,-1,0,0,215,0,0,0,0
5848,0,0,519,-1,0,0,214,0,0,0,0
5852,0,0,519,-1,0,0,214,0,0,0,0
5856,0,0,519,-1,0,0,213,0,0,0,0
5860,0,0,519,-1,0,0,213,0,0,0,0
5864,0,0,520,-1,0,0,213,0,0,0,0
5868,0,0,519,-1,0,0,213,0,0,0,0
5872,0,0,519,-1,0,0,212,0,0,0,0
5876,0,0,519,-1,0,0,212,0,0,0,0
5880,0,0,519,-1,0,0,212,0,0,0,0
5884,0,0,519,-1,0,0,211,0,0,0,0
5888,0,0,519,-1,0,0,211,0,0,0,0
5892,0,0,519,-1,0,0,211,0,0,0,0
5896,0,0,519,-1,0,0,211,0,0,0,0
5900,0,0,519,-1,0,0,211,0,0,0,0
5904,0,0,519,-1,0,0,210,0,0,0,0
5908,0,0,519,-1,0,0,210,0,0,0,0
5912,0,0,519,-1,0,0,210,0,0,0,0
5916,0,0,519,-1,0,0,210,0,0,0,0
5920,0,0,519,-1,0,0,210,0,0,0,0
5924,0,0,519,-1,0,0,210,0,0,0,0
5928,0,0,519,-1,0,0,210,0,0,0,0
5932,0,0,519,-1,0,0,210,0,0,0,0
5936,0,0,519,-1,0,0,210,0,0,0,0
5940,0,0,519,-1,0,0,210,0,0,0,0
5944,0,0,519,-1,0,0,209,0,0,0,0
5948,0,0,519,-1,0,0,209,0,0,0,0
5952,0,0,519,-1,0,0,209,0,0,0,0
5956,0,0,519,-1,0,0,209,0,0,0,0
5960,0,0,519,-1,0,0,209,0,0,0,0
5964,0,0,519,-1,0,0,209,0,0,0,0
5968,0,0,519,-1,0,0,209,0,0,0,0
5972,0,0,519,-1,0,0,209,0,0,0,0
5976,0,0,519,-1,0,0,209,0,0,0,0
5980,0,0,518,-1,0,0,208,0,0,0,0
5984,0,0,518,-1,0,0,208,0,0,0,0
5988,0,0,518,-1,0,0,207,0,0,0,0
5992,0,0,518,-1,0,0,207,0,0,0,0
5996,0,0,519,-1,0,0,207,0,0,0,0
6000,0,0,518,-1,0,0,207,0,0,0,0
6004,0,0,518,-1,0,0,206,0,0,0,0
6008,0,0,518,-1,0,0,206,0,0,0,0
6012,0,0,518,-1,0,0,205,0,0,0,0
6016,0,0,518,-1,0,0,205,0,0,0,0
6020,0,0,518,-1,0,0,205,0,0,0,0
6024,0,0,518,-1,0,0,204,0,0,0,0
6028,0,0,518,-1,0,0,204,0,0,0,0
6032,0,0,518,-1,0,0,204,0,0,0,0
6036,0,0,518,-1,0,0,204,0,0,0,0
6040,0,0,518,-1,0,0,204,0,0,0,0
6044,0,0,518,-1,0,0,204,0,0,0,0
6048,0,0,518,-1,0,0,203,0,0,0,0
6052,0,0,518,-1,0,0,203,0,0,0,0
6056,0,0,518,-1,0,0,203,0,0,0,0
6060,0,0,518,-1,0,0,203,0,0,0,0
6064,0,0,518,-1,0,0,203,0,0,0,0
6068,0,0,518,-1,0,0,203,0,0,0,0
6072,0,0,518,-1,0,0,203,0,0,0,0
6076,0,0,518,-1,0,0,203,0,0,0,0
6080,0,0,518,-1,0,0,203,0,0,0,0
6084,0,0,518,-1,0,0,203,0,0,0,0
6088,0,0,518,-1,0,0,203,0,0,0,0
6092,0,0,518,-1,0,0,203,0,0,0,0
6096,0,0,518,-1,0,0,203,0,0,0,0
6100,0,0,518,-1,0,0,203,0,0,0,0
6104,0,0,518,-1,0,0,202,0,0,0,0
6108,0,0,518,-1,0,0,202,0,0,0,0
6112,0,0,518,-1,0,0,202,0,0,0,0
6116,0,0,518,-1,0,0,202,0,0,0,0
6120,0,0,518,-1,0,0,202,0,0,0,0
6124,0,0,518,-1,0,0,202,0,0,0,0
6128,0,0,518,-1,0,0,202,0,0,0,0
6132,0,0,518,-1,0,0,202,0,0,0,0
6136,0,0,518,-1,0,0,202,0,0,0,0
6140,0,0,518,-1,0,0,202,0,0,0,0
6144,0,0,518,-1,0,0,202,0,0,0,0
6148,0,0,518,-1,0,0,202,0,0,0,0
6152,0,0,518,-1,0,0,202,0,0,0,0
6156,0,0,518,-1,0,0,202,0,0,0,0
6160,0,0,518,-1,0,0,202,0,0,0,0
6164,0,0,518,-1,0,0,202,0,0,0,0
6168,0,0,518,-1,0,0,202,0,0,0,0
6172,0,0,518,-1,0,0,202,0,0,0,0
6176,0,0,518,-1,0,0,202,0,0,0,0
6180,0,0,518,-1,0,0,202,0,0,0,0
6184,0,0,518,-1,0,0,202,0,0,0,0
6188,0,0,518,-1,0,0,202,0,0,0,0
6192,0,0,518,-1,0,0,202,0,0,0,0
6196,0,0,518,-1,0,0,202,0,0,0,0
6200,0,0,518,-1,0,0,202,0,0,0,0
6204,0,0,517,-1,0,0,202,0,0,0,0
6208,0,0,517,-1,0,0,201,0,0,0,0
6212,0,0,517,-1,0,0,200,0,0,0,0
6216,0,0,517,-1,0,0,200,0,0,0,0
6220,0,0,517,-1,0,0,199,0,0,0,0
6224,0,0,517,-1,0,0,199,0,0,0,0
6228,0,0,517,-1,0,0,199,0,0,0,0
6232,0,0,517,-1,0,0,198,0,0,0,0
6236,0,0,517,-1,0,0,198,0,0,0,0
6240,0,0,517,-1,0,0,198,0,0,0,0
6244,0,0,516,-1,0,0,197,0,0,0,0
6248,0,0,517,-1,0,0,197,0,0,0,0
6252,0,0,517,-1,0,0,197,0,0,0,0
6256,0,0,518,-1,0,0,197,0,0,0,0
6260,0,0,517,-1,0,0,197,0,0,0,0
6264,0,0,517,-1,0,0,197,0,0,0,0
6268,0,0,517,-1,0,0,197,0,0,0,0
6272,0,0,517,-1,0,0,197,0,0,0,0
6276,0,0,517,-1,0,0,196,0,0,0,0
6280,0,0,517,-1,0,0,196,0,0,0,0
6284,0,0,516,-1,0,0,196,0,0,0,0
6288,0,0,517,-1,0,0,196,0,0,0,0
6292,0,0,516,-1,0,0,195,0,0,0,0
6296,0,0,516,-1,0,0,194,0,0,0,0
6300,0,0,515,-1,0,0,193,0,0,0,0
6304,0,0,516,-1,0,0,193,0,0,0,0
6308,0,0,516,-1,0,0,192,0,0,0,0
6312,0,0,516,-1,0,0,192,0,0,0,0
6316,0,0,516,-1,0,0,192,0,0,0,0
6320,0,0,516,-1,0,0,191,0,0,0,0
6324,0,0,516,-1,0,0,191,0,0,0,0
6328,0,0,516,-1,0,0,191,0,0,0,0
6332,0,0,516,-1,0,0,191,0,0,0,0
6336,0,0,516,-1,0,0,190,0,0,0,0
6340,0,0,516,-1,0,0,190,0,0,0,0
6344,0,0,516,-1,0,0,190,0,0,0,0
6348,0,0,516,-1,0,0,190,0,0,0,0
6352,0,0,516,-1,0,0,190,0,0,0,0
6356,0,0,516,-1,0,0,190,0,0,0,0
6360,0,0,517,-1,0,0,190,0,0,0,0
6364,0,0,516,-1,0,0,190,0,0,0,0
6368,0,0,518,-1,0,0,191,0,0,0,0
6372,0,0,516,-1,0,0,191,0,0,0,0
6376,0,0,516,-1,0,0,191,0,0,0,0
6380,0,0,516,-1,0,0,191,0,0,0,0
6384,0,0,516,-1,0,0,190,0,0,0,0
6388,0,0,516,-1,0,0,190,0,0,0,0
6392,0,0,516,-1,0,0,190,0,0,0,0
6396,0,0,516,-1,0,0,190,0,0,0,0
6400,0,0,516,-1,0,0,190,0,0,0,0
6404,0,0,516,-1,0,0,190,0,0,0,0
6408,0,0,516,-1,0,0,190,0,0,0,0
6412,0,0,517,-1,0,0,190,0,0,0,0
6416,0,0,516,-1,0,0,190,0,0,0,0
6420,0,0,516,-1,0,0,190,0,0,0,0
6424,0,0,516,-1,0,0,190,0,0,0,0
6428,0,0,516,-1,0,0,190,0,0,0,0
6432,0,0,516,-1,0,0,190,0,0,0,0
6436,0,0,516,-1,0,0,189,0,0,0,0
6440,0,0,516,-1,0,0,189,0,0,0,0
6444,0,0,516,-1,0,0,189,0,0,0,0
6448,0,0,516,-1,0,0,189,0,0,0,0
6452,0,0,515,-1,0,0,189,0,0,0,0
6456,0,0,516,-1,0,0,189,0,0,0,0
6460,0,0,515,-1,0,0,188,0,0,0,0
6464,0,0,516,-1,0,0,188,0,0,0,0
6468,0,0,516,-1,0,0,188,0,0,0,0
6472,0,0,516,-1,0,0,188,0,0,0,0
6476,0,0,516,-1,0,0,188,0,0,0,0
6480,0,0,516,-1,0,0,188,0,0,0,0
6484,0,0,516,-1,0,0,188,0,0,0,0
6488,0,0,516,-1,0,0,188,0,0,0,0
6492,0,0,516,-1,0,0,188,0,0,0,0
6496,0,0,516,-1,0,0,188,0,0,0,0
6500,0,0,516,-1,0,0,188,0,0,0,0
6504,0,0,516,-1,0,0,188,0,0,0,0
6508,0,0,516,-1,0,0,188,0,0,0,0
6512,0,0,515,-1,0,0,188,0,0,0,0
6516,0,0,516,-1,0,0,188,0,0,0,0
6520,0,0,515,-1,0,0,187,0,0,0,0
6524,0,0,516,-1,0,0,187,0,0,0,0
6528,0,0,515,-1,0,0,187,0,0,0,0
6532,0,0,516,-1,0,0,187,0,0,0,0
6536,0,0,516,-1,0,0,187,0,0,0,0
6540,0,0,515,-1,0,0,187,0,0,0,0
6544,0,0,515,-1,0,0,186,0,0,0,0
6548,0,0,515,-1,0,0,186,0,0,0,0
6552,0,0,515,-1,0,0,185,0,0,0,0
6556,0,0,516,-1,0,0,186,0,0,0,0
6560,0,0,515,-1,0,0,185,0,0,0,0
6564,0,0,515,-1,0,0,185,0,0,0,0
6568,0,0,515,-1,0,0,185,0,0,0,0
6572,0,0,515,-1,0,0,184,0,0,0,0
6576,0,0,515,-1,0,0,184,0,0,0,0
6580,0,0,515,-1,0,0,184,0,0,0,0
6584,0,0,515,-1,0,0,184,0,0,0,0
6588,0,0,515,-1,0,0,184,0,0,0,0
6592,0,0,516,-1,0,0,184,0,0,0,0
6596,0,0,515,-1,0,0,184,0,0,0,0
6600,0,0,515,-1,0,0,184,0,0,0,0
6604,0,0,515,-1,0,0,183,0,0,0,0
6608,0,0,515,-1,0,0,183,0,0,0,0
6612,0,0,515,-1,0,0,183,0,0,0,0
6616,0,0,516,-1,0,0,184,0,0,0,0
6620,0,0,516,-1,0,0,184,0,0,0,0
6624,0,0,516,-1,0,0,185,0,0,0,0
6628,0,0,516,-1,0,0,185,0,0,0,0
6632,0,0,516,-1,0,0,185,0,0,0,0
6636,0,0,516,-1,0,0,186,0,0,0,0
6640,0,0,516,-1,0,0,186,0,0,0,0
6644,0,0,516,-1,0,0,186,0,0,0,0
6648,0,0,516,-1,0,0,187,0,0,0,0
6652,0,0,516,-1,0,0,187,0,0,0,0
6656,0,0,516,-1,0,0,187,0,0,0,0
6660,0,0,516,-1,0,0,187,0,0,0,0
6664,0,0,516,-1,0,0,187,0,0,0,0
6668,0,0,515,-1,0,0,187,0,0,0,0
6672,0,0,516,-1,0,0,187,0,0,0,0
6676,0,0,516,-1,0,0,187,0,0,0,0
6680,0,0,516,-1,0,0,187,0,0,0,0
6684,0,0,516,-1,0,0,187,0,0,0,0
6688,0,0,516,-1,0,0,188,0,0,0,0
6692,0,0,516,-1,0,0,188,0,0,0,0
6696,0,0,516,-1,0,0,188,0,0,0,0
6700,0,0,515,-1,0,0,187,0,0,0,0
6704,0,0,516,-1,0,0,187,0,0,0,0
6708,0,0,516,-1,0,0,187,0,0,0,0
6712,0,0,516,-1,0,0,188,0,0,0,0
6716,0,0,516,-1,0,0,188,0,0,0,0
6720,0,0,516,-1,0,0,188,0,0,0,0
6724,0,0,516,-1,0,0,188,0,0,0,0
6728,0,0,516,-1,0,0,188,0,0,0,0
6732,0,0,516,-1,0,0,188,0,0,0,0
6736,0,0,516,-1,0,0,188,0,0,0,0
6740,0,0,516,-1,0,0,188,0,0,0,0
6744,0,0,516,-1,0,0,188,0,0,0,0
6748,0,0,516,-1,0,0,188,0,0,0,0
6752,0,0,516,-1,0,0,188,0,0,0,0
6756,0,0,515,-1,0,0,188,0,0,0,0
6760,0,0,516,-1,0,0,188,0,0,0,0
6764,0,0,516,-1,0,0,188,0,0,0,0
6768,0,0,516,-1,0,0,188,0,0,0,0
6772,0,0,516,-1,0,0,188,0,0,0,0
6776,0,0,516,-1,0,0,188,0,0,0,0
6780,0,0,516,-1,0,0,188,0,0,0,0
6784,0,0,516,-1,0,0,188,0,0,0,0
6788,0,0,516,-1,0,0,188,0,0,0,0
6792,0,0,516,-1,0,0,188,0,0,0,0
6796,0,0,516,-1,0,0,188,0,0,0,0
6800,0,0,516,-1,0,0,188,0,0,0,0
6804,0,0,516,-1,0,0,188,0,0,0,0
6808,0,0,516,-1,0,0,188,0,0,0,0
6812,0,0,516,-1,0,0,188,0,0,0,0
6816,0,0,516,-1,0,0,188,0,0,0,0
6820,0,0,515,-1,0,0,188,0,0,0,0
6824,0,0,515,-1,0,0,187,0,0,0,0
6828,0,0,515,-1,0,0,187,0,0,0,0
6832,0,0,515,-1,0,0,186,0,0,0,0
6836,0,0,516,-1,0,0,186,0,0,0,0
6840,0,0,515,-1,0,0,186,0,0,0,0
6844,0,0,515,-1,0,0,186,0,0,0,0
6848,0,0,515,-1,0,0,185,0,0,0,0
6852,0,0,515,-1,0,0,185,0,0,0,0
6856,0,0,515,-1,0,0,185,0,0,0,0
6860,0,0,515,-1,0,0,184,0,0,0,0
6864,0,0,515,-1,0,0,184,0,0,0,0
6868,0,0,515,-1,0,0,184,0,0,0,0
6872,0,0,515,-1,0,0,184,0,0,0,0
6876,0,0,515,-1,0,0,184,0,0,0,0
6880,0,0,515,-1,0,0,183,0,0,0,0
6884,0,0,515,-1,0,0,183,0,0,0,0
6888,0,0,515,-1,0,0,183,0,0,0,0
6892,0,0,515,-1,0,0,183,0,0,0,0
6896,0,0,515,-1,0,0,183,0,0,0,0
6900,0,0,515,-1,0,0,183,0,0,0,0
6904,0,0,515,-1,0,0,183,0,0,0,0
6908,0,0,515,-1,0,0,183,0,0,0,0
6912,0,0,515,-1,0,0,183,0,0,0,0
6916,0,0,515,-1,0,0,182,0,0,0,0
6920,0,0,515,-1,0,0,182,0,0,0,0
6924,0,0,515,-1,0,0,182,0,0,0,0
6928,0,0,515,-1,0,0,182,0,0,0,0
6932,0,0,515,-1,0,0,182,0,0,0,0
6936,0,0,515,-1,0,0,182,0,0,0,0
6940,0,0,515,-1,0,0,182,0,0,0,0
6944,0,0,516,-1,0,0,183,0,0,0,0
6948,0,0,515,-1,0,0,183,0,0,0,0
6952,0,0,515,-1,0,0,183,0,0,0,0
6956,0,0,516,-1,0,0,183,0,0,0,0
6960,0,0,515,-1,0,0,183,0,0,0,0
6964,0,0,515,-1,0,0,183,0,0,0,0
6968,0,0,515,-1,0,0,183,0,0,0,0
6972,0,0,515,-1,0,0,183,0,0,0,0
6976,0,0,515,-1,0,0,183,0,0,0,0
6980,0,0,515,-1,0,0,183,0,0,0,0
6984,0,0,515,-1,0,0,183,0,0,0,0
6988,0,0,515,-1,0,0,183,0,0,0,0
6992,0,0,515,-1,0,0,182,0,0,0,0
6996,0,0,515,-1,0,0,182,0,0,0,0
7000,0,0,515,-1,0,0,182,0,0,0,0
7004,0,0,515,-1,0,0,182,0,0,0,0
7008,0,0,516,-1,0,0,183,0,0,0,0
7012,0,0,516,-1,0,0,184,0,0,0,0
7016,0,0,516,-1,0,0,184,0,0,0,0
7020,0,0,515,-1,0,0,184,0,0,0,0
7024,0,0,515,-1,0,0,184,0,0,0,0
7028,0,0,515,-1,0,0,183,0,0,0,0
7032,0,0,515,-1,0,0,183,0,0,0,0
7036,0,0,515,-1,0,0,183,0,0,0,0
7040,0,0,515,-1,0,0,183,0,0,0,0
7044,0,0,515,-1,0,0,183,0,0,0,0
7048,0,0,515,-1,0,0,183,0,0,0,0
7052,0,0,515,-1,0,0,183,0,0,0,0
7056,0,0,515,-1,0,0,183,0,0,0,0
7060,0,0,515,-1,0,0,183,0,0,0,0
7064,0,0,515,-1,0,0,183,0,0,0,0
7068,0,0,515,-1,0,0,182,0,0,0,0
7072,0,0,515,-1,0,0,182,0,0,0,0
7076,0,0,515,-1,0,0,182,0,0,0,0
7080,0,0,515,-1,0,0,182,0,0,0,0
7084,0,0,514,-1,0,0,182,0,0,0,0
7088,0,0,515,-1,0,0,182,0,0,0,0
7092,0,0,515,-1,0,0,182,0,0,0,0
7096,0,0,515,-1,0,0,182,0,0,0,0
7100,0,0,515,-1,0,0,182,0,0,0,0
7104,0,0,515,-1,0,0,182,0,0,0,0
7108,0,0,515,-1,0,0,182,0,0,0,0
7112,0,0,515,-1,0,0,182,0,0,0,0
7116,0,0,515,-1,0,0,182,0,0,0,0
7120,0,0,515,-1,0,0,182,0,0,0,0
7124,0,0,515,-1,0,0,182,0,0,0,0
7128,0,0,515,-1,0,0,182,0,0,0,0
7132,0,0,514,-1,0,0,181,0,0,0,0
7136,0,0,515,-1,0,0,181,0,0,0,0
7140,0,0,515,-1,0,0,181,0,0,0,0
7144,0,0,515,-1,0,0,181,0,0,0,0
7148,0,0,515,-1,0,0,181,0,0,0,0
7152,0,0,515,-1,0,0,181,0,0,0,0
7156,0,0,515,-1,0,0,182,0,0,0,0
7160,0,0,514,-1,0,0,181,0,0,0,0
7164,0,0,515,-1,0,0,181,0,0,0,0
7168,0,0,515,-1,0,0,181,0,0,0,0
7172,0,0,515,-1,0,0,181,0,0,0,0
7176,0,0,514,-1,0,0,181,0,0,0,0
7180,0,0,515,-1,0,0,181,0,0,0,0
7184,0,0,515,-1,0,0,181,0,0,0,0
7188,0,0,515,-1,0,0,181,0,0,0,0
7192,0,0,515,-1,0,0,181,0,0,0,0
7196,0,0,514,-1,0,0,180,0,0,0,0
7200,0,0,515,-1,0,0,181,0,0,0,0
7204,0,0,515,-1,0,0,181,0,0,0,0
7208,0,0,515,-1,0,0,181,0,0,0,0
7212,0,0,515,-1,0,0,181,0,0,0,0
7216,0,0,515,-1,0,0,181,0,0,0,0
7220,0,0,514,-1,0,0,180,0,0,0,0
7224,0,0,515,-1,0,0,181,0,0,0,0
7228,0,0,514,-1,0,0,180,0,0,0,0
7232,0,0,514,-1,0,0,180,0,0,0,0
7236,0,0,515,-1,0,0,180,0,0,0,0
7240,0,0,514,-1,0,0,179,0,0,0,0
7244,0,0,514,-1,0,0,179,0,0,0,0
7248,0,0,514,-1,0,0,179,0,0,0,0
7252,0,0,514,-1,0,0,178,0,0,0,0
7256,0,0,515,-1,0,0,179,0,0,0,0
7260,0,0,514,-1,0,0,178,0,0,0,0
7264,0,0,514,-1,0,0,178,0,0,0,0
7268,0,0,514,-1,0,0,178,0,0,0,0
7272,0,0,515,-1,0,0,178,0,0,0,0
7276,0,0,514,-1,0,0,178,0,0,0,0
7280,0,0,514,-1,0,0,178,0,0,0,0
7284,0,0,515,-1,0,0,178,0,0,0,0
7288,0,0,514,-1,0,0,178,0,0,0,0
7292,0,0,514,-1,0,0,177,0,0,0,0
7296,0,0,514,-1,0,0,177,0,0,0,0
7300,0,0,514,-1,0,0,177,0,0,0,0
7304,0,0,514,-1,0,0,177,0,0,0,0
7308,0,0,514,-1,0,0,177,0,0,0,0
7312,0,0,514,-1,0,0,177,0,0,0,0
7316,0,0,514,-1,0,0,176,0,0,0,0
7320,0,0,514,-1,0,0,176,0,0,0,0
7324,0,0,514,-1,0,0,176,0,0,0,0
7328,0,0,514,-1,0,0,176,0,0,0,0
7332,0,0,514,-1,0,0,176,0,0,0,0
7336,0,0,514,-1,0,0,176,0,0,0,0
7340,0,0,514,-1,0,0,176,0,0,0,0
7344,0,0,515,-1,0,0,176,0,0,0,0
7348,0,0,515,-1,0,0,177,0,0,0,0
7352,0,0,515,-1,0,0,177,0,0,0,0
7356,0,0,516,-1,0,0,179,0,0,0,0
7360,0,0,516,-1,0,0,180,0,0,0,0
7364,0,0,517,-1,0,0,181,0,0,0,0
7368,0,0,517,-1,0,0,183,0,0,0,0
7372,0,0,518,-1,0,0,185,0,0,0,0
7376,0,0,519,-1,0,0,187,0,0,0,0
7380,0,0,519,-1,0,0,189,0,0,0,0
7384,0,0,520,-1,0,0,192,0,0,0,0
7388,0,0,521,-1,0,0,195,0,0,0,0
7392,0,0,522,-1,0,0,198,0,0,0,0
7396,0,0,523,-1,0,0,202,0,0,0,0
7400,0,0,524,-1,0,0,206,0,0,0,0
7404,0,0,525,-1,0,0,211,0,0,0,0
7408,0,0,526,-1,0,0,215,0,0,0,0
7412,0,0,527,-1,0,0,220,0,0,0,0
7416,0,0,528,-1,0,0,225,0,0,0,0
7420,0,0,532,-1,0,0,232,0,0,0,0
7424,0,0,533,-1,0,0,239,0,0,0,0
7428,0,0,535,-1,0,0,247,0,0,0,0
7432,0,0,539,-1,0,0,257,0,0,0,0
7436,0,0,541,-1,0,0,267,0,0,0,0
7440,0,0,543,-1,0,0,277,0,0,0,0
7444,0,0,548,-1,0,0,290,0,0,0,0
7448,0,0,550,-1,0,0,303,0,0,0,0
7452,0,0,553,-1,0,0,316,0,0,0,0
7456,0,0,559,-1,0,0,333,0,0,0,0
7460,0,0,563,-1,0,0,350,0,0,0,0
7464,0,0,567,-1,0,0,368,0,0,0,0
7468,0,0,577,-1,0,0,392,0,0,0,0
7472,0,0,583,-1,0,0,417,0,0,0,0
7476,0,0,593,-1,0,0,446,0,0,0,0
7480,0,0,598,-1,0,0,476,0,0,0,0
7484,0,0,605,-1,0,0,507,0,0,0,0
7488,0,0,617,-1,0,0,543,0,0,0,0
7492,0,0,624,-1,0,0,581,0,0,0,0
7496,0,0,629,-1,0,0,618,0,0,0,0
7500,0,0,639,-1,0,0,658,0,0,0,0
7504,0,0,642,-1,0,0,696,0,0,0,0
7508,0,0,644,-1,0,0,732,0,0,0,0
7512,0,0,643,-1,0,0,764,0,0,0,0
7516,0,0,640,-1,0,0,790,0,0,0,0
7520,0,0,636,-1,0,0,811,0,0,0,0
7524,0,0,628,-1,0,0,824,0,0,0,0
7528,0,0,623,-1,0,0,833,0,0,0,0
7532,0,0,618,-1,0,0,838,0,0,0,0
7536,0,0,608,-1,0,0,835,0,0,0,0
7540,0,0,603,-1,0,0,829,0,0,0,0
7544,0,0,598,-1,0,0,820,0,0,0,0
7548,0,0,589,-1,0,0,807,0,0,0,0
7552,0,0,585,-1,0,0,791,0,0,0,0
7556,0,0,577,-1,0,0,772,0,0,0,0
7560,0,0,574,-1,0,0,753,0,0,0,0
7564,0,0,571,-1,0,0,734,0,0,0,0
7568,0,0,566,-1,0,0,713,0,0,0,0
7572,0,0,564,-1,0,0,693,0,0,0,0
7576,0,0,563,-1,0,0,674,0,0,0,0
7580,0,0,560,-1,0,0,656,0,0,0,0
7584,0,0,559,-1,0,0,638,0,0,0,0
7588,0,0,558,-1,0,0,621,0,0,0,0
7592,0,0,557,-1,0,0,606,0,0,0,0
7596,0,0,557,-1,0,0,592,0,0,0,0
7600,0,0,557,-1,0,0,579,0,0,0,0
7604,0,0,557,-1,0,0,568,0,0,0,0
7608,0,0,556,-1,0,0,557,0,0,0,0
7612,0,0,558,-1,0,0,549,0,0,0,0
7616,0,0,558,-1,0,0,541,0,0,0,0
7620,0,0,558,-1,0,0,534,0,0,0,0
7624,0,0,559,-1,0,0,529,0,0,0,0
7628,0,0,559,-1,0,0,524,0,0,0,0
7632,0,0,559,-1,0,0,519,0,0,0,0
7636,0,0,559,-1,0,0,515,0,0,0,0
7640,0,0,560,-1,0,0,512,0,0,0,0
7644,0,0,560,-1,0,0,510,0,0,0,0
7648,0,0,560,-1,0,0,507,0,0,0,0
7652,0,0,560,-1,0,0,505,0,0,0,0
7656,0,0,560,-1,0,0,503,0,0,0,0
7660,0,0,560,-1,0,0,502,0,0,0,0
7664,0,0,560,-1,0,0,500,0,0,0,0
7668,0,0,559,-1,0,0,498,0,0,0,0
7672,0,0,560,-1,0,0,497,0,0,0,0
7676,0,0,560,-1,0,0,496,0,0,0,0
7680,0,0,559,-1,0,0,494,0,0,0,0
7684,0,0,559,-1,0,0,493,0,0,0,0
7688,0,0,559,-1,0,0,491,0,0,0,0
7692,0,0,559,-1,0,0,490,0,0,0,0
7696,0,0,558,-1,0,0,488,0,0,0,0
7700,0,0,558,-1,0,0,487,0,0,0,0
7704,0,0,557,-1,0,0,485,0,0,0,0
7708,0,0,557,-1,0,0,483,0,0,0,0
7712,0,0,556,-1,0,0,480,0,0,0,0
7716,0,0,555,-1,0,0,477,0,0,0,0
7720,0,0,554,-1,0,0,474,0,0,0,0
7724,0,0,554,-1,0,0,471,0,0,0,0
7728,0,0,552,-1,0,0,467,0,0,0,0
7732,0,0,552,-1,0,0,464,0,0,0,0
7736,0,0,550,-1,0,0,459,0,0,0,0
7740,0,0,549,-1,0,0,455,0,0,0,0
7744,0,0,548,-1,0,0,450,0,0,0,0
7748,0,0,546,-1,0,0,444,0,0,0,0
7752,0,0,545,-1,0,0,438,0,0,0,0
7756,0,0,544,-1,0,0,432,0,0,0,0
7760,0,0,542,-1,0,0,425,0,0,0,0
7764,0,0,541,-1,0,0,418,0,0,0,0
7768,0,0,540,-1,0,0,412,0,0,0,0
7772,0,0,538,-1,0,0,404,0,0,0,0
7776,0,0,536,-1,0,0,396,0,0,0,0
7780,0,0,535,-1,0,0,388,0,0,0,0
7784,0,0,532,-1,0,0,379,0,0,0,0
7788,0,0,530,-1,0,0,370,0,0,0,0
7792,0,0,529,-1,0,0,360,0,0,0,0
7796,0,0,525,-1,0,0,349,0,0,0,0
7800,0,0,523,-1,0,0,338,0,0,0,0
7804,0,0,519,-1,0,0,325,0,0,0,0
7808,0,0,517,-1,0,0,312,0,0,0,0
7812,0,0,514,-1,0,0,298,0,0,0,0
7816,0,0,510,-1,0,0,283,0,0,0,0
7820,0,0,507,-1,0,0,268,0,0,0,0
7824,0,0,505,-1,0,0,252,0,0,0,0
7828,0,0,499,-1,0,0,235,0,0,0,0
7832,0,0,497,-1,0,0,217,0,0,0,0
7836,0,0,495,-1,0,0,200,0,0,0,0
7840,0,0,490,-1,0,0,181,0,0,0,0
7844,0,0,488,-1,0,0,163,0,0,0,0
7848,0,0,486,-1,0,0,145,0,0,0,0
7852,0,0,484,-1,0,0,128,0,0,0,0
7856,0,0,483,-1,0,0,112,0,0,0,0
7860,0,0,482,-1,0,0,97,0,0,0,0
7864,0,0,482,-1,0,0,83,0,0,0,0
7868,0,0,482,-1,0,0,70,0,0,0,0
7872,0,0,483,-1,0,0,60,0,0,0,0
7876,0,0,483,-1,0,0,51,0,0,0,0
7880,0,0,484,-1,0,0,43,0,0,0,0
7884,0,0,485,-1,0,0,36,0,0,0,0
7888,0,0,486,-1,0,0,31,0,0,0,0
7892,0,0,488,-1,0,0,28,0,0,0,0
7896,0,0,487,-1,0,0,25,0,0,0,0
7900,0,0,488,-1,0,0,22,0,0,0,0
7904,0,0,489,-1,0,0,21,0,0,0,0
7908,0,0,489,-1,0,0,19,0,0,0,0
7912,0,0,489,-1,0,0,18,0,0,0,0
7916,0,0,489,-1,0,0,17,0,0,0,0
7920,0,0,488,-1,0,0,15,0,0,0,0
7924,0,0,489,-1,0,0,14,0,0,0,0
7928,0,0,487,-1,0,0,12,0,0,0,0
7932,0,0,487,-1,0,0,10,0,0,0,0
7936,0,0,486,-1,0,0,8,0,0,0,0
7940,0,0,486,-1,0,0,5,0,0,0,0
7944,0,0,485,-1,0,0,3,0,0,0,0
7948,0,0,485,-1,0,0,0,0,0,0,0
7952,0,0,484,-1,0,0,-1,0,0,0,0
7956,0,0,484,-1,0,0,-4,0,0,0,0
7960,0,0,483,-1,0,0,-7,0,0,0,0
7964,0,0,483,-1,0,0,-9,0,0,0,0
7968,0,0,483,-1,0,0,-12,0,0,0,0
7972,0,0,483,-1,0,0,-14,0,0,0,0
7976,0,0,483,-1,0,0,-16,0,0,0,0
7980,0,0,483,-1,0,0,-18,0,0,0,0
7984,0,0,483,-1,0,0,-19,0,0,0,0
7988,0,0,483,-1,0,0,-21,0,0,0,0
7992,0,0,483,-1,0,0,-22,0,0,0,0
7996,0,0,483,-1,0,0,-23,0,0,0,0
8000,0,0,483,-1,0,0,-24,0,0,0,0
8004,0,0,483,-1,0,0,-25,0,0,0,0
8008,0,0,483,-1,0,0,-26,0,0,0,0
8012,0,0,484,-1,0,0,-26,0,0,0,0
8016,0,0,484,-1,0,0,-26,0,0,0,0
8020,0,0,484,-1,0,0,-26,0,0,0,0
8024,0,0,484,-1,0,0,-26,0,0,0,0
8028,0,0,483,-1,0,0,-27,0,0,0,0
8032,0,0,484,-1,0,0,-27,0,0,0,0
8036,0,0,484,-1,0,0,-27,0,0,0,0
8040,0,0,484,-1,0,0,-27,0,0,0,0
8044,0,0,484,-1,0,0,-27,0,0,0,0
8048,0,0,484,-1,0,0,-27,0,0,0,0
8052,0,0,484,-1,0,0,-27,0,0,0,0
8056,0,0,484,-1,0,0,-27,0,0,0,0
8060,0,0,484,-1,0,0,-27,0,0,0,0
8064,0,0,484,-1,0,0,-27,0,0,0,0
8068,0,0,483,-1,0,0,-27,0,0,0,0
8072,0,0,483,-1,0,0,-28,0,0,0,0
8076,0,0,483,-1,0,0,-28,0,0,0,0
8080,0,0,483,-1,0,0,-29,0,0,0,0
8084,0,0,483,-1,0,0,-29,0,0,0,0
8088,0,0,483,-1,0,0,-30,0,0,0,0
8092,0,0,482,-1,0,0,-31,0,0,0,0
8096,0,0,483,-1,0,0,-31,0,0,0,0
8100,0,0,483,-1,0,0,-31,0,0,0,0
8104,0,0,483,-1,0,0,-31,0,0,0,0
8108,0,0,483,-1,0,0,-32,0,0,0,0
8112,0,0,483,-1,0,0,-32,0,0,0,0
8116,0,0,483,-1,0,0,-32,0,0,0,0
8120,0,0,483,-1,0,0,-32,0,0,0,0
8124,0,0,483,-1,0,0,-32,0,0,0,0
8128,0,0,483,-1,0,0,-32,0,0,0,0
8132,0,0,483,-1,0,0,-32,0,0,0,0
8136,0,0,482,-1,0,0,-33,0,0,0,0
8140,0,0,482,-1,0,0,-34,0,0,0,0
8144,0,0,482,-1,0,0,-34,0,0,0,0
8148,0,0,482,-1,0,0,-35,0,0,0,0
8152,0,0,482,-1,0,0,-36,0,0,0,0
8156,0,0,482,-1,0,0,-36,0,0,0,0
8160,0,0,482,-1,0,0,-36,0,0,0,0
8164,0,0,482,-1,0,0,-37,0,0,0,0
8168,0,0,482,-1,0,0,-37,0,0,0,0
8172,0,0,482,-1,0,0,-37,0,0,0,0
8176,0,0,482,-1,0,0,-38,0,0,0,0
8180,0,0,482,-1,0,0,-38,0,0,0,0
8184,0,0,482,-1,0,0,-38,0,0,0,0
8188,0,0,482,-1,0,0,-38,0,0,0,0
8192,0,0,482,-1,0,0,-38,0,0,0,0
8196,0,0,482,-1,0,0,-39,0,0,0,0
8200,0,0,483,-1,0,0,-38,0,0,0,0
8204,0,0,483,-1,0,0,-38,0,0,0,0
8208,0,0,483,-1,0,0,-37,0,0,0,0
8212,0,0,483,-1,0,0,-37,0,0,0,0
8216,0,0,483,-1,0,0,-36,0,0,0,0
8220,0,0,483,-1,0,0,-36,0,0,0,0
8224,0,0,483,-1,0,0,-36,0,0,0,0
8228,0,0,483,-1,0,0,-36,0,0,0,0
8232,0,0,484,-1,0,0,-35,0,0,0,0
8236,0,0,483,-1,0,0,-35,0,0,0,0
8240,0,0,483,-1,0,0,-34,0,0,0,0
8244,0,0,484,-1,0,0,-34,0,0,0,0
8248,0,0,483,-1,0,0,-34,0,0,0,0
8252,0,0,484,-1,0,0,-33,0,0,0,0
8256,0,0,484,-1,0,0,-32,0,0,0,0
8260,0,0,484,-1,0,0,-32,0,0,0,0
8264,0,0,484,-1,0,0,-31,0,0,0,0
8268,0,0,483,-1,0,0,-31,0,0,0,0
8272,0,0,484,-1,0,0,-31,0,0,0,0
8276,0,0,483,-1,0,0,-31,0,0,0,0
8280,0,0,483,-1,0,0,-31,0,0,0,0
8284,0,0,483,-1,0,0,-32,0,0,0,0
8288,0,0,483,-1,0,0,-32,0,0,0,0
8292,0,0,483,-1,0,0,-32,0,0,0,0
8296,0,0,483,-1,0,0,-32,0,0,0,0
8300,0,0,483,-1,0,0,-32,0,0,0,0
8304,0,0,483,-1,0,0,-32,0,0,0,0
8308,0,0,483,-1,0,0,-32,0,0,0,0
8312,0,0,484,-1,0,0,-32,0,0,0,0
8316,0,0,484,-1,0,0,-31,0,0,0,0
8320,0,0,484,-1,0,0,-31,0,0,0,0
8324,0,0,483,-1,0,0,-31,0,0,0,0
8328,0,0,483,-1,0,0,-31,0,0,0,0
8332,0,0,484,-1,0,0,-31,0,0,0,0
8336,0,0,484,-1,0,0,-30,0,0,0,0
8340,0,0,484,-1,0,0,-30,0,0,0,0
8344,0,0,484,-1,0,0,-30,0,0,0,0
8348,0,0,484,-1,0,0,-29,0,0,0,0
8352,0,0,485,-1,0,0,-28,0,0,0,0
8356,0,0,485,-1,0,0,-28,0,0,0,0
8360,0,0,485,-1,0,0,-27,0,0,0,0
8364,0,0,485,-1,0,0,-26,0,0,0,0
8368,0,0,485,-1,0,0,-25,0,0,0,0
8372,0,0,485,-1,0,0,-25,0,0,0,0
8376,0,0,485,-1,0,0,-24,0,0,0,0
8380,0,0,485,-1,0,0,-24,0,0,0,0
8384,0,0,486,-1,0,0,-23,0,0,0,0
8388,0,0,484,-1,0,0,-23,0,0,0,0
8392,0,0,485,-1,0,0,-23,0,0,0,0
8396,0,0,485,-1,0,0,-23,0,0,0,0
8400,0,0,485,-1,0,0,-22,0,0,0,0
8404,0,0,485,-1,0,0,-22,0,0,0,0
8408,0,0,485,-1,0,0,-22,0,0,0,0
8412,0,0,485,-1,0,0,-22,0,0,0,0
8416,0,0,485,-1,0,0,-21,0,0,0,0
8420,0,0,485,-1,0,0,-21,0,0,0,0
8424,0,0,485,-1,0,0,-21,0,0,0,0
8428,0,0,485,-1,0,0,-21,0,0,0,0
8432,0,0,485,-1,0,0,-21,0,0,0,0
8436,0,0,486,-1,0,0,-20,0,0,0,0
8440,0,0,486,-1,0,0,-19,0,0,0,0
8444,0,0,486,-1,0,0,-19,0,0,0,0
8448,0,0,486,-1,0,0,-18,0,0,0,0
8452,0,0,486,-1,0,0,-18,0,0,0,0
8456,0,0,486,-1,0,0,-17,0,0,0,0
8460,0,0,486,-1,0,0,-17,0,0,0,0
8464,0,0,487,-1,0,0,-16,0,0,0,0
8468,0,0,487,-1,0,0,-15,0,0,0,0
8472,0,0,487,-1,0,0,-14,0,0,0,0
8476,0,0,487,-1,0,0,-13,0,0,0,0
8480,0,0,487,-1,0,0,-12,0,0,0,0
8484,0,0,487,-1,0,0,-12,0,0,0,0
8488,0,0,488,-1,0,0,-11,0,0,0,0
8492,0,0,487,-1,0,0,-10,0,0,0,0
8496,0,0,487,-1,0,0,-10,0,0,0,0
8500,0,0,487,-1,0,0,-9,0,0,0,0
8504,0,0,487,-1,0,0,-9,0,0,0,0
8508,0,0,487,-1,0,0,-9,0,0,0,0
8512,0,0,487,-1,0,0,-9,0,0,0,0
8516,0,0,487,-1,0,0,-8,0,0,0,0
8520,0,0,487,-1,0,0,-8,0,0,0,0
8524,0,0,487,-1,0,0,-8,0,0,0,0
8528,0,0,487,-1,0,0,-8,0,0,0,0
8532,0,0,487,-1,0,0,-8,0,0,0,0
8536,0,0,487,-1,0,0,-7,0,0,0,0
8540,0,0,487,-1,0,0,-7,0,0,0,0
8544,0,0,488,-1,0,0,-7,0,0,0,0
8548,0,0,488,-1,0,0,-6,0,0,0,0
8552,0,0,488,-1,0,0,-5,0,0,0,0
8556,0,0,488,-1,0,0,-5,0,0,0,0
8560,0,0,488,-1,0,0,-4,0,0,0,0
8564,0,0,487,-1,0,0,-4,0,0,0,0
8568,0,0,488,-1,0,0,-4,0,0,0,0
8572,0,0,488,-1,0,0,-3,0,0,0,0
8576,0,0,488,-1,0,0,-3,0,0,0,0
8580,0,0,488,-1,0,0,-3,0,0,0,0
8584,0,0,488,-1,0,0,-2,0,0,0,0
8588,0,0,488,-1,0,0,-2,0,0,0,0
8592,0,0,488,-1,0,0,-2,0,0,0,0
8596,0,0,488,-1,0,0,-2,0,0,0,0
8600,0,0,488,-1,0,0,-1,0,0,0,0
8604,0,0,488,-1,0,0,-1,0,0,0,0
8608,0,0,488,-1,0,0,-1,0,0,0,0
8612,0,0,488,-1,0,0,-1,0,0,0,0
8616,0,0,488,-1,0,0,-1,0,0,0,0
8620,0,0,488,-1,0,0,-1,0,0,0,0
8624,0,0,488,-1,0,0,-1,0,0,0,0
8628,0,0,488,-1,0,0,0,0,0,0,0
8632,0,0,488,-1,0,0,0,0,0,0,0
8636,0,0,488,-1,0,0,0,0,0,0,0
8640,0,0,488,-1,0,0,0,0,0,0,0
8644,0,0,489,-1,0,0,0,0,0,0,0
8648,0,0,489,-1,0,0,0,0,0,0,0
8652,0,0,489,-1,0,0,1,0,0,0,0
8656,0,0,489,-1,0,0,1,0,0,0,0
8660,0,0,489,-1,0,0,2,0,0,0,0
8664,0,0,489,-1,0,0,2,0,0,0,0
8668,0,0,489,-1,0,0,3,0,0,0,0
8672,0,0,489,-1,0,0,3,0,0,0,0
8676,0,0,490,-1,0,0,4,0,0,0,0
8680,0,0,490,-1,0,0,5,0,0,0,0
8684,0,0,490,-1,0,0,6,0,0,0,0
8688,0,0,490,-1,0,0,6,0,0,0,0
8692,0,0,490,-1,0,0,7,0,0,0,0
8696,0,0,490,-1,0,0,8,0,0,0,0
8700,0,0,490,-1,0,0,8,0,0,0,0
8704,0,0,489,-1,0,0,8,0,0,0,0
8708,0,0,489,-1,0,0,8,0,0,0,0
8712,0,0,490,-1,0,0,8,0,0,0,0
8716,0,0,489,-1,0,0,8,0,0,0,0
8720,0,0,489,-1,0,0,8,0,0,0,0
8724,0,0,489,-1,0,0,8,0,0,0,0
8728,0,0,489,-1,0,0,8,0,0,0,0
8732,0,0,489,-1,0,0,8,0,0,0,0
8736,0,0,489,-1,0,0,7,0,0,0,0
8740,0,0,489,-1,0,0,7,0,0,0,0
8744,0,0,490,-1,0,0,8,0,0,0,0
8748,0,0,489,-1,0,0,8,0,0,0,0
8752,0,0,489,-1,0,0,8,0,0,0,0
8756,0,0,490,-1,0,0,8,0,0,0,0
8760,0,0,490,-1,0,0,9,0,0,0,0
8764,0,0,490,-1,0,0,9,0,0,0,0
8768,0,0,489,-1,0,0,9,0,0,0,0
8772,0,0,489,-1,0,0,9,0,0,0,0
8776,0,0,489,-1,0,0,8,0,0,0,0
8780,0,0,490,-1,0,0,9,0,0,0,0
8784,0,0,490,-1,0,0,9,0,0,0,0
8788,0,0,490,-1,0,0,10,0,0,0,0
8792,0,0,490,-1,0,0,10,0,0,0,0
8796,0,0,490,-1,0,0,10,0,0,0,0
8800,0,0,490,-1,0,0,10,0,0,0,0
8804,0,0,491,-1,0,0,11,0,0,0,0
8808,0,0,491,-1,0,0,12,0,0,0,0
8812,0,0,491,-1,0,0,13,0,0,0,0
8816,0,0,491,-1,0,0,14,0,0,0,0
8820,0,0,491,-1,0,0,14,0,0,0,0
8824,0,0,491,-1,0,0,15,0,0,0,0
8828,0,0,491,-1,0,0,15,0,0,0,0
8832,0,0,491,-1,0,0,16,0,0,0,0
8836,0,0,491,-1,0,0,16,0,0,0,0
8840,0,0,491,-1,0,0,17,0,0,0,0
8844,0,0,491,-1,0,0,17,0,0,0,0
8848,0,0,491,-1,0,0,17,0,0,0,0
8852,0,0,491,-1,0,0,17,0,0,0,0
8856,0,0,491,-1,0,0,18,0,0,0,0
8860,0,0,491,-1,0,0,18,0,0,0,0
8864,0,0,491,-1,0,0,18,0,0,0,0
8868,0,0,491,-1,0,0,18,0,0,0,0
8872,0,0,491,-1,0,0,18,0,0,0,0
8876,0,0,491,-1,0,0,19,0,0,0,0
8880,0,0,492,-1,0,0,19,0,0,0,0
8884,0,0,492,-1,0,0,20,0,0,0,0
8888,0,0,492,-1,0,0,21,0,0,0,0
8892,0,0,492,-1,0,0,21,0,0,0,0
8896,0,0,492,-1,0,0,22,0,0,0,0
8900,0,0,493,-1,0,0,23,0,0,0,0
8904,0,0,493,-1,0,0,24,0,0,0,0
8908,0,0,493,-1,0,0,25,0,0,0,0
8912,0,0,495,-1,0,0,27,0,0,0,0
8916,0,0,495,-1,0,0,29,0,0,0,0
8920,0,0,495,-1,0,0,31,0,0,0,0
8924,0,0,497,-1,0,0,34,0,0,0,0
8928,0,0,497,-1,0,0,36,0,0,0,0
8932,0,0,498,-1,0,0,40,0,0,0,0
8936,0,0,498,-1,0,0,42,0,0,0,0
8940,0,0,500,-1,0,0,46,0,0,0,0
8944,0,0,500,-1,0,0,50,0,0,0,0
8948,0,0,501,-1,0,0,53,0,0,0,0
8952,0,0,502,-1,0,0,57,0,0,0,0
8956,0,0,502,-1,0,0,61,0,0,0,0
8960,0,0,504,-1,0,0,66,0,0,0,0
8964,0,0,504,-1,0,0,70,0,0,0,0
8968,0,0,505,-1,0,0,74,0,0,0,0
8972,0,0,506,-1,0,0,79,0,0,0,0
8976,0,0,507,-1,0,0,84,0,0,0,0
8980,0,0,507,-1,0,0,88,0,0,0,0
8984,0,0,509,-1,0,0,94,0,0,0,0
8988,0,0,510,-1,0,0,99,0,0,0,0
8992,0,0,510,-1,0,0,104,0,0,0,0
8996,0,0,512,-1,0,0,110,0,0,0,0
9000,0,0,513,-1,0,0,116,0,0,0,0
9004,0,0,515,-1,0,0,122,0,0,0,0
9008,0,0,515,-1,0,0,128,0,0,0,0
9012,0,0,516,-1,0,0,134,0,0,0,0
9016,0,0,518,-1,0,0,141,0,0,0,0
9020,0,0,518,-1,0,0,147,0,0,0,0
9024,0,0,518,-1,0,0,153,0,0,0,0
9028,0,0,521,-1,0,0,160,0,0,0,0
9032,0,0,522,-1,0,0,167,0,0,0,0
9036,0,0,522,-1,0,0,173,0,0,0,0
9040,0,0,525,-1,0,0,181,0,0,0,0
9044,0,0,526,-1,0,0,188,0,0,0,0
9048,0,0,527,-1,0,0,196,0,0,0,0
9052,0,0,529,-1,0,0,204,0,0,0,0
9056,0,0,530,-1,0,0,212,0,0,0,0
9060,0,0,531,-1,0,0,219,0,0,0,0
9064,0,0,532,-1,0,0,227,0,0,0,0
9068,0,0,534,-1,0,0,236,0,0,0,0
9072,0,0,536,-1,0,0,244,0,0,0,0
9076,0,0,537,-1,0,0,253,0,0,0,0
9080,0,0,538,-1,0,0,261,0,0,0,0
9084,0,0,540,-1,0,0,270,0,0,0,0
9088,0,0,541,-1,0,0,279,0,0,0,0
9092,0,0,542,-1,0,0,288,0,0,0,0
9096,0,0,544,-1,0,0,297,0,0,0,0
9100,0,0,546,-1,0,0,306,0,0,0,0
9104,0,0,547,-1,0,0,315,0,0,0,0
9108,0,0,549,-1,0,0,325,0,0,0,0
9112,0,0,551,-1,0,0,335,0,0,0,0
9116,0,0,553,-1,0,0,345,0,0,0,0
9120,0,0,554,-1,0,0,355,0,0,0,0
9124,0,0,556,-1,0,0,366,0,0,0,0
9128,0,0,558,-1,0,0,376,0,0,0,0
9132,0,0,559,-1,0,0,387,0,0,0,0
9136,0,0,559,-1,0,0,396,0,0,0,0
9140,0,0,564,-1,0,0,408,0,0,0,0
9144,0,0,565,-1,0,0,419,0,0,0,0
9148,0,0,566,-1,0,0,430,0,0,0,0
9152,0,0,569,-1,0,0,441,0,0,0,0
9156,0,0,571,-1,0,0,453,0,0,0,0
9160,0,0,572,-1,0,0,465,0,0,0,0
9164,0,0,575,-1,0,0,477,0,0,0,0
9168,0,0,576,-1,0,0,489,0,0,0,0
9172,0,0,578,-1,0,0,501,0,0,0,0
9176,0,0,581,-1,0,0,513,0,0,0,0
9180,0,0,582,-1,0,0,525,0,0,0,0
9184,0,0,583,-1,0,0,537,0,0,0,0
9188,0,0,586,-1,0,0,549,0,0,0,0
9192,0,0,587,-1,0,0,561,0,0,0,0
9196,0,0,590,-1,0,0,574,0,0,0,0
9200,0,0,591,-1,0,0,586,0,0,0,0
9204,0,0,592,-1,0,0,598,0,0,0,0
9208,0,0,595,-1,0,0,610,0,0,0,0
9212,0,0,597,-1,0,0,623,0,0,0,0
9216,0,0,597,-1,0,0,634,0,0,0,0
9220,0,0,601,-1,0,0,647,0,0,0,0
9224,0,0,603,-1,0,0,660,0,0,0,0
9228,0,0,604,-1,0,0,672,0,0,0,0
9232,0,0,608,-1,0,0,686,0,0,0,0
9236,0,0,609,-1,0,0,699,0,0,0,0
9240,0,0,612,-1,0,0,713,0,0,0,0
9244,0,0,613,-1,0,0,726,0,0,0,0
9248,0,0,614,-1,0,0,739,0,0,0,0
9252,0,0,618,-1,0,0,753,0,0,0,0
9256,0,0,619,-1,0,0,766,0,0,0,0
9260,0,0,621,-1,0,0,779,0,0,0,0
9264,0,0,624,-1,0,0,793,0,0,0,0
9268,0,0,625,-1,0,0,806,0,0,0,0
9272,0,0,627,-1,0,0,819,0,0,0,0
9276,0,0,629,-1,0,0,833,0,0,0,0
9280,0,0,630,-1,0,0,845,0,0,0,0
9284,0,0,632,-1,0,0,858,0,0,0,0
9288,0,0,634,-1,0,0,871,0,0,0,0
9292,0,0,635,-1,0,0,883,0,0,0,0
9296,0,0,636,-1,0,0,895,0,0,0,0
9300,0,0,637,-1,0,0,906,0,0,0,0
9304,0,0,637,-1,0,0,916,0,0,0,0
9308,0,0,639,-1,0,0,926,0,0,0,0
9312,0,0,640,-1,0,0,936,0,0,0,0
9316,0,0,640,-1,0,0,945,0,0,0,0
9320,0,0,641,-1,0,0,954,0,0,0,0
9324,0,0,642,-1,0,0,963,0,0,0,0
9328,0,0,642,-1,0,0,970,0,0,0,0
9332,0,0,643,-1,0,0,978,0,0,0,0
9336,0,0,643,-1,0,0,985,0,0,0,0
9340,0,0,643,-1,0,0,991,0,0,0,0
9344,0,0,644,-1,0,0,997,0,0,0,0
9348,0,0,644,-1,0,0,1003,0,0,0,0
9352,0,0,645,-1,0,0,1009,0,0,0,0
9356,0,0,645,-1,0,0,1014,0,0,0,0
9360,0,0,644,-1,0,0,1018,0,0,0,0
9364,0,0,645,-1,0,0,1022,0,0,0,0
9368,0,0,645,-1,0,0,1026,0,0,0,0
9372,0,0,645,-1,0,0,1029,0,0,0,0
9376,0,0,645,-1,0,0,1032,0,0,0,0
9380,0,0,645,-1,0,0,1035,0,0,0,0
9384,0,0,646,-1,0,0,1038,0,0,0,0
9388,0,0,645,-1,0,0,1041,0,0,0,0
9392,0,0,646,-1,0,0,1043,0,0,0,0
9396,0,0,645,-1,0,0,1045,0,0,0,0
9400,0,0,645,-1,0,0,1046,0,0,0,0
9404,0,0,646,-1,0,0,1049,0,0,0,0
9408,0,0,645,-1,0,0,1050,0,0,0,0
9412,0,0,645,-1,0,0,1051,0,0,0,0
9416,0,0,644,-1,0,0,1051,0,0,0,0
9420,0,0,645,-1,0,0,1052,0,0,0,0
9424,0,0,645,-1,0,0,1053,0,0,0,0
9428,0,0,645,-1,0,0,1054,0,0,0,0
9432,0,0,645,-1,0,0,1054,0,0,0,0
9436,0,0,644,-1,0,0,1054,0,0,0,0
9440,0,0,643,-1,0,0,1053,0,0,0,0
9444,0,0,643,-1,0,0,1053,0,0,0,0
9448,0,0,642,-1,0,0,1051,0,0,0,0
9452,0,0,641,-1,0,0,1050,0,0,0,0
9456,0,0,639,-1,0,0,1047,0,0,0,0
9460,0,0,637,-1,0,0,1043,0,0,0,0
9464,0,0,636,-1,0,0,1038,0,0,0,0
9468,0,0,633,-1,0,0,1032,0,0,0,0
9472,0,0,631,-1,0,0,1026,0,0,0,0
9476,0,0,627,-1,0,0,1017,0,0,0,0
9480,0,0,625,-1,0,0,1008,0,0,0,0
9484,0,0,623,-1,0,0,998,0,0,0,0
9488,0,0,619,-1,0,0,987,0,0,0,0
9492,0,0,617,-1,0,0,975,0,0,0,0
9496,0,0,615,-1,0,0,964,0,0,0,0
9500,0,0,611,-1,0,0,950,0,0,0,0
9504,0,0,609,-1,0,0,937,0,0,0,0
9508,0,0,607,-1,0,0,924,0,0,0,0
9512,0,0,603,-1,0,0,909,0,0,0,0
9516,0,0,601,-1,0,0,894,0,0,0,0
9520,0,0,598,-1,0,0,879,0,0,0,0
9524,0,0,594,-1,0,0,863,0,0,0,0
9528,0,0,592,-1,0,0,847,0,0,0,0
9532,0,0,588,-1,0,0,830,0,0,0,0
9536,0,0,586,-1,0,0,813,0,0,0,0
9540,0,0,583,-1,0,0,796,0,0,0,0
9544,0,0,580,-1,0,0,778,0,0,0,0
9548,0,0,579,-1,0,0,762,0,0,0,0
9552,0,0,577,-1,0,0,746,0,0,0,0
9556,0,0,574,-1,0,0,729,0,0,0,0
9560,0,0,572,-1,0,0,713,0,0,0,0
9564,0,0,571,-1,0,0,698,0,0,0,0
9568,0,0,567,-1,0,0,681,0,0,0,0
9572,0,0,565,-1,0,0,665,0,0,0,0
9576,0,0,562,-1,0,0,649,0,0,0,0
9580,0,0,560,-1,0,0,632,0,0,0,0
9584,0,0,558,-1,0,0,616,0,0,0,0
9588,0,0,554,-1,0,0,599,0,0,0,0
9592,0,0,553,-1,0,0,583,0,0,0,0
9596,0,0,550,-1,0,0,567,0,0,0,0
9600,0,0,548,-1,0,0,551,0,0,0,0
9604,0,0,547,-1,0,0,535,0,0,0,0
9608,0,0,545,-1,0,0,520,0,0,0,0
9612,0,0,543,-1,0,0,505,0,0,0,0
9616,0,0,541,-1,0,0,491,0,0,0,0
9620,0,0,539,-1,0,0,476,0,0,0,0
9624,0,0,537,-1,0,0,461,0,0,0,0
9628,0,0,535,-1,0,0,447,0,0,0,0
9632,0,0,532,-1,0,0,432,0,0,0,0
9636,0,0,531,-1,0,0,418,0,0,0,0
9640,0,0,529,-1,0,0,404,0,0,0,0
9644,0,0,527,-1,0,0,390,0,0,0,0
9648,0,0,526,-1,0,0,376,0,0,0,0
9652,0,0,525,-1,0,0,364,0,0,0,0
9656,0,0,522,-1,0,0,350,0,0,0,0
9660,0,0,521,-1,0,0,337,0,0,0,0
9664,0,0,520,-1,0,0,325,0,0,0,0
9668,0,0,517,-1,0,0,312,0,0,0,0
9672,0,0,516,-1,0,0,300,0,0,0,0
9676,0,0,514,-1,0,0,287,0,0,0,0
9680,0,0,512,-1,0,0,275,0,0,0,0
9684,0,0,511,-1,0,0,263,0,0,0,0
9688,0,0,509,-1,0,0,251,0,0,0,0
9692,0,0,509,-1,0,0,240,0,0,0,0
9696,0,0,508,-1,0,0,229,0,0,0,0
9700,0,0,506,-1,0,0,218,0,0,0,0
9704,0,0,505,-1,0,0,208,0,0,0,0
9708,0,0,505,-1,0,0,199,0,0,0,0
9712,0,0,504,-1,0,0,190,0,0,0,0
9716,0,0,503,-1,0,0,181,0,0,0,0
9720,0,0,502,-1,0,0,172,0,0,0,0
9724,0,0,501,-1,0,0,164,0,0,0,0
9728,0,0,500,-1,0,0,155,0,0,0,0
9732,0,0,499,-1,0,0,147,0,0,0,0
9736,0,0,498,-1,0,0,139,0,0,0,0
9740,0,0,498,-1,0,0,132,0,0,0,0
9744,0,0,497,-1,0,0,125,0,0,0,0
9748,0,0,496,-1,0,0,118,0,0,0,0
9752,0,0,496,-1,0,0,111,0,0,0,0
9756,0,0,495,-1,0,0,105,0,0,0,0
9760,0,0,495,-1,0,0,99,0,0,0,0
9764,0,0,495,-1,0,0,94,0,0,0,0
9768,0,0,494,-1,0,0,88,0,0,0,0
9772,0,0,494,-1,0,0,84,0,0,0,0
9776,0,0,493,-1,0,0,79,0,0,0,0
9780,0,0,493,-1,0,0,74,0,0,0,0
9784,0,0,493,-1,0,0,70,0,0,0,0
9788,0,0,492,-1,0,0,66,0,0,0,0
9792,0,0,492,-1,0,0,62,0,0,0,0
9796,0,0,490,-1,0,0,57,0,0,0,0
9800,0,0,491,-1,0,0,53,0,0,0,0
9804,0,0,491,-1,0,0,50,0,0,0,0
9808,0,0,491,-1,0,0,47,0,0,0,0
9812,0,0,491,-1,0,0,44,0,0,0,0
9816,0,0,490,-1,0,0,41,0,0,0,0
9820,0,0,490,-1,0,0,38,0,0,0,0
9824,0,0,490,-1,0,0,36,0,0,0,0
9828,0,0,490,-1,0,0,33,0,0,0,0
9832,0,0,490,-1,0,0,31,0,0,0,0
9836,0,0,489,-1,0,0,29,0,0,0,0
9840,0,0,489,-1,0,0,27,0,0,0,0
9844,0,0,489,-1,0,0,25,0,0,0,0
9848,0,0,489,-1,0,0,23,0,0,0,0
9852,0,0,489,-1,0,0,21,0,0,0,0
9856,0,0,489,-1,0,0,20,0,0,0,0
9860,0,0,489,-1,0,0,18,0,0,0,0
9864,0,0,489,-1,0,0,17,0,0,0,0
9868,0,0,489,-1,0,0,16,0,0,0,0
9872,0,0,489,-1,0,0,15,0,0,0,0
9876,0,0,489,-1,0,0,14,0,0,0,0
9880,0,0,489,-1,0,0,13,0,0,0,0
9884,0,0,489,-1,0,0,13,0,0,0,0
9888,0,0,489,-1,0,0,12,0,0,0,0
9892,0,0,490,-1,0,0,12,0,0,0,0
9896,0,0,490,-1,0,0,12,0,0,0,0
9900,0,0,490,-1,0,0,12,0,0,0,0
9904,0,0,489,-1,0,0,12,0,0,0,0
9908,0,0,489,-1,0,0,11,0,0,0,0
9912,0,0,489,-1,0,0,11,0,0,0,0
9916,0,0,489,-1,0,0,10,0,0,0,0
9920,0,0,489,-1,0,0,10,0,0,0,0
9924,0,0,489,-1,0,0,9,0,0,0,0
9928,0,0,489,-1,0,0,9,0,0,0,0
9932,0,0,488,-1,0,0,8,0,0,0,0
9936,0,0,489,-1,0,0,8,0,0,0,0
9940,0,0,489,-1,0,0,8,0,0,0,0
9944,0,0,489,-1,0,0,8,0,0,0,0
9948,0,0,489,-1,0,0,8,0,0,0,0
9952,0,0,489,-1,0,0,7,0,0,0,0
9956,0,0,489,-1,0,0,7,0,0,0,0
9960,0,0,488,-1,0,0,6,0,0,0,0
9964,0,0,489,-1,0,0,6,0,0,0,0
9968,0,0,488,-1,0,0,6,0,0,0,0
9972,0,0,488,-1,0,0,5,0,0,0,0
9976,0,0,488,-1,0,0,5,0,0,0,0
9980,0,0,489,-1,0,0,5,0,0,0,0
9984,0,0,489,-1,0,0,5,0,0,0,0
9988,0,0,489,-1,0,0,5,0,0,0,0
9992,0,0,489,-1,0,0,5,0,0,0,0
9996,0,0,489,-1,0,0,5,0,0,0,0
10000,0,0,489,-1,0,0,5,0,0,0,0
10004,0,0,489,-1,0,0,5,0,0,0,0
10008,0,0,489,-1,0,0,6,0,0,0,0
10012,0,0,489,-1,0,0,6,0,0,0,0
10016,0,0,489,-1,0,0,6,0,0,0,0
10020,0,0,489,-1,0,0,6,0,0,0,0
10024,0,0,489,-1,0,0,6,0,0,0,0
10028,0,0,489,-1,0,0,6,0,0,0,0
10032,0,0,489,-1,0,0,6,0,0,0,0
10036,0,0,489,-1,0,0,6,0,0,0,0
10040,0,0,489,-1,0,0,6,0,0,0,0
10044,0,0,489,-1,0,0,6,0,0,0,0
10048,0,0,488,-1,0,0,5,0,0,0,0
10052,0,0,489,-1,0,0,5,0,0,0,0
10056,0,0,489,-1,0,0,6,0,0,0,0
10060,0,0,489,-1,0,0,6,0,0,0,0
10064,0,0,489,-1,0,0,6,0,0,0,0
10068,0,0,489,-1,0,0,6,0,0,0,0
10072,0,0,489,-1,0,0,6,0,0,0,0
10076,0,0,489,-1,0,0,6,0,0,0,0
10080,0,0,489,-1,0,0,6,0,0,0,0
10084,0,0,489,-1,0,0,6,0,0,0,0
10088,0,0,489,-1,0,0,6,0,0,0,0
10092,0,0,489,-1,0,0,6,0,0,0,0
10096,0,0,488,-1,0,0,5,0,0,0,0
10100,0,0,489,-1,0,0,5,0,0,0,0
10104,0,0,489,-1,0,0,5,0,0,0,0
10108,0,0,489,-1,0,0,6,0,0,0,0
10112,0,0,489,-1,0,0,6,0,0,0,0
10116,0,0,489,-1,0,0,6,0,0,0,0
10120,0,0,489,-1,0,0,6,0,0,0,0
10124,0,0,489,-1,0,0,6,0,0,0,0
10128,0,0,489,-1,0,0,6,0,0,0,0
10132,0,0,489,-1,0,0,6,0,0,0,0
10136,0,0,489,-1,0,0,6,0,0,0,0
10140,0,0,488,-1,0,0,5,0,0,0,0
10144,0,0,488,-1,0,0,5,0,0,0,0
10148,0,0,489,-1,0,0,5,0,0,0,0
10152,0,0,489,-1,0,0,5,0,0,0,0
10156,0,0,489,-1,0,0,5,0,0,0,0
10160,0,0,489,-1,0,0,5,0,0,0,0
10164,0,0,489,-1,0,0,5,0,0,0,0
10168,0,0,489,-1,0,0,5,0,0,0,0
10172,0,0,489,-1,0,0,6,0,0,0,0
10176,0,0,489,-1,0,0,6,0,0,0,0
10180,0,0,489,-1,0,0,6,0,0,0,0
10184,0,0,489,-1,0,0,6,0,0,0,0
10188,0,0,489,-1,0,0,6,0,0,0,0
10192,0,0,489,-1,0,0,6,0,0,0,0
10196,0,0,488,-1,0,0,5,0,0,0,0
10200,0,0,488,-1,0,0,5,0,0,0,0
10204,0,0,489,-1,0,0,5,0,0,0,0
10208,0,0,488,-1,0,0,4,0,0,0,0
10212,0,0,488,-1,0,0,4,0,0,0,0
10216,0,0,488,-1,0,0,3,0,0,0,0
10220,0,0,488,-1,0,0,3,0,0,0,0
10224,0,0,488,-1,0,0,3,0,0,0,0
10228,0,0,488,-1,0,0,2,0,0,0,0
10232,0,0,488,-1,0,0,2,0,0,0,0
10236,0,0,489,-1,0,0,2,0,0,0,0
10240,0,0,489,-1,0,0,3,0,0,0,0
10244,0,0,490,-1,0,0,4,0,0,0,0
10248,0,0,489,-1,0,0,4,0,0,0,0
10252,0,0,489,-1,0,0,4,0,0,0,0
10256,0,0,489,-1,0,0,4,0,0,0,0
10260,0,0,489,-1,0,0,5,0,0,0,0
10264,0,0,489,-1,0,0,5,0,0,0,0
10268,0,0,489,-1,0,0,5,0,0,0,0
10272,0,0,489,-1,0,0,5,0,0,0,0
10276,0,0,489,-1,0,0,5,0,0,0,0
10280,0,0,489,-1,0,0,5,0,0,0,0
10284,0,0,489,-1,0,0,5,0,0,0,0
10288,0,0,489,-1,0,0,5,0,0,0,0
10292,0,0,489,-1,0,0,6,0,0,0,0
10296,0,0,489,-1,0,0,6,0,0,0,0
10300,0,0,489,-1,0,0,6,0,0,0,0
10304,0,0,489,-1,0,0,6,0,0,0,0
10308,0,0,489,-1,0,0,6,0,0,0,0
10312,0,0,489,-1,0,0,6,0,0,0,0
10316,0,0,489,-1,0,0,6,0,0,0,0
10320,0,0,489,-1,0,0,6,0,0,0,0
10324,0,0,490,-1,0,0,7,0,0,0,0
10328,0,0,489,-1,0,0,7,0,0,0,0
10332,0,0,489,-1,0,0,7,0,0,0,0
10336,0,0,489,-1,0,0,7,0,0,0,0
10340,0,0,489,-1,0,0,7,0,0,0,0
10344,0,0,489,-1,0,0,6,0,0,0,0
10348,0,0,489,-1,0,0,6,0,0,0,0
10352,0,0,490,-1,0,0,7,0,0,0,0
10356,0,0,490,-1,0,0,8,0,0,0,0
10360,0,0,490,-1,0,0,8,0,0,0,0
10364,0,0,489,-1,0,0,8,0,0,0,0
10368,0,0,489,-1,0,0,8,0,0,0,0
10372,0,0,489,-1,0,0,8,0,0,0,0
10376,0,0,489,-1,0,0,8,0,0,0,0
10380,0,0,489,-1,0,0,7,0,0,0,0
10384,0,0,489,-1,0,0,7,0,0,0,0
10388,0,0,489,-1,0,0,7,0,0,0,0
10392,0,0,490,-1,0,0,8,0,0,0,0
10396,0,0,489,-1,0,0,8,0,0,0,0
10400,0,0,489,-1,0,0,7,0,0,0,0
10404,0,0,489,-1,0,0,7,0,0,0,0
10408,0,0,489,-1,0,0,7,0,0,0,0
10412,0,0,489,-1,0,0,7,0,0,0,0
10416,0,0,489,-1,0,0,7,0,0,0,0
10420,0,0,489,-1,0,0,7,0,0,0,0
10424,0,0,489,-1,0,0,7,0,0,0,0
10428,0,0,488,-1,0,0,6,0,0,0,0
10432,0,0,489,-1,0,0,6,0,0,0,0
10436,0,0,489,-1,0,0,6,0,0,0,0
10440,0,0,489,-1,0,0,6,0,0,0,0
10444,0,0,489,-1,0,0,6,0,0,0,0
10448,0,0,489,-1,0,0,6,0,0,0,0
10452,0,0,489,-1,0,0,6,0,0,0,0
10456,0,0,489,-1,0,0,6,0,0,0,0
10460,0,0,488,-1,0,0,6,0,0,0,0
10464,0,0,488,-1,0,0,5,0,0,0,0
10468,0,0,488,-1,0,0,4,0,0,0,0
10472,0,0,488,-1,0,0,4,0,0,0,0
10476,0,0,488,-1,0,0,3,0,0,0,0
10480,0,0,489,-1,0,0,4,0,0,0,0
10484,0,0,488,-1,0,0,3,0,0,0,0
10488,0,0,488,-1,0,0,3,0,0,0,0
10492,0,0,488,-1,0,0,3,0,0,0,0
10496,0,0,488,-1,0,0,2,0,0,0,0
10500,0,0,488,-1,0,0,2,0,0,0,0
10504,0,0,489,-1,0,0,2,0,0,0,0
10508,0,0,488,-1,0,0,2,0,0,0,0
10512,0,0,488,-1,0,0,2,0,0,0,0
10516,0,0,488,-1,0,0,2,0,0,0,0
10520,0,0,488,-1,0,0,1,0,0,0,0
10524,0,0,488,-1,0,0,1,0,0,0,0
10528,0,0,488,-1,0,0,1,0,0,0,0
10532,0,0,488,-1,0,0,1,0,0,0,0
10536,0,0,489,-1,0,0,1,0,0,0,0
10540,0,0,488,-1,0,0,1,0,0,0,0
10544,0,0,488,-1,0,0,1,0,0,0,0
10548,0,0,488,-1,0,0,1,0,0,0,0
10552,0,0,488,-1,0,0,1,0,0,0,0
10556,0,0,488,-1,0,0,1,0,0,0,0
10560,0,0,488,-1,0,0,1,0,0,0,0
10564,0,0,488,-1,0,0,0,0,0,0,0
10568,0,0,488,-1,0,0,0,0,0,0,0
10572,0,0,488,-1,0,0,0,0,0,0,0
10576,0,0,487,-1,0,0,0,0,0,0,0
10580,0,0,487,-1,0,0,0,0,0,0,0
10584,0,0,487,-1,0,0,-1,0,0,0,0
10588,0,0,487,-1,0,0,-1,0,0,0,0
10592,0,0,487,-1,0,0,-2,0,0,0,0
10596,0,0,486,-1,0,0,-3,0,0,0,0
10600,0,0,486,-1,0,0,-4,0,0,0,0
10604,0,0,487,-1,0,0,-4,0,0,0,0
10608,0,0,486,-1,0,0,-5,0,0,0,0
10612,0,0,486,-1,0,0,-6,0,0,0,0
10616,0,0,486,-1,0,0,-7,0,0,0,0
10620,0,0,486,-1,0,0,-7,0,0,0,0
10624,0,0,486,-1,0,0,-8,0,0,0,0
10628,0,0,486,-1,0,0,-8,0,0,0,0
10632,0,0,487,-1,0,0,-8,0,0,0,0
10636,0,0,487,-1,0,0,-8,0,0,0,0
10640,0,0,486,-1,0,0,-8,0,0,0,0
10644,0,0,486,-1,0,0,-9,0,0,0,0
10648,0,0,486,-1,0,0,-9,0,0,0,0
10652,0,0,487,-1,0,0,-9,0,0,0,0
10656,0,0,486,-1,0,0,-9,0,0,0,0
10660,0,0,486,-1,0,0,-10,0,0,0,0
10664,0,0,486,-1,0,0,-10,0,0,0,0
10668,0,0,486,-1,0,0,-10,0,0,0,0
10672,0,0,487,-1,0,0,-10,0,0,0,0
10676,0,0,487,-1,0,0,-10,0,0,0,0
10680,0,0,486,-1,0,0,-10,0,0,0,0
10684,0,0,487,-1,0,0,-10,0,0,0,0
10688,0,0,486,-1,0,0,-10,0,0,0,0
10692,0,0,487,-1,0,0,-10,0,0,0,0
10696,0,0,487,-1,0,0,-9,0,0,0,0
10700,0,0,487,-1,0,0,-9,0,0,0,0
10704,0,0,487,-1,0,0,-9,0,0,0,0
10708,0,0,487,-1,0,0,-8,0,0,0,0
10712,0,0,487,-1,0,0,-8,0,0,0,0
10716,0,0,487,-1,0,0,-8,0,0,0,0
10720,0,0,487,-1,0,0,-8,0,0,0,0
10724,0,0,487,-1,0,0,-8,0,0,0,0
10728,0,0,488,-1,0,0,-7,0,0,0,0
10732,0,0,488,-1,0,0,-6,0,0,0,0
10736,0,0,487,-1,0,0,-6,0,0,0,0
10740,0,0,487,-1,0,0,-6,0,0,0,0
10744,0,0,488,-1,0,0,-5,0,0,0,0
10748,0,0,488,-1,0,0,-5,0,0,0,0
10752,0,0,488,-1,0,0,-4,0,0,0,0
10756,0,0,488,-1,0,0,-4,0,0,0,0
10760,0,0,488,-1,0,0,-3,0,0,0,0
10764,0,0,489,-1,0,0,-2,0,0,0,0
10768,0,0,488,-1,0,0,-2,0,0,0,0
10772,0,0,488,-1,0,0,-2,0,0,0,0
10776,0,0,488,-1,0,0,-2,0,0,0,0
10780,0,0,488,-1,0,0,-1,0,0,0,0
10784,0,0,488,-1,0,0,-1,0,0,0,0
10788,0,0,488,-1,0,0,-1,0,0,0,0
10792,0,0,488,-1,0,0,-1,0,0,0,0
10796,0,0,488,-1,0,0,-1,0,0,0,0
10800,0,0,488,-1,0,0,-1,0,0,0,0
10804,0,0,488,-1,0,0,0,0,0,0,0
10808,0,0,488,-1,0,0,0,0,0,0,0
10812,0,0,488,-1,0,0,0,0,0,0,0
10816,0,0,488,-1,0,0,0,0,0,0,0
10820,0,0,488,-1,0,0,0,0,0,0,0
10824,0,0,488,-1,0,0,0,0,0,0,0
10828,0,0,488,-1,0,0,0,0,0,0,0
10832,0,0,489,-1,0,0,0,0,0,0,0
10836,0,0,488,-1,0,0,0,0,0,0,0
10840,0,0,489,-1,0,0,0,0,0,0,0
10844,0,0,489,-1,0,0,1,0,0,0,0
10848,0,0,488,-1,0,0,1,0,0,0,0
10852,0,0,489,-1,0,0,1,0,0,0,0
10856,0,0,489,-1,0,0,2,0,0,0,0
10860,0,0,489,-1,0,0,2,0,0,0,0
10864,0,0,489,-1,0,0,3,0,0,0,0
10868,0,0,489,-1,0,0,3,0,0,0,0
10872,0,0,490,-1,0,0,4,0,0,0,0
10876,0,0,490,-1,0,0,5,0,0,0,0
10880,0,0,490,-1,0,0,6,0,0,0,0
10884,0,0,490,-1,0,0,6,0,0,0,0
10888,0,0,490,-1,0,0,7,0,0,0,0
10892,0,0,490,-1,0,0,8,0,0,0,0
10896,0,0,490,-1,0,0,8,0,0,0,0
10900,0,0,490,-1,0,0,9,0,0,0,0
10904,0,0,490,-1,0,0,9,0,0,0,0
10908,0,0,491,-1,0,0,10,0,0,0,0
10912,0,0,491,-1,0,0,11,0,0,0,0
10916,0,0,491,-1,0,0,12,0,0,0,0
10920,0,0,491,-1,0,0,13,0,0,0,0
10924,0,0,491,-1,0,0,13,0,0,0,0
10928,0,0,491,-1,0,0,14,0,0,0,0
10932,0,0,492,-1,0,0,15,0,0,0,0
10936,0,0,492,-1,0,0,16,0,0,0,0
10940,0,0,492,-1,0,0,17,0,0,0,0
10944,0,0,492,-1,0,0,18,0,0,0,0
10948,0,0,492,-1,0,0,19,0,0,0,0
10952,0,0,492,-1,0,0,20,0,0,0,0
10956,0,0,492,-1,0,0,21,0,0,0,0
10960,0,0,491,-1,0,0,21,0,0,0,0
10964,0,0,491,-1,0,0,20,0,0,0,0
10968,0,0,492,-1,0,0,21,0,0,0,0
10972,0,0,492,-1,0,0,22,0,0,0,0
10976,0,0,492,-1,0,0,22,0,0,0,0
10980,0,0,492,-1,0,0,23,0,0,0,0
10984,0,0,492,-1,0,0,23,0,0,0,0
10988,0,0,492,-1,0,0,23,0,0,0,0
10992,0,0,492,-1,0,0,24,0,0,0,0
10996,0,0,492,-1,0,0,24,0,0,0,0
11000,0,0,492,-1,0,0,24,0,0,0,0
11004,0,0,492,-1,0,0,24,0,0,0,0
11008,0,0,493,-1,0,0,25,0,0,0,0
11012,0,0,492,-1,0,0,25,0,0,0,0
11016,0,0,492,-1,0,0,26,0,0,0,0
11020,0,0,492,-1,0,0,26,0,0,0,0
11024,0,0,492,-1,0,0,26,0,0,0,0
11028,0,0,491,-1,0,0,25,0,0,0,0
11032,0,0,491,-1,0,0,25,0,0,0,0
11036,0,0,491,-1,0,0,24,0,0,0,0
11040,0,0,491,-1,0,0,24,0,0,0,0
11044,0,0,491,-1,0,0,23,0,0,0,0
11048,0,0,491,-1,0,0,23,0,0,0,0
11052,0,0,491,-1,0,0,23,0,0,0,0
11056,0,0,491,-1,0,0,22,0,0,0,0
11060,0,0,491,-1,0,0,22,0,0,0,0
11064,0,0,491,-1,0,0,22,0,0,0,0
11068,0,0,491,-1,0,0,22,0,0,0,0
11072,0,0,491,-1,0,0,21,0,0,0,0
11076,0,0,491,-1,0,0,21,0,0,0,0
11080,0,0,491,-1,0,0,21,0,0,0,0
11084,0,0,491,-1,0,0,21,0,0,0,0
11088,0,0,491,-1,0,0,21,0,0,0,0
11092,0,0,491,-1,0,0,21,0,0,0,0
11096,0,0,491,-1,0,0,21,0,0,0,0
11100,0,0,491,-1,0,0,21,0,0,0,0
11104,0,0,491,-1,0,0,20,0,0,0,0
11108,0,0,491,-1,0,0,20,0,0,0,0
11112,0,0,491,-1,0,0,20,0,0,0,0
11116,0,0,491,-1,0,0,20,0,0,0,0
11120,0,0,491,-1,0,0,20,0,0,0,0
11124,0,0,491,-1,0,0,20,0,0,0,0
11128,0,0,490,-1,0,0,19,0,0,0,0
11132,0,0,491,-1,0,0,20,0,0,0,0
11136,0,0,491,-1,0,0,20,0,0,0,0
11140,0,0,491,-1,0,0,20,0,0,0,0
11144,0,0,490,-1,0,0,19,0,0,0,0
11148,0,0,491,-1,0,0,19,0,0,0,0
11152,0,0,491,-1,0,0,19,0,0,0,0
11156,0,0,491,-1,0,0,19,0,0,0,0
11160,0,0,491,-1,0,0,19,0,0,0,0
11164,0,0,492,-1,0,0,20,0,0,0,0
11168,0,0,491,-1,0,0,20,0,0,0,0
11172,0,0,491,-1,0,0,20,0,0,0,0
11176,0,0,492,-1,0,0,21,0,0,0,0
11180,0,0,491,-1,0,0,20,0,0,0,0
11184,0,0,491,-1,0,0,20,0,0,0,0
11188,0,0,491,-1,0,0,20,0,0,0,0
11192,0,0,491,-1,0,0,20,0,0,0,0
11196,0,0,491,-1,0,0,20,0,0,0,0
11200,0,0,492,-1,0,0,21,0,0,0,0
11204,0,0,492,-1,0,0,21,0,0,0,0
11208,0,0,492,-1,0,0,22,0,0,0,0
11212,0,0,492,-1,0,0,22,0,0,0,0
11216,0,0,492,-1,0,0,23,0,0,0,0
11220,0,0,492,-1,0,0,23,0,0,0,0
11224,0,0,492,-1,0,0,24,0,0,0,0
11228,0,0,493,-1,0,0,24,0,0,0,0
11232,0,0,493,-1,0,0,25,0,0,0,0
11236,0,0,493,-1,0,0,26,0,0,0,0
11240,0,0,493,-1,0,0,27,0,0,0,0
11244,0,0,492,-1,0,0,27,0,0,0,0
11248,0,0,492,-1,0,0,27,0,0,0,0
11252,0,0,492,-1,0,0,27,0,0,0,0
11256,0,0,492,-1,0,0,27,0,0,0,0
11260,0,0,492,-1,0,0,27,0,0,0,0
11264,0,0,493,-1,0,0,27,0,0,0,0
11268,0,0,493,-1,0,0,28,0,0,0,0
11272,0,0,493,-1,0,0,29,0,0,0,0
11276,0,0,493,-1,0,0,29,0,0,0,0
11280,0,0,493,-1,0,0,29,0,0,0,0
11284,0,0,493,-1,0,0,30,0,0,0,0
11288,0,0,493,-1,0,0,30,0,0,0,0
11292,0,0,493,-1,0,0,30,0,0,0,0
11296,0,0,493,-1,0,0,31,0,0,0,0
11300,0,0,492,-1,0,0,30,0,0,0,0
11304,0,0,492,-1,0,0,30,0,0,0,0
11308,0,0,492,-1,0,0,30,0,0,0,0
11312,0,0,492,-1,0,0,29,0,0,0,0
,,,,,,,,,,,
